config,seed,epoch,rho
full_all,42,0,0.9554530027115422
full_all,42,1,0.8554378886072304
full_all,42,2,1.0283154210740846
full_all,42,3,0.9054157268427485
full_all,42,4,0.8563553441757809
full_all,42,5,0.7688270137454752
full_all,42,6,0.8973117686358916
full_all,42,7,1.041787127562279
full_all,42,8,1.0248166728663535
full_all,42,9,0.8489026468204681
full_all,42,10,0.8384867672195817
full_all,42,11,0.6883366312917778
full_all,42,12,0.8525249366606886
full_all,42,13,0.762747781405557
full_all,42,14,0.824947281735265
full_all,42,15,0.9171643208991759
full_all,42,16,0.9881626990158439
full_all,42,17,0.8936733531453229
full_all,42,18,0.7635713616405615
full_all,42,19,0.7865498840146002
full_all,42,20,0.7404085323829721
full_all,43,0,1.0481902796011795
full_all,43,1,0.9147482283305539
full_all,43,2,0.9840384629277215
full_all,43,3,0.9547712857164183
full_all,43,4,0.8380691962251623
full_all,43,5,0.9349176949542078
full_all,43,6,0.8577529864805353
full_all,43,7,0.8992784205401538
full_all,43,8,0.817916428485086
full_all,43,9,0.7882077185219877
full_all,43,10,0.9158363317486178
full_all,43,11,0.7842106711867924
full_all,43,12,0.5779796060121547
full_all,43,13,0.7600843410914484
full_all,43,14,0.8723244783427736
full_all,43,15,0.7606260424443796
full_all,43,16,0.8351664645969825
full_all,43,17,0.7739768239016827
full_all,43,18,0.9182825983638001
full_all,43,19,0.8837362904035526
full_all,43,20,0.6680057816860044
full_all,43,21,0.7876500103571596
full_all,43,22,0.5985251983250262
full_all,43,23,0.7803279863600168
full_all,44,0,1.0390295046535865
full_all,44,1,1.0334257554541662
full_all,44,2,0.8807308982484738
full_all,44,3,0.7847701846530222
full_all,44,4,0.7100850638384448
full_all,44,5,0.796267905715737
full_all,44,6,0.8211027713452054
full_all,44,7,1.0740211216636242
full_all,44,8,0.7167830717351328
full_all,44,9,0.7573088379109096
full_all,44,10,0.7256097088812918
full_all,44,11,0.5996583467633924
full_all,44,12,0.6462528884365184
full_all,44,13,0.7393956006512604
full_all,44,14,0.6876219783267492
full_all,44,15,0.769217339259204
full_all,44,16,0.9057044290159255
full_all,44,17,0.8774458130103671
full_all,44,18,0.8593997586222977
full_all,44,19,0.8569896597518805
full_all,44,20,0.7722005930418255
full_all,44,21,0.7536252961266774
full_all,44,22,0.7698686949412036
full_all,44,23,0.7723511129055021
full_all,44,24,0.6862801142918202
full_all,44,25,0.6821956870963803
full_all,44,26,0.7806521379768694
full_all,44,27,0.8130673424295674
full_all,44,28,0.7064813876501003
full_all,44,29,0.7049692058133952
full_all,45,0,0.9658337860583894
full_all,45,1,1.0529181097325244
full_all,45,2,1.0907582117253423
full_all,45,3,0.9891916942952469
full_all,45,4,0.9584015175122229
full_all,45,5,1.027468431421027
full_all,45,6,1.0281381824298221
full_all,45,7,0.9902628016353554
full_all,45,8,0.916147197863041
full_all,45,9,1.0198712656916284
full_all,45,10,1.0331338546716728
full_all,45,11,0.7640685748461213
full_all,45,12,0.8501797203809327
full_all,45,13,0.8318628333514148
full_all,45,14,0.9081014982372744
full_all,45,15,0.90276355598836
full_all,45,16,1.023578761998654
full_all,45,17,0.7583236218170153
full_all,45,18,1.1797675408488963
full_all,45,19,1.0474291517042404
full_all,45,20,0.8667045508137297
full_all,45,21,0.8475067958826099
full_all,45,22,1.038273080180057
full_all,45,23,1.0997560928615926
full_all,46,0,1.0522411464551098
full_all,46,1,0.886680713762283
full_all,46,2,0.9196483142295888
full_all,46,3,1.0015519673530666
full_all,46,4,0.8385652903713003
full_all,46,5,0.9775206477248206
full_all,46,6,1.0529174567651234
full_all,46,7,0.9175193831078785
full_all,46,8,0.9351595236425487
full_all,46,9,0.830326119631585
full_all,46,10,0.8076377830514192
full_all,46,11,0.964527561219095
full_all,46,12,0.7212296811682983
full_all,46,13,0.894772207432424
full_all,46,14,0.80984306461658
full_all,46,15,0.9652940341890694
full_all,46,16,0.8197823752687852
full_all,46,17,0.7876482372559672
full_all,46,18,0.809866309239551
full_all,46,19,0.8974138549586481
full_all,46,20,0.7923788651151413
full_all,47,0,0.9002187006537958
full_all,47,1,0.958485921554117
full_all,47,2,0.798085718928804
full_all,47,3,0.7898620465282733
full_all,47,4,1.0360392608369273
full_all,47,5,0.9702123413527869
full_all,47,6,1.062303640172221
full_all,47,7,1.031618702438589
full_all,47,8,0.8932970020399957
full_all,47,9,0.871841982448959
full_all,47,10,0.7991538867002353
full_all,47,11,0.803327712397773
full_all,47,12,0.8044157635834743
full_all,47,13,0.8184298111435531
full_all,47,14,0.7886185119314311
full_all,47,15,0.7373295052356833
full_all,47,16,0.74859029953684
full_all,47,17,0.71460900867973
full_all,47,18,0.9759119333056885
full_all,47,19,0.9389632687707308
full_all,47,20,0.9867432735674362
full_all,47,21,1.07971236007567
full_all,48,0,1.0138692054192835
full_all,48,1,0.9433842169831668
full_all,48,2,0.8920281875838733
full_all,48,3,0.7031445494330371
full_all,48,4,0.7142265366675934
full_all,48,5,1.036359224749782
full_all,48,6,1.0172432836743242
full_all,48,7,0.9105410747851126
full_all,48,8,0.8740393058522302
full_all,48,9,1.05040805901758
full_all,48,10,0.9577102952848164
full_all,48,11,0.8819953605928292
full_all,48,12,0.871367796352899
full_all,48,13,0.8833702874469994
full_all,48,14,0.7593325446208656
full_all,48,15,0.6390288735768063
full_all,48,16,0.9250466669066892
full_all,48,17,0.7897737009115415
full_all,48,18,1.0199167976617995
full_all,48,19,0.710805031065242
full_all,48,20,0.8529624067779279
full_all,48,21,0.9558059420290014
full_all,48,22,0.8162186639363285
full_all,48,23,0.8458610668346029
full_all,48,24,0.7081523605213147
full_all,48,25,0.755482467471088
full_all,49,0,0.8762487789689904
full_all,49,1,0.9721197236989529
full_all,49,2,0.9388641561411086
full_all,49,3,0.8080816369871631
full_all,49,4,0.7695351558761718
full_all,49,5,0.9636678109306247
full_all,49,6,0.9909534524449898
full_all,49,7,0.9906885109100599
full_all,49,8,0.7099063444820191
full_all,49,9,0.8038102433681273
full_all,49,10,0.8330903158417411
full_all,49,11,0.7732979619060745
full_all,49,12,0.8219255190647486
full_all,49,13,0.8784615205147249
full_all,49,14,0.9347313834121549
full_all,49,15,1.0050225204630574
full_all,49,16,0.8962132599023731
full_all,50,0,0.9654937874711227
full_all,50,1,1.0100857713301203
full_all,50,2,0.841727442913742
full_all,50,3,0.9521182888907964
full_all,50,4,0.9148524091836479
full_all,50,5,1.2000006490612967
full_all,50,6,1.215922194687288
full_all,50,7,0.9541741322234639
full_all,50,8,0.8390425307801366
full_all,50,9,1.190273083573744
full_all,50,10,1.0153317454702517
full_all,50,11,0.9038316619633158
full_all,50,12,0.9169654499034929
full_all,50,13,0.9021917093213669
full_all,50,14,0.9513741376039337
full_all,50,15,0.9144678423442798
full_all,51,0,1.2213251289707212
full_all,51,1,1.261162125577222
full_all,51,2,1.2903237165471757
full_all,51,3,1.1591398616513147
full_all,51,4,1.2583909724768034
full_all,51,5,1.0359901471923951
full_all,51,6,1.0748588237970633
full_all,51,7,1.2609132730464399
full_all,51,8,1.1699226514825505
full_all,51,9,0.8089757653645406
full_all,51,10,0.8148551549167913
full_all,51,11,0.8480185842135359
full_all,51,12,0.9415429841485371
full_all,51,13,0.9421073230033852
full_all,51,14,0.7761802176563496
full_all,51,15,0.8026150137785562
full_fixed_class,42,0,3.5484801379625237
full_fixed_class,42,1,1.7367752365511555
full_fixed_class,42,2,1.3468915872310228
full_fixed_class,42,3,1.391078731768577
full_fixed_class,42,4,1.5720636808410227
full_fixed_class,42,5,1.1536233218279865
full_fixed_class,42,6,0.6620334743223057
full_fixed_class,42,7,0.38907508340650765
full_fixed_class,42,8,0.5722755184996873
full_fixed_class,42,9,0.5743108634420768
full_fixed_class,42,10,0.29122644994444763
full_fixed_class,42,11,0.37990690283923323
full_fixed_class,42,12,0.397466350198656
full_fixed_class,42,13,0.300929735038456
full_fixed_class,42,14,0.3389267979014059
full_fixed_class,42,15,0.3688582744609614
full_fixed_class,42,16,0.40104317577769766
full_fixed_class,42,17,0.5692913896081176
full_fixed_class,42,18,0.769175745322672
full_fixed_class,42,19,0.9264348113089147
full_fixed_class,42,20,0.7218365809454856
full_fixed_class,42,21,0.6277583746931263
full_fixed_class,42,22,0.46745435105989874
full_fixed_class,42,23,0.5642373181176125
full_fixed_class,42,24,0.5668645153799012
full_fixed_class,42,25,0.4674158429398866
full_fixed_class,42,26,0.5111028252159561
full_fixed_class,43,0,3.6502582444907277
full_fixed_class,43,1,2.3196539218351404
full_fixed_class,43,2,2.582444150000815
full_fixed_class,43,3,1.8397861978095238
full_fixed_class,43,4,1.2314904199093584
full_fixed_class,43,5,1.1735679985685237
full_fixed_class,43,6,0.9175243488731809
full_fixed_class,43,7,0.738716638223026
full_fixed_class,43,8,0.7841353319538718
full_fixed_class,43,9,0.6392899062037862
full_fixed_class,43,10,0.7526434459319651
full_fixed_class,43,11,0.7369732950908523
full_fixed_class,43,12,0.7997216127312057
full_fixed_class,43,13,0.5841233445687501
full_fixed_class,43,14,0.6609261326532385
full_fixed_class,43,15,0.6168108804805545
full_fixed_class,43,16,0.5060512932456396
full_fixed_class,43,17,0.8314304244475565
full_fixed_class,43,18,0.5806464732231393
full_fixed_class,43,19,0.5619928040614341
full_fixed_class,43,20,0.5999693426737381
full_fixed_class,43,21,0.7533343724090564
full_fixed_class,43,22,0.5340579976807056
full_fixed_class,43,23,0.5528421943593068
full_fixed_class,43,24,0.5763183644223902
full_fixed_class,43,25,0.5561928420527795
full_fixed_class,43,26,0.7723688602066998
full_fixed_class,44,0,3.45261558443657
full_fixed_class,44,1,2.0509067951586477
full_fixed_class,44,2,2.105200216436752
full_fixed_class,44,3,0.9331381291218872
full_fixed_class,44,4,0.8462797238952083
full_fixed_class,44,5,0.730747920003278
full_fixed_class,44,6,1.017312417139626
full_fixed_class,44,7,0.7970014602309268
full_fixed_class,44,8,0.7893066360346841
full_fixed_class,44,9,0.758233121632272
full_fixed_class,44,10,0.6591599450881065
full_fixed_class,44,11,0.5682625503138987
full_fixed_class,44,12,0.7348219168071539
full_fixed_class,44,13,0.6552019652206034
full_fixed_class,44,14,0.4709886110123681
full_fixed_class,44,15,0.48160748215555593
full_fixed_class,44,16,0.39849608700769074
full_fixed_class,44,17,0.9441476554544666
full_fixed_class,44,18,0.5394365628473776
full_fixed_class,44,19,0.47015778058790825
full_fixed_class,44,20,0.6194972119461377
full_fixed_class,44,21,0.617866561450938
full_fixed_class,44,22,0.6656591792088237
full_fixed_class,45,0,3.680093372138292
full_fixed_class,45,1,2.549994566396319
full_fixed_class,45,2,2.6651656803200368
full_fixed_class,45,3,1.7446458828216365
full_fixed_class,45,4,1.6312522031465915
full_fixed_class,45,5,1.147963818537637
full_fixed_class,45,6,0.9107318121907959
full_fixed_class,45,7,0.7582487226218038
full_fixed_class,45,8,1.029426480425443
full_fixed_class,45,9,0.6477738175683071
full_fixed_class,45,10,0.7381077379467258
full_fixed_class,45,11,0.9784884107668175
full_fixed_class,45,12,0.7587492338311695
full_fixed_class,45,13,0.5137501900043084
full_fixed_class,45,14,0.5639140981698211
full_fixed_class,45,15,0.5174136462649727
full_fixed_class,45,16,0.5610235584029166
full_fixed_class,45,17,0.6295190599696079
full_fixed_class,45,18,0.888999578206473
full_fixed_class,46,0,3.467206791162221
full_fixed_class,46,1,2.454367335336646
full_fixed_class,46,2,1.52324897492168
full_fixed_class,46,3,1.1629362621367147
full_fixed_class,46,4,1.4665934052416676
full_fixed_class,46,5,0.9996634967523885
full_fixed_class,46,6,0.7269758205431017
full_fixed_class,46,7,1.0803309511978818
full_fixed_class,46,8,1.044695174634097
full_fixed_class,46,9,0.6386020345934511
full_fixed_class,46,10,0.41867593805458275
full_fixed_class,46,11,0.4178324842784219
full_fixed_class,46,12,0.6170451032839381
full_fixed_class,46,13,0.49213718868940715
full_fixed_class,46,14,0.46643670260860837
full_fixed_class,46,15,0.37120932762892234
full_fixed_class,46,16,0.3225926706849292
full_fixed_class,46,17,0.5153173156232348
full_fixed_class,46,18,0.4918447330068104
full_fixed_class,46,19,0.4433672770038306
full_fixed_class,46,20,0.5227915011885718
full_fixed_class,46,21,0.5692991015167306
full_fixed_class,46,22,0.5451518667978859
full_fixed_class,46,23,0.6264241911837454
full_fixed_class,46,24,0.7640364882892798
full_fixed_class,46,25,0.5390431583988297
full_fixed_class,46,26,0.4994725573263694
full_fixed_class,47,0,3.7092897102459803
full_fixed_class,47,1,2.6889173601386345
full_fixed_class,47,2,2.348449164801849
full_fixed_class,47,3,2.2594242324864338
full_fixed_class,47,4,1.4951825267035628
full_fixed_class,47,5,1.5029972070448128
full_fixed_class,47,6,1.5613267636551043
full_fixed_class,47,7,1.0661160432088843
full_fixed_class,47,8,1.1970860901636615
full_fixed_class,47,9,1.2845030528152854
full_fixed_class,47,10,0.7344291597419238
full_fixed_class,47,11,0.8474165516459202
full_fixed_class,47,12,0.9697683281412335
full_fixed_class,47,13,1.118483279204204
full_fixed_class,47,14,0.677653771283299
full_fixed_class,47,15,0.9802299431417072
full_fixed_class,47,16,0.9989616067040592
full_fixed_class,47,17,1.2012591756924924
full_fixed_class,47,18,1.2240288793775735
full_fixed_class,47,19,0.8716864100771273
full_fixed_class,47,20,0.9436130428851086
full_fixed_class,47,21,0.9501395030434406
full_fixed_class,47,22,0.8978873733669883
full_fixed_class,47,23,0.6658829210804628
full_fixed_class,47,24,0.7479864578997755
full_fixed_class,47,25,0.7644542851983378
full_fixed_class,47,26,0.7301666483496048
full_fixed_class,48,0,3.0013451925162373
full_fixed_class,48,1,2.116743674239013
full_fixed_class,48,2,2.3707584409693565
full_fixed_class,48,3,1.4191655756603223
full_fixed_class,48,4,1.456993404899788
full_fixed_class,48,5,1.6562451179566908
full_fixed_class,48,6,0.862934291880919
full_fixed_class,48,7,0.5771879527048852
full_fixed_class,48,8,0.691719627005019
full_fixed_class,48,9,0.4112569899661122
full_fixed_class,48,10,0.49361391522426806
full_fixed_class,48,11,0.6743982067087226
full_fixed_class,48,12,0.8387375280619
full_fixed_class,48,13,0.39890518429534283
full_fixed_class,48,14,0.4675201534772458
full_fixed_class,48,15,0.423114443398633
full_fixed_class,48,16,0.4313001825975279
full_fixed_class,48,17,0.778221493844182
full_fixed_class,48,18,0.53998932008903
full_fixed_class,48,19,0.6454651715403213
full_fixed_class,48,20,0.5466463466837762
full_fixed_class,48,21,0.616335638219873
full_fixed_class,48,22,0.676797426174693
full_fixed_class,48,23,0.9580453978920406
full_fixed_class,48,24,1.0352640159722508
full_fixed_class,48,25,0.6526132566757967
full_fixed_class,48,26,0.5423305292770925
full_fixed_class,49,0,3.218108708083145
full_fixed_class,49,1,2.3341184252377345
full_fixed_class,49,2,1.6532130257458562
full_fixed_class,49,3,1.4671741850281783
full_fixed_class,49,4,1.3135716968427893
full_fixed_class,49,5,1.2529752649036212
full_fixed_class,49,6,1.3691526445664253
full_fixed_class,49,7,1.2133512650724312
full_fixed_class,49,8,1.0707469872820672
full_fixed_class,49,9,1.0060522184367025
full_fixed_class,49,10,0.8138626077918787
full_fixed_class,49,11,0.7574869099511945
full_fixed_class,49,12,0.7995603138383727
full_fixed_class,50,0,3.296494252074712
full_fixed_class,50,1,2.0441112525901155
full_fixed_class,50,2,2.112536225106634
full_fixed_class,50,3,2.04012412782606
full_fixed_class,50,4,1.5965264561486872
full_fixed_class,50,5,1.3336110012091669
full_fixed_class,50,6,0.628349769698929
full_fixed_class,50,7,1.4032922869597795
full_fixed_class,50,8,1.2278215525592993
full_fixed_class,50,9,0.6941463302881208
full_fixed_class,50,10,0.42791473530708357
full_fixed_class,50,11,0.6044959581815534
full_fixed_class,50,12,0.7063608195827598
full_fixed_class,51,0,3.8567031396963207
full_fixed_class,51,1,2.549374477122785
full_fixed_class,51,2,2.4283625002350644
full_fixed_class,51,3,2.146986987503981
full_fixed_class,51,4,1.8011559468866516
full_fixed_class,51,5,1.1085551245656449
full_fixed_class,51,6,0.8009220383842579
full_fixed_class,51,7,0.7818259599827588
full_fixed_class,51,8,0.9004533579252585
full_fixed_class,51,9,0.8135467003978671
full_fixed_class,51,10,0.7592771802107254
full_fixed_class,51,11,0.8935069738796604
full_fixed_class,51,12,1.1104523688407668
full_fixed_class,51,13,0.7786887744854113
full_fixed_class,51,14,0.7626389980709862
full_fixed_class,51,15,0.5691107327242738
full_fixed_class,51,16,0.4378870174531128
full_fixed_global,42,0,3.5189756939788497
full_fixed_global,42,1,2.2810390391440145
full_fixed_global,42,2,1.7738682948235744
full_fixed_global,42,3,1.6997492086292016
full_fixed_global,42,4,1.4848799694272534
full_fixed_global,42,5,1.4855583173301246
full_fixed_global,42,6,1.9153396771380495
full_fixed_global,42,7,2.0122603504768115
full_fixed_global,42,8,1.8757526228622128
full_fixed_global,42,9,1.8234907145542958
full_fixed_global,42,10,1.1034199540310814
full_fixed_global,42,11,1.3063635237204796
full_fixed_global,42,12,1.4578517498374652
full_fixed_global,42,13,1.5072956808819327
full_fixed_global,42,14,1.4492297831653507
full_fixed_global,43,0,4.18636633367499
full_fixed_global,43,1,3.396817405662346
full_fixed_global,43,2,2.499855219171488
full_fixed_global,43,3,1.9495122133996736
full_fixed_global,43,4,1.5601159331044205
full_fixed_global,43,5,1.7203605784582077
full_fixed_global,43,6,1.4094423749983436
full_fixed_global,43,7,1.7445295933386062
full_fixed_global,43,8,1.4102695567914498
full_fixed_global,43,9,1.9566908911874012
full_fixed_global,43,10,1.267842633208665
full_fixed_global,43,11,1.5690164110619893
full_fixed_global,43,12,1.3726490267671716
full_fixed_global,43,13,1.5149626019769937
full_fixed_global,43,14,1.0777196082231806
full_fixed_global,43,15,1.5901128933883526
full_fixed_global,43,16,1.2075621079453718
full_fixed_global,44,0,3.682963578620057
full_fixed_global,44,1,1.9606669120419242
full_fixed_global,44,2,2.037761162573277
full_fixed_global,44,3,1.8313996159002432
full_fixed_global,44,4,1.8418216648146863
full_fixed_global,44,5,1.6839999074944902
full_fixed_global,44,6,2.1280530227095764
full_fixed_global,44,7,1.5154687393200257
full_fixed_global,44,8,1.3767499645719947
full_fixed_global,44,9,1.4004573537471674
full_fixed_global,44,10,1.6521412813558278
full_fixed_global,44,11,1.5406034472633423
full_fixed_global,44,12,1.7903146694020906
full_fixed_global,45,0,3.6105191726523236
full_fixed_global,45,1,2.0254018102872715
full_fixed_global,45,2,1.8725066209606196
full_fixed_global,45,3,2.1188644288595584
full_fixed_global,45,4,1.6369376799246615
full_fixed_global,45,5,1.9662554961045715
full_fixed_global,45,6,2.0396246226657633
full_fixed_global,45,7,2.497862021275628
full_fixed_global,45,8,2.594391791664331
full_fixed_global,45,9,1.976218937379115
full_fixed_global,45,10,2.1657737052801354
full_fixed_global,45,11,2.3258949474331496
full_fixed_global,45,12,1.8916371307875433
full_fixed_global,45,13,1.3313168401106061
full_fixed_global,45,14,1.6008089606923328
full_fixed_global,45,15,1.3913618604849287
full_fixed_global,45,16,1.2877217267696448
full_fixed_global,45,17,1.4007769996645767
full_fixed_global,46,0,3.7039362481515146
full_fixed_global,46,1,2.7162046296258877
full_fixed_global,46,2,2.2601288539368642
full_fixed_global,46,3,1.374346419770832
full_fixed_global,46,4,2.372656058926536
full_fixed_global,46,5,2.2846673967328845
full_fixed_global,46,6,2.0176693473664677
full_fixed_global,46,7,2.264058004327234
full_fixed_global,46,8,2.356683157520396
full_fixed_global,46,9,2.0001360855258667
full_fixed_global,46,10,1.5984754454831203
full_fixed_global,46,11,1.7639501935489426
full_fixed_global,46,12,1.9645856598779476
full_fixed_global,46,13,2.2831203996748126
full_fixed_global,46,14,2.398530934729638
full_fixed_global,46,15,2.2503231756061184
full_fixed_global,46,16,2.121080487064872
full_fixed_global,46,17,2.0324342205505106
full_fixed_global,46,18,2.0335880460069604
full_fixed_global,46,19,2.0842180048148315
full_fixed_global,46,20,2.0045315317367116
full_fixed_global,46,21,2.4031822658912443
full_fixed_global,46,22,2.1704918807188838
full_fixed_global,47,0,3.8992503341108944
full_fixed_global,47,1,3.125840010186752
full_fixed_global,47,2,2.930537288702031
full_fixed_global,47,3,1.804522624740494
full_fixed_global,47,4,2.419103643030938
full_fixed_global,47,5,2.589774710418967
full_fixed_global,47,6,2.07633058995991
full_fixed_global,47,7,2.163109591957423
full_fixed_global,47,8,1.6538978580060253
full_fixed_global,47,9,1.898484473932834
full_fixed_global,47,10,1.6889539140267933
full_fixed_global,47,11,1.5032568186971713
full_fixed_global,47,12,1.9758147094348328
full_fixed_global,47,13,2.128260323859849
full_fixed_global,47,14,1.9788925414768932
full_fixed_global,47,15,1.900023511645346
full_fixed_global,47,16,1.704811211867754
full_fixed_global,47,17,1.3186456333352194
full_fixed_global,47,18,1.3823460543974773
full_fixed_global,47,19,1.8429075752911948
full_fixed_global,47,20,1.55826122440578
full_fixed_global,47,21,1.578413283994361
full_fixed_global,48,0,4.154784803874655
full_fixed_global,48,1,2.0706636868998833
full_fixed_global,48,2,1.8752982226413895
full_fixed_global,48,3,2.0912216612636416
full_fixed_global,48,4,2.061379367767054
full_fixed_global,48,5,1.7825440859711414
full_fixed_global,48,6,1.943137061730008
full_fixed_global,48,7,2.4343219455079668
full_fixed_global,48,8,2.399910621211177
full_fixed_global,48,9,2.1639776201765297
full_fixed_global,48,10,2.06984709159458
full_fixed_global,48,11,2.1060160867883617
full_fixed_global,48,12,1.8135697766392016
full_fixed_global,48,13,1.5645891858377161
full_fixed_global,48,14,2.339101898137322
full_fixed_global,48,15,2.0574744788674355
full_fixed_global,48,16,1.699138048856008
full_fixed_global,49,0,3.8983715518124527
full_fixed_global,49,1,2.171754525932434
full_fixed_global,49,2,1.829757807384789
full_fixed_global,49,3,1.566155432736061
full_fixed_global,49,4,1.1427688536482674
full_fixed_global,49,5,1.4252674748037106
full_fixed_global,49,6,1.8391975965060543
full_fixed_global,49,7,1.8284764716688877
full_fixed_global,49,8,2.069756386856624
full_fixed_global,49,9,1.9660510753635747
full_fixed_global,49,10,1.8935729132683972
full_fixed_global,49,11,2.329104980322373
full_fixed_global,49,12,2.144321475401628
full_fixed_global,49,13,2.0235597984063984
full_fixed_global,49,14,1.8670289956366721
full_fixed_global,49,15,1.7182649550012883
full_fixed_global,49,16,1.7313788719177023
full_fixed_global,49,17,1.7639104554588756
full_fixed_global,49,18,1.932053118228119
full_fixed_global,49,19,2.24551260134966
full_fixed_global,49,20,2.0426022332016975
full_fixed_global,49,21,1.4978867481426372
full_fixed_global,49,22,1.6117596099887819
full_fixed_global,49,23,1.6697152603656717
full_fixed_global,49,24,2.0195565981631427
full_fixed_global,49,25,1.6783770280379056
full_fixed_global,49,26,1.6032340375066214
full_fixed_global,50,0,3.802420633044604
full_fixed_global,50,1,2.0019217696006972
full_fixed_global,50,2,2.262984351163608
full_fixed_global,50,3,1.9590438473971612
full_fixed_global,50,4,1.8406153355269863
full_fixed_global,50,5,2.3860695097638827
full_fixed_global,50,6,2.9317692060265577
full_fixed_global,50,7,2.1322525311949283
full_fixed_global,50,8,1.9280020165148932
full_fixed_global,50,9,2.0088979592119793
full_fixed_global,50,10,1.4222117982350728
full_fixed_global,50,11,1.4424740552057669
full_fixed_global,50,12,1.5714575712587986
full_fixed_global,50,13,1.813656541100975
full_fixed_global,50,14,2.0069386472803323
full_fixed_global,50,15,1.4504947427659614
full_fixed_global,50,16,1.5619016556228522
full_fixed_global,50,17,1.6340304831859842
full_fixed_global,50,18,1.6234693591061473
full_fixed_global,50,19,1.3736633792716115
full_fixed_global,50,20,1.7721248105721008
full_fixed_global,50,21,1.5396825834900785
full_fixed_global,50,22,1.6440375594882226
full_fixed_global,50,23,1.8458069934466201
full_fixed_global,50,24,2.1333112358360737
full_fixed_global,50,25,1.9391354511280148
full_fixed_global,50,26,1.4856345084128342
full_fixed_global,50,27,1.6814050337256798
full_fixed_global,50,28,1.6335787492420186
full_fixed_global,50,29,1.4321375933975333
full_fixed_global,50,30,1.319343902899216
full_fixed_global,50,31,1.6942122190056719
full_fixed_global,50,32,1.5351980620573613
full_fixed_global,50,33,2.0537359014847603
full_fixed_global,50,34,1.9515820533165595
full_fixed_global,50,35,1.903300540581412
full_fixed_global,51,0,4.199490999109136
full_fixed_global,51,1,4.0718785986165695
full_fixed_global,51,2,2.1232386877204323
full_fixed_global,51,3,2.132612821998601
full_fixed_global,51,4,2.428457170816259
full_fixed_global,51,5,2.067446749810034
full_fixed_global,51,6,2.4187132678001633
full_fixed_global,51,7,2.590893606515663
full_fixed_global,51,8,2.223660054572163
full_fixed_global,51,9,2.3305597929161763
full_fixed_global,51,10,1.812249447202063
full_fixed_global,51,11,2.5980956786600102
full_fixed_global,51,12,2.1929354618391237
full_fixed_global,51,13,1.9985868610275368
full_fixed_global,51,14,1.9954502442682256
full_fixed_global,51,15,2.1740800625278025
full_fixed_global,51,16,1.5686957711105314
full_fixed_global,51,17,1.2942145395165454
full_fixed_global,51,18,1.67675782709765
full_fixed_global,51,19,2.0439188201131877
full_fixed_global,51,20,1.93832891887731
full_fixed_global,51,21,2.4429865160960356
full_fixed_global,51,22,2.265174012426466
full_fixed_global,51,23,2.0259321452842016
full_fixed_global,51,24,2.1338731634244885
full_fixed_global,51,25,1.8906562614820954
full_r1_r2_r3,42,0,1.0420407237141671
full_r1_r2_r3,42,1,0.9893610598868695
full_r1_r2_r3,42,2,0.8526580600879092
full_r1_r2_r3,42,3,0.8751051292329073
full_r1_r2_r3,42,4,0.7456523245523665
full_r1_r2_r3,42,5,0.7480427845165509
full_r1_r2_r3,42,6,0.7826685597869112
full_r1_r2_r3,42,7,0.860557580804187
full_r1_r2_r3,42,8,0.7680574533668878
full_r1_r2_r3,42,9,0.7849210642572294
full_r1_r2_r3,42,10,0.7756788292857826
full_r1_r2_r3,42,11,0.7931473137309113
full_r1_r2_r3,42,12,0.8272489172382358
full_r1_r2_r3,42,13,0.7688386792058659
full_r1_r2_r3,42,14,0.6775818198842466
full_r1_r2_r3,42,15,0.8225106707346508
full_r1_r2_r3,42,16,0.7795756027160747
full_r1_r2_r3,42,17,0.5825226252629401
full_r1_r2_r3,42,18,0.8716366363906698
full_r1_r2_r3,42,19,0.6076927823804943
full_r1_r2_r3,42,20,0.5859347661597243
full_r1_r2_r3,42,21,0.7033199921384508
full_r1_r2_r3,42,22,0.8142186664123191
full_r1_r2_r3,43,0,1.0917513562663061
full_r1_r2_r3,43,1,0.932596755941641
full_r1_r2_r3,43,2,0.9970930456013667
full_r1_r2_r3,43,3,1.118375752514626
full_r1_r2_r3,43,4,0.9204845928289006
full_r1_r2_r3,43,5,0.7445076294858323
full_r1_r2_r3,43,6,0.8975892900786022
full_r1_r2_r3,43,7,0.99954494600797
full_r1_r2_r3,43,8,0.7070707582914623
full_r1_r2_r3,43,9,0.8971066405491607
full_r1_r2_r3,43,10,0.8330894219916096
full_r1_r2_r3,43,11,0.7827979978847154
full_r1_r2_r3,43,12,0.7045192616247596
full_r1_r2_r3,43,13,0.6658466656686015
full_r1_r2_r3,43,14,0.8138934823265289
full_r1_r2_r3,43,15,0.7872117219862513
full_r1_r2_r3,43,16,0.9458379283018097
full_r1_r2_r3,44,0,0.9553131109155079
full_r1_r2_r3,44,1,0.997491740797857
full_r1_r2_r3,44,2,0.8651807551712627
full_r1_r2_r3,44,3,0.9736275338781024
full_r1_r2_r3,44,4,0.769311131889284
full_r1_r2_r3,44,5,0.7625358640295499
full_r1_r2_r3,44,6,0.8216549399860986
full_r1_r2_r3,44,7,1.043171359994538
full_r1_r2_r3,44,8,1.03208939385885
full_r1_r2_r3,44,9,0.8213019465104427
full_r1_r2_r3,44,10,0.8192945582171416
full_r1_r2_r3,44,11,0.5864114434880137
full_r1_r2_r3,45,0,1.0989838517911812
full_r1_r2_r3,45,1,0.9791233232626795
full_r1_r2_r3,45,2,1.089220854649978
full_r1_r2_r3,45,3,0.9229507713932241
full_r1_r2_r3,45,4,0.980488431645063
full_r1_r2_r3,45,5,1.008684779417642
full_r1_r2_r3,45,6,0.8267768279769607
full_r1_r2_r3,45,7,1.016080368388839
full_r1_r2_r3,45,8,0.8474846915248675
full_r1_r2_r3,45,9,0.9990185073342491
full_r1_r2_r3,45,10,0.838048437120301
full_r1_r2_r3,45,11,0.9086078242123783
full_r1_r2_r3,45,12,0.8044268185832225
full_r1_r2_r3,45,13,0.9828612306379507
full_r1_r2_r3,45,14,0.796008057052173
full_r1_r2_r3,45,15,0.7794484442678136
full_r1_r2_r3,45,16,0.8633785053824299
full_r1_r2_r3,45,17,0.9388303724452121
full_r1_r2_r3,45,18,0.8708240581483211
full_r1_r2_r3,45,19,0.9909091829798691
full_r1_r2_r3,45,20,0.8604692255453454
full_r1_r2_r3,45,21,0.7834424513971583
full_r1_r2_r3,45,22,0.7517757230565268
full_r1_r2_r3,45,23,0.888719248194305
full_r1_r2_r3,45,24,0.783381072141959
full_r1_r2_r3,45,25,0.8270271130239366
full_r1_r2_r3,45,26,0.8868119828614247
full_r1_r2_r3,45,27,0.8103652792079101
full_r1_r2_r3,45,28,0.5131146730086928
full_r1_r2_r3,45,29,0.7512822438417845
full_r1_r2_r3,45,30,0.876335094896001
full_r1_r2_r3,45,31,0.9954397112296625
full_r1_r2_r3,46,0,0.8992554999288617
full_r1_r2_r3,46,1,1.1883251619863833
full_r1_r2_r3,46,2,0.7618196687941012
full_r1_r2_r3,46,3,1.0572006385612218
full_r1_r2_r3,46,4,0.7817859251758799
full_r1_r2_r3,46,5,0.7611305867632319
full_r1_r2_r3,46,6,0.9512124726491413
full_r1_r2_r3,46,7,0.9567296017113999
full_r1_r2_r3,46,8,0.8051570114379728
full_r1_r2_r3,46,9,0.9053245333927367
full_r1_r2_r3,46,10,0.6106373545710838
full_r1_r2_r3,46,11,0.6264057176538593
full_r1_r2_r3,46,12,0.610186547137913
full_r1_r2_r3,46,13,0.7664611764081959
full_r1_r2_r3,46,14,0.5833570161730619
full_r1_r2_r3,46,15,0.719193635101391
full_r1_r2_r3,46,16,0.9116662730174474
full_r1_r2_r3,46,17,0.5570552194527586
full_r1_r2_r3,46,18,0.7576723824178071
full_r1_r2_r3,46,19,0.6914373472043607
full_r1_r2_r3,46,20,0.5773701524354717
full_r1_r2_r3,47,0,0.8916956347112257
full_r1_r2_r3,47,1,0.8045389102831024
full_r1_r2_r3,47,2,0.982088046464088
full_r1_r2_r3,47,3,0.9684515660251927
full_r1_r2_r3,47,4,0.8038266085601051
full_r1_r2_r3,47,5,0.8728164751576133
full_r1_r2_r3,47,6,0.9199581558542451
full_r1_r2_r3,47,7,1.0900178012383945
full_r1_r2_r3,47,8,0.980403446851696
full_r1_r2_r3,47,9,0.8236565116749177
full_r1_r2_r3,47,10,0.9357790016135268
full_r1_r2_r3,47,11,0.8926254819109025
full_r1_r2_r3,47,12,0.8251101354729268
full_r1_r2_r3,47,13,1.0417352937255133
full_r1_r2_r3,47,14,0.8094456534019188
full_r1_r2_r3,47,15,0.819610582517396
full_r1_r2_r3,47,16,0.9298224014081876
full_r1_r2_r3,47,17,0.8558758895202299
full_r1_r2_r3,47,18,0.9697026536027373
full_r1_r2_r3,47,19,0.7699596758806612
full_r1_r2_r3,47,20,0.7995534055941451
full_r1_r2_r3,47,21,1.1296304479447907
full_r1_r2_r3,47,22,0.7239953518409974
full_r1_r2_r3,47,23,1.0813495892627416
full_r1_r2_r3,47,24,0.7760120762895903
full_r1_r2_r3,47,25,0.5903498764413093
full_r1_r2_r3,47,26,0.7769665417053966
full_r1_r2_r3,47,27,0.9786347822881812
full_r1_r2_r3,47,28,0.5508144876426628
full_r1_r2_r3,48,0,1.1104755811877172
full_r1_r2_r3,48,1,1.149501580504133
full_r1_r2_r3,48,2,1.1195544172193288
full_r1_r2_r3,48,3,0.8686616480396706
full_r1_r2_r3,48,4,0.6804564201332453
full_r1_r2_r3,48,5,0.8109439471471365
full_r1_r2_r3,48,6,0.8559978782109172
full_r1_r2_r3,48,7,0.8666774666828334
full_r1_r2_r3,48,8,0.8609022764110397
full_r1_r2_r3,48,9,0.7694408235898199
full_r1_r2_r3,48,10,0.8657079349369567
full_r1_r2_r3,48,11,0.8241619461832523
full_r1_r2_r3,48,12,0.7057813538696954
full_r1_r2_r3,48,13,0.8478469054023755
full_r1_r2_r3,48,14,0.836010887632318
full_r1_r2_r3,48,15,1.0755528497274547
full_r1_r2_r3,48,16,1.0194710843223591
full_r1_r2_r3,48,17,0.8874982869261883
full_r1_r2_r3,48,18,0.9847932085498987
full_r1_r2_r3,48,19,0.8063007140151258
full_r1_r2_r3,48,20,0.8232010573808568
full_r1_r2_r3,48,21,0.8368405433783845
full_r1_r2_r3,48,22,0.7966170532478023
full_r1_r2_r3,48,23,0.83215744660825
full_r1_r2_r3,48,24,0.8960460946868651
full_r1_r2_r3,48,25,0.7638972426493376
full_r1_r2_r3,48,26,0.9541935996771966
full_r1_r2_r3,48,27,1.0756944197601443
full_r1_r2_r3,48,28,0.8790365124795932
full_r1_r2_r3,48,29,0.9146666930032072
full_r1_r2_r3,48,30,0.9679760078466569
full_r1_r2_r3,48,31,0.7592338232867317
full_r1_r2_r3,48,32,0.8682945095900222
full_r1_r2_r3,49,0,1.0420596419455748
full_r1_r2_r3,49,1,0.9410423869786086
full_r1_r2_r3,49,2,1.0177154704988567
full_r1_r2_r3,49,3,0.8612417704995032
full_r1_r2_r3,49,4,0.7859827780041773
full_r1_r2_r3,49,5,0.8357784134092097
full_r1_r2_r3,49,6,0.791899045037964
full_r1_r2_r3,49,7,0.9921371480846245
full_r1_r2_r3,49,8,0.7875265616952434
full_r1_r2_r3,49,9,1.039260617264537
full_r1_r2_r3,49,10,0.8763980972632875
full_r1_r2_r3,49,11,0.8119458482257802
full_r1_r2_r3,49,12,0.8523348522186638
full_r1_r2_r3,49,13,0.7250741131345356
full_r1_r2_r3,49,14,0.7960541746178929
full_r1_r2_r3,49,15,0.774709250858074
full_r1_r2_r3,49,16,0.8284445022664038
full_r1_r2_r3,49,17,0.6374703370937268
full_r1_r2_r3,50,0,0.9592129444188697
full_r1_r2_r3,50,1,0.7446531991177955
full_r1_r2_r3,50,2,0.7477153151746785
full_r1_r2_r3,50,3,0.9856750668385508
full_r1_r2_r3,50,4,0.9599193546666074
full_r1_r2_r3,50,5,0.8403996406119465
full_r1_r2_r3,50,6,0.8210898640043062
full_r1_r2_r3,50,7,0.9391960482164365
full_r1_r2_r3,50,8,0.8484548526627742
full_r1_r2_r3,50,9,0.7211145613618885
full_r1_r2_r3,50,10,0.907814032195874
full_r1_r2_r3,50,11,0.7931022689122912
full_r1_r2_r3,50,12,0.6413627034873226
full_r1_r2_r3,50,13,0.7665055780585779
full_r1_r2_r3,50,14,0.7815582658247862
full_r1_r2_r3,50,15,0.5532251578683928
full_r1_r2_r3,50,16,0.709269034270478
full_r1_r2_r3,50,17,0.6743546852811682
full_r1_r2_r3,50,18,0.7260012682190372
full_r1_r2_r3,50,19,0.8686866866483602
full_r1_r2_r3,50,20,0.7525365211286281
full_r1_r2_r3,50,21,0.8502785659718917
full_r1_r2_r3,50,22,0.8000037039186101
full_r1_r2_r3,50,23,0.6693019231004116
full_r1_r2_r3,51,0,1.036353834497264
full_r1_r2_r3,51,1,0.983171321466924
full_r1_r2_r3,51,2,0.936492843805281
full_r1_r2_r3,51,3,1.0670088765348884
full_r1_r2_r3,51,4,0.9832074022323006
full_r1_r2_r3,51,5,0.8448976411970142
full_r1_r2_r3,51,6,1.027914684842683
full_r1_r2_r3,51,7,0.8290894833305159
full_r1_r2_r3,51,8,0.6359949962840508
full_r1_r2_r3,51,9,0.7290263041750531
full_r1_r2_r3,51,10,0.8469730515369677
full_r1_r2_r3,51,11,0.759348833651198
full_r1_r2_r3,51,12,0.74256326948685
full_r1_r2_r3,51,13,0.8211627440375768
full_r1_r2_r3,51,14,0.6817204326356037
full_r1_r2_r3,51,15,0.7042972827669973
full_r1_r2_r3,51,16,0.8868301408743455
full_r1_r2_r3,51,17,0.6242532326953261
full_r1_r2_r3,51,18,0.8439536242703581
full_r1_r2_r3,51,19,0.8279314248829236
full_r1_r2_r3,51,20,0.8681476302167805
full_r1_r2_r3,51,21,0.9277608430916819
full_r1_r2_r3,51,22,0.7998945776312202
full_r1_r2_r3,51,23,0.8101996880201694
full_r1_r2_r3,51,24,0.7592750233311487
full_r1_r2_r3,51,25,0.7321939937953897
full_r1_r2_r3,51,26,0.7980917543185204
full_r1_r2_r3,51,27,0.8005930820204292
full_r1_r2_r3,51,28,0.6805311527906246
full_r1_r2_r3,51,29,0.6926695752973024
full_r1_r2_r3,51,30,0.8885981880373004
full_r1_r2_r3,51,31,0.7890940631694972
full_r1_r2_r3,51,32,0.9180632580885499
full_r1_r2_r3,51,33,0.9418482325488898
full_r1_r3,42,0,0.9986085633354898
full_r1_r3,42,1,0.7877373373390222
full_r1_r3,42,2,0.9522083281843242
full_r1_r3,42,3,0.8636432592243413
full_r1_r3,42,4,0.8786351722577947
full_r1_r3,42,5,0.8793252879407694
full_r1_r3,42,6,0.6294048035784531
full_r1_r3,42,7,0.9094384643288116
full_r1_r3,42,8,0.965225819200503
full_r1_r3,42,9,0.9525849868046813
full_r1_r3,42,10,0.8355823383255808
full_r1_r3,42,11,0.8220860763778604
full_r1_r3,42,12,0.6573920544821376
full_r1_r3,42,13,0.8380568048334511
full_r1_r3,42,14,0.7736392197433157
full_r1_r3,42,15,0.8662814303761409
full_r1_r3,42,16,0.9451911005656857
full_r1_r3,42,17,0.8026173919890157
full_r1_r3,42,18,1.0853793289290836
full_r1_r3,42,19,0.9679272011934439
full_r1_r3,42,20,1.2011158187640911
full_r1_r3,42,21,0.9077509271900258
full_r1_r3,42,22,1.4079212792272209
full_r1_r3,42,23,0.8308750026861086
full_r1_r3,42,24,0.979191961152643
full_r1_r3,42,25,0.9525156003585086
full_r1_r3,43,0,0.9984269527577332
full_r1_r3,43,1,0.859117138672362
full_r1_r3,43,2,1.0564556690501539
full_r1_r3,43,3,0.8408563457810401
full_r1_r3,43,4,0.7122466192978625
full_r1_r3,43,5,0.914281937213449
full_r1_r3,43,6,0.9711832906083062
full_r1_r3,43,7,0.9852270535771146
full_r1_r3,43,8,0.9750366568538702
full_r1_r3,43,9,0.9766410951807684
full_r1_r3,43,10,1.0801645762080334
full_r1_r3,43,11,0.8008941107013914
full_r1_r3,43,12,1.0870714727962174
full_r1_r3,43,13,1.0854132804802976
full_r1_r3,43,14,0.8892048911401371
full_r1_r3,43,15,0.8500386001146268
full_r1_r3,43,16,1.0414428609525537
full_r1_r3,43,17,1.151426713334498
full_r1_r3,44,0,1.0567050041155692
full_r1_r3,44,1,1.0400227686631536
full_r1_r3,44,2,1.0792378168649261
full_r1_r3,44,3,0.9599577748246453
full_r1_r3,44,4,1.0805347404113408
full_r1_r3,44,5,1.2130485360284275
full_r1_r3,44,6,1.0562597746237643
full_r1_r3,44,7,0.9663190294396373
full_r1_r3,44,8,1.1764855920262791
full_r1_r3,44,9,0.932223143283802
full_r1_r3,44,10,0.8976283761829117
full_r1_r3,44,11,0.8597310507144185
full_r1_r3,44,12,0.7174105637057615
full_r1_r3,44,13,0.9474649247104242
full_r1_r3,44,14,0.8942604489434657
full_r1_r3,44,15,0.731074701644047
full_r1_r3,44,16,0.6450283645895394
full_r1_r3,44,17,0.6910847040026881
full_r1_r3,44,18,0.7828054055808407
full_r1_r3,44,19,0.8293447952577351
full_r1_r3,44,20,0.8562913494783813
full_r1_r3,44,21,0.8741860451958268
full_r1_r3,44,22,0.6928027597000372
full_r1_r3,44,23,0.8741749791572967
full_r1_r3,44,24,1.0360906859033636
full_r1_r3,44,25,0.7593790743602395
full_r1_r3,44,26,0.957793665665654
full_r1_r3,44,27,0.8322737818688501
full_r1_r3,44,28,0.5714875440510875
full_r1_r3,44,29,0.6359512067166944
full_r1_r3,44,30,0.8585383490419303
full_r1_r3,44,31,0.6042807587157608
full_r1_r3,44,32,0.8731962942973337
full_r1_r3,45,0,1.1583073913366349
full_r1_r3,45,1,1.4139943578021188
full_r1_r3,45,2,1.0280105585318227
full_r1_r3,45,3,1.267551760836417
full_r1_r3,45,4,0.994127091440611
full_r1_r3,45,5,1.1238543047728746
full_r1_r3,45,6,0.9247950204692703
full_r1_r3,45,7,1.1288267250058752
full_r1_r3,45,8,0.8814736627558715
full_r1_r3,45,9,0.7457742026487445
full_r1_r3,45,10,0.8429274486724001
full_r1_r3,45,11,0.9210616083598212
full_r1_r3,45,12,0.6880388473598668
full_r1_r3,45,13,1.0146392245415186
full_r1_r3,45,14,0.6636551875513482
full_r1_r3,45,15,0.7299633902793508
full_r1_r3,45,16,0.8691587473409653
full_r1_r3,45,17,0.8106138266546409
full_r1_r3,45,18,1.014054135659667
full_r1_r3,45,19,0.9205212904644731
full_r1_r3,45,20,0.8714334690515834
full_r1_r3,45,21,0.7310304515179774
full_r1_r3,46,0,0.9341736971302835
full_r1_r3,46,1,0.9436115249278508
full_r1_r3,46,2,1.0987786720537343
full_r1_r3,46,3,0.9147133701575587
full_r1_r3,46,4,0.864265724718289
full_r1_r3,46,5,0.9493241366729497
full_r1_r3,46,6,0.9424870521059794
full_r1_r3,46,7,0.9914959934890848
full_r1_r3,46,8,0.8469873192138155
full_r1_r3,46,9,1.1331988423869916
full_r1_r3,46,10,0.8241558068204582
full_r1_r3,46,11,0.8833291056198795
full_r1_r3,46,12,0.525398808378077
full_r1_r3,46,13,0.8615867141981627
full_r1_r3,46,14,0.6574630008618555
full_r1_r3,46,15,0.8318869866886285
full_r1_r3,46,16,1.0645507715753004
full_r1_r3,47,0,0.796476606096508
full_r1_r3,47,1,0.8004498260722198
full_r1_r3,47,2,0.993776336217708
full_r1_r3,47,3,0.9517524348121633
full_r1_r3,47,4,0.8749296446661758
full_r1_r3,47,5,0.8476072778803363
full_r1_r3,47,6,0.9690733243514809
full_r1_r3,47,7,0.9102967184363638
full_r1_r3,47,8,0.7923697466323478
full_r1_r3,47,9,0.797856395591104
full_r1_r3,47,10,0.8754730148756695
full_r1_r3,47,11,1.0602637765756135
full_r1_r3,47,12,0.9675221801500847
full_r1_r3,47,13,0.7674261721900424
full_r1_r3,47,14,0.791729704015248
full_r1_r3,47,15,0.9156244467795203
full_r1_r3,48,0,0.955789656835079
full_r1_r3,48,1,0.88548674589052
full_r1_r3,48,2,0.9836949163138111
full_r1_r3,48,3,0.8764908290226231
full_r1_r3,48,4,0.8757968450352024
full_r1_r3,48,5,0.7705076993547308
full_r1_r3,48,6,0.8214676663044688
full_r1_r3,48,7,1.0241270020958109
full_r1_r3,48,8,0.9075064520676059
full_r1_r3,48,9,0.9997431065951
full_r1_r3,48,10,0.91448537526996
full_r1_r3,48,11,0.6035039069595219
full_r1_r3,48,12,0.6921361441149299
full_r1_r3,48,13,0.8334029005554998
full_r1_r3,48,14,0.8102752893013284
full_r1_r3,48,15,0.8433345393125642
full_r1_r3,48,16,0.7597625147113816
full_r1_r3,49,0,0.8540960734037999
full_r1_r3,49,1,1.133563793912817
full_r1_r3,49,2,1.0078376290532174
full_r1_r3,49,3,0.8948813201511258
full_r1_r3,49,4,0.9468307408768926
full_r1_r3,49,5,0.8784066647869855
full_r1_r3,49,6,0.8342149328144662
full_r1_r3,49,7,0.8243305267278082
full_r1_r3,49,8,0.7096264975448898
full_r1_r3,49,9,0.7767542087972054
full_r1_r3,49,10,0.785377133229253
full_r1_r3,49,11,0.6403435456580845
full_r1_r3,50,0,1.0245697383781427
full_r1_r3,50,1,1.1293405205766651
full_r1_r3,50,2,0.9743178471983431
full_r1_r3,50,3,1.2481808803460182
full_r1_r3,50,4,1.153658854308067
full_r1_r3,50,5,0.7665653781550018
full_r1_r3,50,6,0.9099689148576908
full_r1_r3,50,7,0.72827015775437
full_r1_r3,50,8,0.9307271909907708
full_r1_r3,50,9,0.9377306450891288
full_r1_r3,50,10,0.8506434240308967
full_r1_r3,50,11,0.9160473324778744
full_r1_r3,50,12,1.0779071256568327
full_r1_r3,50,13,1.0210229934717145
full_r1_r3,50,14,1.0348186836463662
full_r1_r3,50,15,0.9932342504280698
full_r1_r3,50,16,0.9928752417183002
full_r1_r3,50,17,0.8691031282857639
full_r1_r3,50,18,0.9248824820441175
full_r1_r3,51,0,0.8523758765080025
full_r1_r3,51,1,0.9356306950615115
full_r1_r3,51,2,1.3700503227724492
full_r1_r3,51,3,0.8984704855971024
full_r1_r3,51,4,0.7654648418452001
full_r1_r3,51,5,1.0038623236105797
full_r1_r3,51,6,1.1725644535597997
full_r1_r3,51,7,0.9898941271979076
full_r1_r3,51,8,0.9762628459410985
full_r1_r3,51,9,0.6926569924280237
full_r1_r3,51,10,0.8235025882516478
full_r1_r3,51,11,0.7076982511727576
full_r1_r3,51,12,0.7297262688947888
full_r1_r3,51,13,0.9383719323867463
full_r1_r3,51,14,0.8177724952098937
full_r1_r3,51,15,0.9372560920090989
full_r1_r3,51,16,0.9479280678411836
full_r1,42,0,1.4233496045902574
full_r1,42,1,0.9617445090490485
full_r1,42,2,0.8265684460223138
full_r1,42,3,0.6829236220796061
full_r1,42,4,0.6386437367020873
full_r1,42,5,0.6226125152653359
full_r1,42,6,0.5707889612639041
full_r1,42,7,0.5321483434166265
full_r1,42,8,0.54845126648722
full_r1,42,9,0.5330035868711729
full_r1,42,10,0.3861631875849225
full_r1,42,11,0.38042740796292634
full_r1,43,0,1.7817827528389691
full_r1,43,1,1.0659289807003671
full_r1,43,2,0.5690530211895628
full_r1,43,3,0.5901184105132418
full_r1,43,4,0.4176972106378627
full_r1,43,5,0.32093624342476973
full_r1,43,6,0.4240891222340093
full_r1,43,7,0.4076942935430069
full_r1,43,8,0.3619525374915076
full_r1,43,9,0.292138612793108
full_r1,43,10,0.30638653635266955
full_r1,43,11,0.3048293460014704
full_r1,43,12,0.398001290993165
full_r1,43,13,0.330832613143285
full_r1,43,14,0.2997100394136299
full_r1,43,15,0.3205119227349942
full_r1,43,16,0.4082491271368722
full_r1,43,17,0.44619539906555916
full_r1,44,0,1.5505507385740955
full_r1,44,1,0.9609881792723013
full_r1,44,2,0.882234242762939
full_r1,44,3,0.6543971741174629
full_r1,44,4,0.5548241229191824
full_r1,44,5,0.7236876402458295
full_r1,44,6,0.8557492692754516
full_r1,44,7,0.4090631652725424
full_r1,44,8,0.4457205262920279
full_r1,44,9,0.48886403951322904
full_r1,44,10,0.3926109643417356
full_r1,44,11,0.33251489768363673
full_r1,45,0,1.7561058253260888
full_r1,45,1,1.3286050916630632
full_r1,45,2,0.7538440802770788
full_r1,45,3,0.6040866168445413
full_r1,45,4,0.6360793642587202
full_r1,45,5,0.6823626993080021
full_r1,45,6,0.6710520254689101
full_r1,45,7,0.8466707620626605
full_r1,45,8,0.9392584763735675
full_r1,45,9,0.5454512026585505
full_r1,45,10,0.3567995660081394
full_r1,45,11,0.5551051398709363
full_r1,45,12,0.4175242518118656
full_r1,45,13,0.5356225807330443
full_r1,45,14,0.4196896554986792
full_r1,46,0,1.3937976814517135
full_r1,46,1,0.8352362883341176
full_r1,46,2,0.6216129581394919
full_r1,46,3,0.6156530521081591
full_r1,46,4,0.46558832626316604
full_r1,46,5,0.8035987879466718
full_r1,46,6,0.6304474870802785
full_r1,46,7,0.759183042784916
full_r1,46,8,0.6783004355638933
full_r1,46,9,0.48737931802802803
full_r1,46,10,0.592337469933297
full_r1,46,11,0.36198096958819115
full_r1,46,12,0.4302228251622209
full_r1,46,13,0.33079297183680806
full_r1,46,14,0.3798308909613797
full_r1,46,15,0.5781866481341789
full_r1,46,16,0.3931939991512045
full_r1,46,17,0.3371428557743542
full_r1,46,18,0.5760896538228756
full_r1,46,19,0.40379258853566774
full_r1,46,20,0.2680021112706656
full_r1,46,21,0.3559732715379861
full_r1,46,22,0.4106699671597582
full_r1,46,23,0.3048020278379578
full_r1,46,24,0.3150708809940846
full_r1,46,25,0.29753403937318323
full_r1,46,26,0.2710401982321924
full_r1,47,0,1.508067808176267
full_r1,47,1,1.1462481082373026
full_r1,47,2,1.07443473860047
full_r1,47,3,0.6288965656282977
full_r1,47,4,0.6467162019879499
full_r1,47,5,0.4116855993898958
full_r1,47,6,0.354629442275603
full_r1,47,7,0.44168036004080324
full_r1,47,8,0.4344087263856282
full_r1,47,9,0.41452034158465834
full_r1,47,10,0.34115907972646775
full_r1,47,11,0.5078838037028257
full_r1,47,12,0.3707898736150608
full_r1,48,0,1.752316974815586
full_r1,48,1,1.184618502598616
full_r1,48,2,0.837911803734738
full_r1,48,3,0.6593795986037345
full_r1,48,4,0.5092918396790034
full_r1,48,5,0.5534774586681831
full_r1,48,6,0.46670485062706996
full_r1,48,7,0.5164913239857831
full_r1,48,8,0.2869277138726526
full_r1,48,9,0.4937462875709953
full_r1,48,10,0.3834917129071529
full_r1,48,11,0.5165023818004653
full_r1,48,12,0.41370189720269956
full_r1,48,13,0.3579000061360077
full_r1,48,14,0.33514965030176225
full_r1,48,15,0.3541270238147815
full_r1,48,16,0.36451760960252305
full_r1,48,17,0.3588755833284304
full_r1,48,18,0.4442609202058283
full_r1,48,19,0.2564868398172921
full_r1,48,20,0.3563851198544776
full_r1,49,0,1.612292978843635
full_r1,49,1,1.1161810803251566
full_r1,49,2,0.7450660617724748
full_r1,49,3,0.6602583790949762
full_r1,49,4,0.6918000063636962
full_r1,49,5,0.5715909833394763
full_r1,49,6,0.5816846471431116
full_r1,49,7,0.5569607511854214
full_r1,49,8,0.24002354322041636
full_r1,49,9,0.4681301561473904
full_r1,49,10,0.48188461875295174
full_r1,49,11,0.4484458134323196
full_r1,50,0,1.5813634873679892
full_r1,50,1,1.1402465066945449
full_r1,50,2,0.9712962158590638
full_r1,50,3,0.7471919296037242
full_r1,50,4,0.7340636217555554
full_r1,50,5,0.7306035714342325
full_r1,50,6,0.7106902248134191
full_r1,50,7,0.49191576490094385
full_r1,50,8,0.6282355179949743
full_r1,50,9,0.6925158982416084
full_r1,50,10,0.504667339118038
full_r1,50,11,0.3200329610190308
full_r1,50,12,0.322987882986695
full_r1,50,13,0.39152824920141993
full_r1,50,14,0.4186503208778656
full_r1,50,15,0.5111960134370426
full_r1,50,16,0.45404280247187057
full_r1,50,17,0.43869504679048443
full_r1,50,18,0.4438986998730383
full_r1,50,19,0.4023592909739111
full_r1,50,20,0.4080934881897237
full_r1,50,21,0.3923545099730118
full_r1,50,22,0.5590569097721005
full_r1,50,23,0.3472803787205202
full_r1,50,24,0.39881195678067416
full_r1,50,25,0.24667838358484817
full_r1,50,26,0.6769858479090279
full_r1,50,27,0.4241545656234307
full_r1,50,28,0.5148384738510268
full_r1,50,29,0.35499644506150846
full_r1,51,0,1.31082423311056
full_r1,51,1,0.9368082132760289
full_r1,51,2,0.8780370236657374
full_r1,51,3,0.8560736188453564
full_r1,51,4,0.6840671683920874
full_r1,51,5,0.5379445859890172
full_r1,51,6,0.617778523622699
full_r1,51,7,0.4856763634826976
full_r1,51,8,0.3078326443579229
full_r1,51,9,0.4181385006148648
full_r1,51,10,0.28395542133714413
full_r1,51,11,0.4159066783065409
full_r1,51,12,0.2631672079932536
full_r1,51,13,0.2974990620933413
full_r1,51,14,0.384460536686708
full_r1,51,15,0.3333994178008528
full_r1,51,16,0.3715035230431005
full_r1,51,17,0.3227650105725509
full_r1,51,18,0.6104179407278295
full_r1,51,19,0.4123483318618187
full_r1,51,20,0.40140737076357225
full_r1,51,21,0.5830025223870147
full_r1,51,22,0.4670814302005649
full_r1,51,23,0.45367622674373553
full_r2_gumbel,42,0,4.567159900523988
full_r2_gumbel,42,1,3.5228253285450517
full_r2_gumbel,42,2,2.054716634378784
full_r2_gumbel,42,3,2.925483473595375
full_r2_gumbel,42,4,2.178907566250485
full_r2_gumbel,42,5,2.3521466992740434
full_r2_gumbel,42,6,1.8472032380300325
full_r2_gumbel,42,7,1.6976941544333362
full_r2_gumbel,42,8,2.276795059968657
full_r2_gumbel,42,9,2.152397713220031
full_r2_gumbel,42,10,1.700950496501822
full_r2_gumbel,42,11,1.9890495369048922
full_r2_gumbel,42,12,1.3676882408885298
full_r2_gumbel,42,13,1.365905851386272
full_r2_gumbel,42,14,1.9465162478243396
full_r2_gumbel,42,15,1.4111216527047126
full_r2_gumbel,42,16,1.4619453506071083
full_r2_gumbel,42,17,1.74774320485958
full_r2_gumbel,42,18,2.007184198984363
full_r2_gumbel,42,19,2.4579572675780286
full_r2_gumbel,42,20,1.6391317448225544
full_r2_gumbel,42,21,1.865774613913697
full_r2_gumbel,42,22,1.7684721887857375
full_r2_gumbel,42,23,1.7298284730128373
full_r2_gumbel,42,24,1.7683298102880491
full_r2_gumbel,42,25,1.7795147777223403
full_r2_gumbel,42,26,1.3532757878558668
full_r2_gumbel,42,27,1.3929842169209388
full_r2_gumbel,42,28,1.259078571118761
full_r2_gumbel,42,29,1.260684402767276
full_r2_gumbel,42,30,1.3971574966065199
full_r2_gumbel,42,31,1.7824803776721758
full_r2_gumbel,42,32,1.6521761639053838
full_r2_gumbel,43,0,5.58020647148475
full_r2_gumbel,43,1,4.504495141182947
full_r2_gumbel,43,2,2.4317183697752
full_r2_gumbel,43,3,1.8741438411999622
full_r2_gumbel,43,4,2.006938378081263
full_r2_gumbel,43,5,1.9961280050012273
full_r2_gumbel,43,6,2.3642828650224277
full_r2_gumbel,43,7,1.8637792629518288
full_r2_gumbel,43,8,2.3082406719445845
full_r2_gumbel,43,9,2.4523035247745524
full_r2_gumbel,43,10,3.4690167808313612
full_r2_gumbel,43,11,2.259924972022308
full_r2_gumbel,43,12,1.926301751075227
full_r2_gumbel,43,13,2.244435958239388
full_r2_gumbel,43,14,2.150070007238095
full_r2_gumbel,43,15,1.9284397855913304
full_r2_gumbel,43,16,1.890564332565901
full_r2_gumbel,43,17,1.7636413653961092
full_r2_gumbel,43,18,2.6440405760795596
full_r2_gumbel,43,19,2.820380992784961
full_r2_gumbel,43,20,2.4103386651291974
full_r2_gumbel,43,21,2.71677239525792
full_r2_gumbel,43,22,2.3587486193960627
full_r2_gumbel,43,23,2.2952731099505455
full_r2_gumbel,43,24,2.197111276315763
full_r2_gumbel,43,25,1.9916478773777064
full_r2_gumbel,43,26,2.2164979447496953
full_r2_gumbel,43,27,1.9400687078657406
full_r2_gumbel,43,28,2.2576579068969775
full_r2_gumbel,43,29,1.9324742515296087
full_r2_gumbel,43,30,1.6797988847357934
full_r2_gumbel,43,31,1.627179382287419
full_r2_gumbel,44,0,4.815968123566025
full_r2_gumbel,44,1,2.9363772359884126
full_r2_gumbel,44,2,1.5275171296469152
full_r2_gumbel,44,3,1.2540069796405189
full_r2_gumbel,44,4,1.6261658452105294
full_r2_gumbel,44,5,1.630092831455655
full_r2_gumbel,44,6,2.257537267987423
full_r2_gumbel,44,7,1.8419057636385416
full_r2_gumbel,44,8,1.1766770794077774
full_r2_gumbel,44,9,1.8119160592515178
full_r2_gumbel,44,10,1.2639385608905989
full_r2_gumbel,44,11,2.3446053467385326
full_r2_gumbel,44,12,1.8822953591197418
full_r2_gumbel,45,0,3.481807657849312
full_r2_gumbel,45,1,1.6499277717580414
full_r2_gumbel,45,2,1.6044418963358564
full_r2_gumbel,45,3,1.7900131861910458
full_r2_gumbel,45,4,1.7885717791795317
full_r2_gumbel,45,5,2.519436533426024
full_r2_gumbel,45,6,1.9439924446490209
full_r2_gumbel,45,7,2.515238738368467
full_r2_gumbel,45,8,2.019332320827961
full_r2_gumbel,45,9,2.380801302022559
full_r2_gumbel,45,10,1.843326799018469
full_r2_gumbel,46,0,5.4465213060757325
full_r2_gumbel,46,1,4.402327434391296
full_r2_gumbel,46,2,2.6068572663677445
full_r2_gumbel,46,3,1.5494295151727755
full_r2_gumbel,46,4,1.720890220818152
full_r2_gumbel,46,5,1.8654262281956608
full_r2_gumbel,46,6,2.660351385688662
full_r2_gumbel,46,7,3.171578614420481
full_r2_gumbel,46,8,2.696955934006396
full_r2_gumbel,46,9,2.217959266267836
full_r2_gumbel,46,10,1.7297481211264083
full_r2_gumbel,46,11,2.0062408232342426
full_r2_gumbel,46,12,1.8162231291215107
full_r2_gumbel,46,13,1.7719639331624462
full_r2_gumbel,46,14,1.7455359466479536
full_r2_gumbel,46,15,1.6755526043823648
full_r2_gumbel,46,16,2.1963747839037278
full_r2_gumbel,47,0,3.6301648949075713
full_r2_gumbel,47,1,2.263895551858874
full_r2_gumbel,47,2,1.8253253465978525
full_r2_gumbel,47,3,1.7485679757266452
full_r2_gumbel,47,4,2.0580697949803097
full_r2_gumbel,47,5,2.072894417937995
full_r2_gumbel,47,6,2.9591833373693475
full_r2_gumbel,47,7,2.7293561541455977
full_r2_gumbel,47,8,1.749305747617717
full_r2_gumbel,47,9,2.716193594474836
full_r2_gumbel,47,10,2.5852175302198437
full_r2_gumbel,47,11,2.016184298295651
full_r2_gumbel,47,12,2.567050346820261
full_r2_gumbel,47,13,2.4393248435790946
full_r2_gumbel,47,14,2.627826036473084
full_r2_gumbel,47,15,1.4682527822350009
full_r2_gumbel,47,16,2.0214782442903685
full_r2_gumbel,47,17,1.8423244299944397
full_r2_gumbel,47,18,2.458232885681886
full_r2_gumbel,47,19,1.563144244091174
full_r2_gumbel,47,20,1.807414332488134
full_r2_gumbel,47,21,1.270790668647885
full_r2_gumbel,47,22,1.3536171315288397
full_r2_gumbel,47,23,1.412756741199645
full_r2_gumbel,47,24,1.6149589853484057
full_r2_gumbel,47,25,1.7898085995147217
full_r2_gumbel,47,26,1.6854732787636224
full_r2_gumbel,47,27,1.7268191724454591
full_r2_gumbel,47,28,2.049710032005318
full_r2_gumbel,47,29,1.7420148611460018
full_r2_gumbel,48,0,4.907536405244603
full_r2_gumbel,48,1,3.5253194603519162
full_r2_gumbel,48,2,3.0415590160683363
full_r2_gumbel,48,3,2.292795482453439
full_r2_gumbel,48,4,1.92617934202155
full_r2_gumbel,48,5,2.2971946241187595
full_r2_gumbel,48,6,1.3873253395819296
full_r2_gumbel,48,7,2.711848820676054
full_r2_gumbel,48,8,2.4391298559854917
full_r2_gumbel,48,9,1.8692418799451387
full_r2_gumbel,48,10,1.5161245295902714
full_r2_gumbel,48,11,2.1553980222300897
full_r2_gumbel,48,12,1.7022286042913177
full_r2_gumbel,48,13,2.2785308367686268
full_r2_gumbel,48,14,1.2216932067898922
full_r2_gumbel,48,15,1.115566338964749
full_r2_gumbel,48,16,1.2476260299019293
full_r2_gumbel,48,17,1.812172780467601
full_r2_gumbel,48,18,1.7491934015133404
full_r2_gumbel,48,19,1.3258081970722388
full_r2_gumbel,48,20,1.751456825688887
full_r2_gumbel,48,21,2.19353912973952
full_r2_gumbel,48,22,1.5653411419572911
full_r2_gumbel,48,23,2.0555888800120607
full_r2_gumbel,48,24,1.7447535276698423
full_r2_gumbel,48,25,1.5177286041071278
full_r2_gumbel,48,26,1.6965141722117323
full_r2_gumbel,48,27,1.8268800585132485
full_r2_gumbel,48,28,1.7667427383251895
full_r2_gumbel,48,29,1.7114218176193832
full_r2_gumbel,49,0,4.337918005812201
full_r2_gumbel,49,1,3.381475344215034
full_r2_gumbel,49,2,1.9464884776871492
full_r2_gumbel,49,3,1.9132710833346136
full_r2_gumbel,49,4,2.650915509342441
full_r2_gumbel,49,5,1.678386358820915
full_r2_gumbel,49,6,1.6170206668330818
full_r2_gumbel,49,7,1.8851353028260167
full_r2_gumbel,49,8,1.7539868138695098
full_r2_gumbel,49,9,1.886687527887002
full_r2_gumbel,49,10,2.118195748089142
full_r2_gumbel,49,11,2.0387752328520086
full_r2_gumbel,50,0,4.953865614212408
full_r2_gumbel,50,1,3.196959700693691
full_r2_gumbel,50,2,1.9181030546689533
full_r2_gumbel,50,3,1.9751220602929953
full_r2_gumbel,50,4,1.8459002286786246
full_r2_gumbel,50,5,2.6359962837762643
full_r2_gumbel,50,6,1.9682389585945708
full_r2_gumbel,50,7,2.3806325345834574
full_r2_gumbel,50,8,2.892935854301257
full_r2_gumbel,50,9,1.9369901807486674
full_r2_gumbel,50,10,1.879930424151855
full_r2_gumbel,50,11,2.2039611493839457
full_r2_gumbel,50,12,2.0646204985224865
full_r2_gumbel,50,13,1.8194881823256213
full_r2_gumbel,50,14,1.914756568427247
full_r2_gumbel,50,15,1.5435445253731008
full_r2_gumbel,50,16,1.1997810502709239
full_r2_gumbel,50,17,1.5449561856011131
full_r2_gumbel,50,18,2.054787888857959
full_r2_gumbel,50,19,1.3813044446005545
full_r2_gumbel,50,20,1.7619892199402898
full_r2_gumbel,50,21,1.7692258002637238
full_r2_gumbel,50,22,2.27309460373572
full_r2_gumbel,50,23,2.151867871757435
full_r2_gumbel,50,24,2.374773981800903
full_r2_gumbel,50,25,2.237392111156521
full_r2_gumbel,50,26,1.9276590976967343
full_r2_gumbel,50,27,1.4315762831353989
full_r2_gumbel,50,28,1.4505360353790175
full_r2_gumbel,50,29,1.8445631040406827
full_r2_gumbel,51,0,5.410136002211329
full_r2_gumbel,51,1,5.111954110131468
full_r2_gumbel,51,2,2.582593325325117
full_r2_gumbel,51,3,1.6661556996751008
full_r2_gumbel,51,4,2.199529414907289
full_r2_gumbel,51,5,2.490152946358283
full_r2_gumbel,51,6,1.8853117944192443
full_r2_gumbel,51,7,2.349824221054935
full_r2_gumbel,51,8,2.387941261260993
full_r2_gumbel,51,9,3.0120868936918934
full_r2_gumbel,51,10,2.5773644824601756
full_r2_gumbel,51,11,2.822067643456338
full_r2_gumbel,51,12,3.158460183948786
full_r2,42,0,4.719829513586117
full_r2,42,1,3.5773534671362537
full_r2,42,2,2.4589654498152216
full_r2,42,3,1.5744758482237644
full_r2,42,4,2.314329319923243
full_r2,42,5,2.3410547431574087
full_r2,42,6,1.947130589246508
full_r2,42,7,2.0599580615192994
full_r2,42,8,2.032911175908712
full_r2,42,9,1.3479290541608175
full_r2,42,10,1.9320301574307313
full_r2,42,11,2.430452877456264
full_r2,42,12,2.156204538313631
full_r2,42,13,1.945765944789471
full_r2,42,14,2.1429905936844142
full_r2,42,15,2.3627339940426273
full_r2,42,16,1.7293182400303215
full_r2,42,17,1.9315102579234011
full_r2,42,18,2.4467035340032326
full_r2,42,19,2.3415996060129194
full_r2,42,20,1.9233095156329227
full_r2,42,21,2.4175547312298606
full_r2,42,22,2.2678748307457193
full_r2,42,23,2.623706507777663
full_r2,42,24,2.465188058931312
full_r2,42,25,2.555205257326006
full_r2,42,26,2.8994793720300516
full_r2,43,0,4.457095344946809
full_r2,43,1,2.4116201219352127
full_r2,43,2,2.4781484361947332
full_r2,43,3,2.275158208559448
full_r2,43,4,1.9095952090330712
full_r2,43,5,1.8312467690115823
full_r2,43,6,1.9294366902753175
full_r2,43,7,1.860097915962157
full_r2,43,8,1.3925440879728441
full_r2,43,9,1.9129196869914384
full_r2,43,10,1.7924527920496742
full_r2,43,11,1.880324735532831
full_r2,43,12,1.410759093924008
full_r2,43,13,1.5585506862727228
full_r2,43,14,1.4502671260265374
full_r2,43,15,2.1872668900305188
full_r2,43,16,1.0091530164234888
full_r2,43,17,0.9908411422621785
full_r2,43,18,1.348231577350455
full_r2,43,19,1.4655559806673075
full_r2,43,20,1.5087857649194238
full_r2,44,0,4.664325624430475
full_r2,44,1,2.2469790436321047
full_r2,44,2,1.9666840162553307
full_r2,44,3,1.9092133225019698
full_r2,44,4,1.9151598819680986
full_r2,44,5,2.102045463715508
full_r2,44,6,2.652620202768722
full_r2,44,7,1.5893938494214384
full_r2,44,8,1.805239010141297
full_r2,44,9,2.1590965101737227
full_r2,44,10,2.1134601406304463
full_r2,44,11,2.189862639584541
full_r2,44,12,1.8923269489959949
full_r2,45,0,3.254426228715245
full_r2,45,1,1.8218946269151401
full_r2,45,2,1.8631145055306413
full_r2,45,3,1.8197743325425726
full_r2,45,4,1.9397695009031268
full_r2,45,5,1.575392010821397
full_r2,45,6,2.1089365333136203
full_r2,45,7,1.9177305472025858
full_r2,45,8,2.0734860518009643
full_r2,45,9,2.175292356969614
full_r2,45,10,2.0730624260501402
full_r2,45,11,1.7977951338910945
full_r2,45,12,1.7285993580829344
full_r2,46,0,4.989005856921536
full_r2,46,1,3.0491162866630552
full_r2,46,2,2.3233032563835634
full_r2,46,3,2.228021631589983
full_r2,46,4,1.9812504328826077
full_r2,46,5,1.806748998479068
full_r2,46,6,1.271241853191257
full_r2,46,7,1.9122331181081198
full_r2,46,8,2.546471572532486
full_r2,46,9,2.4629529092262463
full_r2,46,10,1.552819794092349
full_r2,46,11,1.9928820301867716
full_r2,46,12,2.182523457093345
full_r2,46,13,2.5264491048123308
full_r2,46,14,2.4072643115171246
full_r2,47,0,3.286798188180105
full_r2,47,1,2.621597156325152
full_r2,47,2,2.3764630105976368
full_r2,47,3,1.5600767153818633
full_r2,47,4,2.077934363607846
full_r2,47,5,1.8083542581050303
full_r2,47,6,2.1443928236347727
full_r2,47,7,1.5593418923305407
full_r2,47,8,2.2836917865072426
full_r2,47,9,1.8646495552332445
full_r2,47,10,1.7024432476652527
full_r2,47,11,1.726595642983279
full_r2,47,12,2.0364095801236117
full_r2,47,13,1.4964294409814523
full_r2,47,14,1.5959561120472463
full_r2,47,15,1.9137839631848885
full_r2,47,16,1.4305864683292406
full_r2,47,17,1.8236342073062486
full_r2,47,18,1.7556726281454769
full_r2,47,19,1.9229443946159503
full_r2,47,20,2.282517503406606
full_r2,48,0,4.030288406571785
full_r2,48,1,3.210774249301726
full_r2,48,2,2.2656245553633365
full_r2,48,3,2.167312853636674
full_r2,48,4,1.6876038587277113
full_r2,48,5,1.9162619954149112
full_r2,48,6,1.646879582183011
full_r2,48,7,2.0966821544358814
full_r2,48,8,2.6252666107075298
full_r2,48,9,2.226827744261191
full_r2,48,10,1.7387694773858
full_r2,48,11,1.9457877929097804
full_r2,48,12,1.7997407287938407
full_r2,48,13,1.323685910683504
full_r2,48,14,2.0177443001379496
full_r2,48,15,2.3895181370986807
full_r2,48,16,1.7498448959912545
full_r2,48,17,2.143004967217018
full_r2,48,18,1.755596529569531
full_r2,48,19,2.1361967203663035
full_r2,48,20,1.828506842132604
full_r2,48,21,2.956986928707219
full_r2,48,22,1.8635626724429635
full_r2,48,23,2.221370795409574
full_r2,49,0,3.576979808446037
full_r2,49,1,3.13619197678989
full_r2,49,2,1.8989240517914459
full_r2,49,3,1.7572449855468983
full_r2,49,4,1.4597562385201124
full_r2,49,5,1.7177842954833742
full_r2,49,6,1.5948977601509744
full_r2,49,7,1.516418557593328
full_r2,49,8,1.8509523761599191
full_r2,49,9,2.0134957154594524
full_r2,49,10,1.7976393191471618
full_r2,49,11,1.7316827368023087
full_r2,49,12,1.972692350150673
full_r2,50,0,4.777615164984957
full_r2,50,1,3.05117506535797
full_r2,50,2,1.7600118668015197
full_r2,50,3,2.836043678115154
full_r2,50,4,1.740700637785783
full_r2,50,5,1.6185580157242496
full_r2,50,6,2.6330141293890588
full_r2,50,7,1.7622995310422032
full_r2,50,8,1.6659563167065325
full_r2,50,9,1.7831492331692904
full_r2,50,10,1.5365081686048832
full_r2,50,11,1.8279907778467286
full_r2,50,12,1.9462319126662182
full_r2,50,13,2.019760564479215
full_r2,50,14,2.169771431376186
full_r2,50,15,1.7222272112584958
full_r2,50,16,1.3619424740019939
full_r2,50,17,1.3230827912188707
full_r2,50,18,1.8465329919598967
full_r2,50,19,1.5938611482761202
full_r2,50,20,1.5149340429106766
full_r2,51,0,4.55675291178393
full_r2,51,1,5.044113690925309
full_r2,51,2,2.292894099752796
full_r2,51,3,2.4942679604663764
full_r2,51,4,2.8204786410032514
full_r2,51,5,2.864495756352678
full_r2,51,6,2.16434624226586
full_r2,51,7,3.082815988324639
full_r2,51,8,3.0383546115565077
full_r2,51,9,2.689932991125288
full_r2,51,10,2.270016187393033
full_r2,51,11,2.490447655962332
full_r2,51,12,2.2365055821010866
full_r2,51,13,2.110978412478783
full_r2,51,14,1.720226411331982
full_r2,51,15,1.7362547973461004
full_r2,51,16,1.956410574941836
full_r2,51,17,1.7881790551756955
full_r2,51,18,2.082772473500099
full_r2,51,19,2.3574939708381755
full_r2,51,20,1.9839393757045638
full_r2,51,21,2.3129583639420863
full_r2,51,22,2.276831236462714
full_r2,51,23,2.4544523788409536
full_r2,51,24,2.3271702882296963
full_r2,51,25,2.128653283758473
full_r3_sinc,42,0,1.6110331836764638
full_r3_sinc,42,1,4.742823445070172
full_r3_sinc,42,2,4.237871904233213
full_r3_sinc,42,3,4.756816913323116
full_r3_sinc,42,4,5.412658314717484
full_r3_sinc,42,5,5.209342917412964
full_r3_sinc,42,6,3.463910357658229
full_r3_sinc,42,7,6.7927308896984595
full_r3_sinc,42,8,5.327725716221446
full_r3_sinc,42,9,7.961444535912248
full_r3_sinc,42,10,8.514631461747147
full_r3_sinc,42,11,6.997383802056582
full_r3_sinc,42,12,9.033757569759139
full_r3_sinc,42,13,9.845971094102413
full_r3_sinc,42,14,9.088948257958737
full_r3_sinc,42,15,6.335324204997024
full_r3_sinc,42,16,7.178573627994815
full_r3_sinc,42,17,7.448262597135527
full_r3_sinc,42,18,8.66298796475975
full_r3_sinc,42,19,8.77061186810904
full_r3_sinc,42,20,8.919994746720224
full_r3_sinc,42,21,13.735298244651782
full_r3_sinc,42,22,10.625830706026875
full_r3_sinc,42,23,5.110892298631906
full_r3_sinc,42,24,6.722847253204016
full_r3_sinc,42,25,3.1258981083065533
full_r3_sinc,43,0,0.7992639971340398
full_r3_sinc,43,1,2.843150008097437
full_r3_sinc,43,2,3.2950185167465476
full_r3_sinc,43,3,2.527455506271988
full_r3_sinc,43,4,3.599218138170498
full_r3_sinc,43,5,3.8093190949423335
full_r3_sinc,43,6,6.381233082163077
full_r3_sinc,43,7,5.555797020777836
full_r3_sinc,43,8,6.847713974400462
full_r3_sinc,43,9,7.772316415907932
full_r3_sinc,43,10,4.894491131784989
full_r3_sinc,43,11,5.375154950598219
full_r3_sinc,44,0,0.73013954109747
full_r3_sinc,44,1,3.62340630729598
full_r3_sinc,44,2,2.9177952381385985
full_r3_sinc,44,3,1.4814713334710952
full_r3_sinc,44,4,2.378123101454012
full_r3_sinc,44,5,2.017626184895879
full_r3_sinc,44,6,3.186417471697135
full_r3_sinc,44,7,2.764723756210218
full_r3_sinc,44,8,2.188354733922312
full_r3_sinc,44,9,2.931529503801513
full_r3_sinc,44,10,1.6427051953926388
full_r3_sinc,44,11,4.567660885698358
full_r3_sinc,44,12,5.544581176005446
full_r3_sinc,44,13,5.016024330239506
full_r3_sinc,44,14,5.607906006317644
full_r3_sinc,44,15,6.61267025556157
full_r3_sinc,44,16,7.882633698514958
full_r3_sinc,45,0,1.291244824468877
full_r3_sinc,45,1,3.0641347050517185
full_r3_sinc,45,2,4.419139902595795
full_r3_sinc,45,3,2.819770397185361
full_r3_sinc,45,4,2.7116174931394434
full_r3_sinc,45,5,2.716242288464551
full_r3_sinc,45,6,4.544369946794201
full_r3_sinc,45,7,7.0352352404718985
full_r3_sinc,45,8,3.3373984985890717
full_r3_sinc,45,9,7.415187066491883
full_r3_sinc,45,10,10.218920348720438
full_r3_sinc,45,11,7.124289563885959
full_r3_sinc,45,12,8.161313286833298
full_r3_sinc,45,13,11.054501951450218
full_r3_sinc,45,14,7.539108614352526
full_r3_sinc,45,15,8.284703795631145
full_r3_sinc,45,16,5.568011889577211
full_r3_sinc,45,17,4.7922101536079085
full_r3_sinc,45,18,8.556000455336111
full_r3_sinc,45,19,7.9188245671936155
full_r3_sinc,45,20,4.8921774204760045
full_r3_sinc,45,21,4.800365400517656
full_r3_sinc,45,22,5.647838394955202
full_r3_sinc,45,23,4.739622019024974
full_r3_sinc,45,24,5.170457360149322
full_r3_sinc,46,0,0.9584651895979928
full_r3_sinc,46,1,2.701942413770557
full_r3_sinc,46,2,3.7456144297747986
full_r3_sinc,46,3,4.775221935295191
full_r3_sinc,46,4,3.684316939340839
full_r3_sinc,46,5,5.352826646678899
full_r3_sinc,46,6,5.302756652306799
full_r3_sinc,46,7,6.573422204009792
full_r3_sinc,46,8,5.543113213451289
full_r3_sinc,46,9,6.320467858786863
full_r3_sinc,46,10,7.210925404278278
full_r3_sinc,46,11,7.24565255418233
full_r3_sinc,46,12,7.385024683284847
full_r3_sinc,46,13,8.493586434888254
full_r3_sinc,46,14,6.055398305774159
full_r3_sinc,46,15,4.052963177678462
full_r3_sinc,46,16,4.93611975933055
full_r3_sinc,46,17,5.875912941155434
full_r3_sinc,46,18,5.074811086456077
full_r3_sinc,46,19,7.035206613713041
full_r3_sinc,46,20,6.329926940997512
full_r3_sinc,46,21,3.3855303535147643
full_r3_sinc,46,22,5.088314284739484
full_r3_sinc,46,23,8.678447496506276
full_r3_sinc,46,24,3.706683645605415
full_r3_sinc,46,25,4.576162003264744
full_r3_sinc,46,26,3.5623286483790784
full_r3_sinc,47,0,1.335432855892111
full_r3_sinc,47,1,3.339511330988924
full_r3_sinc,47,2,3.748140162068079
full_r3_sinc,47,3,5.376869219379561
full_r3_sinc,47,4,4.613317036963798
full_r3_sinc,47,5,4.777393422462949
full_r3_sinc,47,6,6.775814805045998
full_r3_sinc,47,7,8.186383344721378
full_r3_sinc,47,8,11.687682347485865
full_r3_sinc,47,9,18.03821541945512
full_r3_sinc,47,10,7.196988295027234
full_r3_sinc,47,11,6.119309479361804
full_r3_sinc,47,12,6.385041437701804
full_r3_sinc,47,13,5.018447545275109
full_r3_sinc,47,14,5.358009517179337
full_r3_sinc,47,15,5.513873679413816
full_r3_sinc,47,16,8.352932427886689
full_r3_sinc,47,17,2.5991857409034753
full_r3_sinc,47,18,4.529900892854955
full_r3_sinc,47,19,4.720544586756079
full_r3_sinc,47,20,4.07331079521005
full_r3_sinc,47,21,5.011814790698499
full_r3_sinc,47,22,6.263602133826335
full_r3_sinc,47,23,7.587179242421207
full_r3_sinc,47,24,5.569843950232413
full_r3_sinc,47,25,7.15660625172734
full_r3_sinc,48,0,2.7937188353056186
full_r3_sinc,48,1,5.827652045505284
full_r3_sinc,48,2,4.228084953838337
full_r3_sinc,48,3,8.983433721757198
full_r3_sinc,48,4,12.363522421678965
full_r3_sinc,48,5,7.997541255383186
full_r3_sinc,48,6,11.064767831192883
full_r3_sinc,48,7,10.72080617666986
full_r3_sinc,48,8,7.531089219431308
full_r3_sinc,48,9,7.965765657503924
full_r3_sinc,48,10,11.940813717608336
full_r3_sinc,48,11,8.41573076119046
full_r3_sinc,48,12,10.262917577314733
full_r3_sinc,48,13,5.844082590253652
full_r3_sinc,48,14,6.64214029883321
full_r3_sinc,48,15,6.8634491753889355
full_r3_sinc,48,16,4.897401458298791
full_r3_sinc,49,0,2.656053569979278
full_r3_sinc,49,1,19.384477131455654
full_r3_sinc,49,2,6.9314950420673895
full_r3_sinc,49,3,6.298685222298312
full_r3_sinc,49,4,9.379268924541377
full_r3_sinc,49,5,6.522080467120494
full_r3_sinc,49,6,8.073324080215892
full_r3_sinc,49,7,6.595724105798315
full_r3_sinc,49,8,7.267830581058519
full_r3_sinc,49,9,7.325130226352977
full_r3_sinc,49,10,4.369059453952522
full_r3_sinc,49,11,5.866234065738475
full_r3_sinc,49,12,7.061808871917952
full_r3_sinc,49,13,2.8748207841341187
full_r3_sinc,49,14,2.0497523713830716
full_r3_sinc,49,15,2.273647235519433
full_r3_sinc,50,0,1.421450176192701
full_r3_sinc,50,1,3.141204077184727
full_r3_sinc,50,2,3.4332879327095163
full_r3_sinc,50,3,4.833006407935638
full_r3_sinc,50,4,5.645296254253227
full_r3_sinc,50,5,5.830696461413881
full_r3_sinc,50,6,4.938607261254979
full_r3_sinc,50,7,4.980442897417708
full_r3_sinc,50,8,3.7370513046135443
full_r3_sinc,50,9,7.929566928973671
full_r3_sinc,50,10,6.898594872010973
full_r3_sinc,50,11,5.850852728808451
full_r3_sinc,50,12,4.576203733840262
full_r3_sinc,50,13,6.6692468121403365
full_r3_sinc,50,14,5.97353268283001
full_r3_sinc,50,15,4.011512851714207
full_r3_sinc,50,16,5.129381524696086
full_r3_sinc,50,17,4.13425989967089
full_r3_sinc,50,18,4.378040811703924
full_r3_sinc,50,19,2.3637087248850355
full_r3_sinc,50,20,2.3224868517682324
full_r3_sinc,50,21,3.511138087068506
full_r3_sinc,50,22,3.6564363621983595
full_r3_sinc,50,23,2.979922567707232
full_r3_sinc,50,24,3.1615746191603273
full_r3_sinc,50,25,4.409293729912726
full_r3_sinc,50,26,3.599272997881167
full_r3_sinc,51,0,2.1400906219265905
full_r3_sinc,51,1,6.1550995718826
full_r3_sinc,51,2,6.771914765724396
full_r3_sinc,51,3,7.797596337361425
full_r3_sinc,51,4,7.644499162513762
full_r3_sinc,51,5,7.014210142331486
full_r3_sinc,51,6,6.448925120428537
full_r3_sinc,51,7,7.003494352749861
full_r3_sinc,51,8,9.17955220278929
full_r3_sinc,51,9,9.762415972924916
full_r3_sinc,51,10,8.314863908101449
full_r3_sinc,51,11,5.940346284383302
full_r3_sinc,51,12,9.766489380219756
full_r3_sinc,51,13,10.30239607733175
full_r3_sinc,51,14,10.043664389879439
full_r3_sinc,51,15,6.625847971255238
full_r3_sinc,51,16,13.820214911285678
full_r3_sinc,51,17,6.825211771557158
full_r3_sinc,51,18,8.751746970630542
full_r3_sinc,51,19,6.014425945196832
full_r3_sinc,51,20,5.690219002388661
full_r3_sinc,51,21,7.456215670256678
full_r3_sinc,51,22,6.997053497271349
full_r3_sinc,51,23,6.7426180117261545
full_r3_sinc,51,24,6.248478395285359
full_r3_sinc,51,25,6.056440357127277
full_r3_sinc,51,26,5.550224987481227
full_r3_sinc,51,27,6.898827587568079
full_r3_sinc,51,28,5.967811251057374
full_r3_sinc,51,29,7.182794233354285
full_r3_sinc,51,30,6.874586503185675
full_r3_stft,42,0,1.726481401351867
full_r3_stft,42,1,1.5056786618540021
full_r3_stft,42,2,1.15103164919409
full_r3_stft,42,3,1.3457706272148435
full_r3_stft,42,4,1.4147162943011455
full_r3_stft,42,5,1.395669045297156
full_r3_stft,42,6,1.2177710722708177
full_r3_stft,42,7,1.2308987921817816
full_r3_stft,42,8,1.4671817469944037
full_r3_stft,42,9,1.1893687579906471
full_r3_stft,42,10,1.4335539506645791
full_r3_stft,42,11,1.6666270581156226
full_r3_stft,42,12,1.610092462073832
full_r3_stft,42,13,2.3340408559336887
full_r3_stft,42,14,1.5493011660036529
full_r3_stft,42,15,1.877504638585143
full_r3_stft,42,16,2.1395464246404883
full_r3_stft,42,17,1.5148172264619142
full_r3_stft,42,18,1.3698754747265904
full_r3_stft,42,19,1.2626607881251812
full_r3_stft,42,20,0.8425913850099734
full_r3_stft,43,0,1.447181674157724
full_r3_stft,43,1,1.823800404406392
full_r3_stft,43,2,1.8569830524066206
full_r3_stft,43,3,2.29276569321841
full_r3_stft,43,4,1.8432841980204677
full_r3_stft,43,5,2.157167936210281
full_r3_stft,43,6,1.773561758389866
full_r3_stft,43,7,2.399114954345859
full_r3_stft,43,8,3.2893542349146063
full_r3_stft,43,9,2.7821312670625757
full_r3_stft,43,10,2.9199678460241403
full_r3_stft,43,11,2.2130343003429207
full_r3_stft,44,0,1.6307281251709524
full_r3_stft,44,1,1.4939186721877422
full_r3_stft,44,2,2.015690892080961
full_r3_stft,44,3,2.2191698335521393
full_r3_stft,44,4,2.0821377345169485
full_r3_stft,44,5,2.5525455286165295
full_r3_stft,44,6,3.3651571682772676
full_r3_stft,44,7,2.0907687156218007
full_r3_stft,44,8,2.4391401933990715
full_r3_stft,44,9,2.8995101923525315
full_r3_stft,44,10,2.551557566661484
full_r3_stft,44,11,1.7498419706693507
full_r3_stft,44,12,1.69184841486568
full_r3_stft,44,13,3.591563241311997
full_r3_stft,44,14,1.397366098145087
full_r3_stft,44,15,1.761519739195763
full_r3_stft,44,16,2.0584216786262877
full_r3_stft,44,17,1.3948379324989342
full_r3_stft,44,18,2.807460081623924
full_r3_stft,44,19,1.7448251977226286
full_r3_stft,44,20,1.302584544566975
full_r3_stft,44,21,1.9709093556817439
full_r3_stft,44,22,2.8414785392890987
full_r3_stft,44,23,1.7859837520371789
full_r3_stft,44,24,2.5250002174845516
full_r3_stft,44,25,1.0611842309676724
full_r3_stft,44,26,1.3532326994470787
full_r3_stft,44,27,1.625472448908562
full_r3_stft,45,0,1.8664291124040673
full_r3_stft,45,1,2.3682293470110745
full_r3_stft,45,2,2.6035970372328134
full_r3_stft,45,3,3.2124856659366503
full_r3_stft,45,4,2.8659170534484444
full_r3_stft,45,5,2.127863511763434
full_r3_stft,45,6,3.8269223772644425
full_r3_stft,45,7,2.4339598885356564
full_r3_stft,45,8,2.75341596981469
full_r3_stft,45,9,3.469783725330459
full_r3_stft,45,10,2.719379646147142
full_r3_stft,45,11,2.5145957763469866
full_r3_stft,45,12,3.445080632294447
full_r3_stft,45,13,2.691515041358515
full_r3_stft,45,14,5.229008750686292
full_r3_stft,45,15,2.5209960453750764
full_r3_stft,45,16,1.7393579429772434
full_r3_stft,45,17,1.7468672037010444
full_r3_stft,45,18,2.6838619235439234
full_r3_stft,46,0,1.5089219302863939
full_r3_stft,46,1,3.228890680073447
full_r3_stft,46,2,3.892335005220087
full_r3_stft,46,3,2.6387305613893357
full_r3_stft,46,4,3.207180002777629
full_r3_stft,46,5,3.3781763872163286
full_r3_stft,46,6,4.789438440359408
full_r3_stft,46,7,3.8241201488914673
full_r3_stft,46,8,3.9898436634892853
full_r3_stft,46,9,3.3964753711877513
full_r3_stft,46,10,3.315639740159094
full_r3_stft,46,11,2.994114697980975
full_r3_stft,47,0,1.3005483361800616
full_r3_stft,47,1,2.339458718931597
full_r3_stft,47,2,2.601686880148228
full_r3_stft,47,3,1.9058708171831393
full_r3_stft,47,4,2.5352478841928643
full_r3_stft,47,5,3.0971091448704717
full_r3_stft,47,6,2.8610380250794205
full_r3_stft,47,7,3.18753744437726
full_r3_stft,47,8,3.0946410587858804
full_r3_stft,47,9,2.8468499779039007
full_r3_stft,47,10,1.9016735692237146
full_r3_stft,47,11,2.3041848495190407
full_r3_stft,47,12,2.4862996813109755
full_r3_stft,48,0,1.3976178571875053
full_r3_stft,48,1,1.1288350579234656
full_r3_stft,48,2,1.8762019840408128
full_r3_stft,48,3,1.5681847682195402
full_r3_stft,48,4,1.6429333441209226
full_r3_stft,48,5,1.5829079985654018
full_r3_stft,48,6,1.929072632801891
full_r3_stft,48,7,1.2021423295160918
full_r3_stft,48,8,1.587619278844979
full_r3_stft,48,9,2.117687456336458
full_r3_stft,48,10,2.0804190891707086
full_r3_stft,48,11,1.3156008860868835
full_r3_stft,48,12,1.9979711698073501
full_r3_stft,48,13,1.31299111264148
full_r3_stft,48,14,1.4536158130109322
full_r3_stft,48,15,1.613620302785458
full_r3_stft,48,16,1.5944285056812078
full_r3_stft,48,17,1.2771892437352508
full_r3_stft,48,18,1.2601756244122702
full_r3_stft,48,19,1.3355486921702426
full_r3_stft,48,20,1.6305181005963028
full_r3_stft,48,21,1.8712783075626884
full_r3_stft,48,22,1.6459101814973724
full_r3_stft,48,23,1.4338620811561626
full_r3_stft,48,24,1.286824094191852
full_r3_stft,48,25,1.3402430078313663
full_r3_stft,48,26,1.678736885421639
full_r3_stft,48,27,1.6217305329080935
full_r3_stft,48,28,1.7942051613163974
full_r3_stft,48,29,1.5353608133251155
full_r3_stft,48,30,1.802811822663495
full_r3_stft,48,31,1.9842667747431004
full_r3_stft,48,32,1.7124595739644421
full_r3_stft,49,0,1.826021532805969
full_r3_stft,49,1,2.9320964871104302
full_r3_stft,49,2,2.78807730432413
full_r3_stft,49,3,2.6082094338664468
full_r3_stft,49,4,3.150933179924277
full_r3_stft,49,5,2.1747564563026422
full_r3_stft,49,6,2.576295956030612
full_r3_stft,49,7,3.09438872629722
full_r3_stft,49,8,3.0489172135116958
full_r3_stft,49,9,3.4472773298558836
full_r3_stft,49,10,2.5628215635502163
full_r3_stft,49,11,2.7823272111983544
full_r3_stft,49,12,3.3730097158812624
full_r3_stft,49,13,2.535709318437941
full_r3_stft,49,14,1.7888775361887195
full_r3_stft,49,15,1.8872624437060648
full_r3_stft,49,16,2.1796315053347795
full_r3_stft,49,17,2.3184349221052045
full_r3_stft,49,18,2.1976571768097273
full_r3_stft,49,19,2.6232349556441923
full_r3_stft,49,20,2.2044481668919422
full_r3_stft,49,21,1.5554626433214986
full_r3_stft,49,22,1.7376212018931194
full_r3_stft,49,23,2.6030074427426038
full_r3_stft,50,0,1.6385536758383727
full_r3_stft,50,1,2.3872660346954127
full_r3_stft,50,2,2.017208262169354
full_r3_stft,50,3,2.4740091540758584
full_r3_stft,50,4,2.0320322611388915
full_r3_stft,50,5,3.6658944075045348
full_r3_stft,50,6,3.5776627861071884
full_r3_stft,50,7,3.292636572417047
full_r3_stft,50,8,4.1657926568027435
full_r3_stft,50,9,4.050314191676304
full_r3_stft,50,10,3.842042294462004
full_r3_stft,50,11,3.2334712049761487
full_r3_stft,50,12,2.7558599804367634
full_r3_stft,50,13,2.7339390236249326
full_r3_stft,50,14,4.072892338274653
full_r3_stft,50,15,2.821478131847443
full_r3_stft,50,16,2.966449306011432
full_r3_stft,50,17,2.8345226585101555
full_r3_stft,50,18,2.3310875885725677
full_r3_stft,50,19,2.39668084245849
full_r3_stft,50,20,1.7300418772290893
full_r3_stft,50,21,2.525780112514433
full_r3_stft,50,22,3.0852550304209165
full_r3_stft,50,23,2.206178368073391
full_r3_stft,51,0,1.4244440817833386
full_r3_stft,51,1,2.528572840482611
full_r3_stft,51,2,3.0186168728865184
full_r3_stft,51,3,2.6743371375264697
full_r3_stft,51,4,2.837041864944916
full_r3_stft,51,5,2.3649023306898327
full_r3_stft,51,6,2.7641175873402455
full_r3_stft,51,7,2.922340293551571
full_r3_stft,51,8,3.2037000222991954
full_r3_stft,51,9,2.472334818769336
full_r3_stft,51,10,2.4243940948933242
full_r3_stft,51,11,3.295844082075678
full_r3_stft,51,12,4.934024330555744
full_r3_stft,51,13,4.568529445084239
full_r3_stft,51,14,3.1609004126716598
full_r3_stft,51,15,3.8087425500464915
full_r3_stft,51,16,2.37915647254294
full_r3_stft,51,17,2.2567567193829987
full_r3_stft,51,18,2.490581937686933
full_r3_stft,51,19,2.721739431085508
full_r3_stft,51,20,3.0468608204224696
full_r3_stft,51,21,3.046701783014674
full_r3_stft,51,22,1.5476377746155032
full_r3_stft,51,23,2.6141879939942667
full_r4_entmax,42,0,2.4978152970092555
full_r4_entmax,42,1,1.1252756473041223
full_r4_entmax,42,2,0.5466287843368882
full_r4_entmax,42,3,0.8376854999415462
full_r4_entmax,42,4,1.2956663133274096
full_r4_entmax,42,5,1.7485529878442818
full_r4_entmax,42,6,1.229083879489337
full_r4_entmax,42,7,0.6664056472077087
full_r4_entmax,42,8,1.4011428863422501
full_r4_entmax,42,9,0.7383372325114934
full_r4_entmax,42,10,0.7989242814508822
full_r4_entmax,42,11,0.9124381541372846
full_r4_entmax,42,12,1.2266416385476249
full_r4_entmax,42,13,1.2005835699212049
full_r4_entmax,42,14,0.7576225086412974
full_r4_entmax,42,15,0.8470864308542645
full_r4_entmax,42,16,0.8163881324869557
full_r4_entmax,42,17,0.7754958412574835
full_r4_entmax,42,18,0.789005472239604
full_r4_entmax,42,19,0.9447637520158187
full_r4_entmax,42,20,1.0236160365787925
full_r4_entmax,42,21,0.9900717656800659
full_r4_entmax,42,22,5.492151767580658
full_r4_entmax,42,23,1.9583455612981793
full_r4_entmax,42,24,0.6903054389620389
full_r4_entmax,42,25,1.1566706726546774
full_r4_entmax,42,26,1.3309297682967223
full_r4_entmax,43,0,1.8878025431188026
full_r4_entmax,43,1,2.185539691834915
full_r4_entmax,43,2,2.2366123873282313
full_r4_entmax,43,3,1.2280112972061619
full_r4_entmax,43,4,2.0135869268884945
full_r4_entmax,43,5,0.980854172610317
full_r4_entmax,43,6,1.35985490056607
full_r4_entmax,43,7,5.79883468420448
full_r4_entmax,43,8,2.9239190473963115
full_r4_entmax,43,9,2.8161359682081413
full_r4_entmax,43,10,5.627480197859242
full_r4_entmax,43,11,2.047592236556922
full_r4_entmax,43,12,3.755201982235543
full_r4_entmax,43,13,3.4092621371289757
full_r4_entmax,43,14,3.2447290682995664
full_r4_entmax,43,15,2.001902037710923
full_r4_entmax,43,16,2.061237106818906
full_r4_entmax,43,17,2.956166349630304
full_r4_entmax,43,18,3.209532043293626
full_r4_entmax,43,19,2.9334531183001644
full_r4_entmax,43,20,3.362270820678317
full_r4_entmax,43,21,3.2121001451688747
full_r4_entmax,43,22,5.0158693875830735
full_r4_entmax,43,23,2.3528906315642097
full_r4_entmax,43,24,1.5047787584592744
full_r4_entmax,43,25,2.0735692283787106
full_r4_entmax,43,26,2.4506928879082333
full_r4_entmax,43,27,2.0136330585697504
full_r4_entmax,43,28,1.8806214140598754
full_r4_entmax,43,29,1.7411873293445135
full_r4_entmax,43,30,1.4568456972920516
full_r4_entmax,44,0,2.505042923538416
full_r4_entmax,44,1,3.341101776385665
full_r4_entmax,44,2,3.980344086128918
full_r4_entmax,44,3,1.0146545715642534
full_r4_entmax,44,4,1.4573775128028612
full_r4_entmax,44,5,0.7952342652006381
full_r4_entmax,44,6,0.5311742432795504
full_r4_entmax,44,7,0.7892218222332459
full_r4_entmax,44,8,0.9570411166073189
full_r4_entmax,44,9,0.9711535673275252
full_r4_entmax,44,10,1.0403047753721406
full_r4_entmax,44,11,1.2935921047748489
full_r4_entmax,44,12,2.070942470047167
full_r4_entmax,44,13,1.000521405658211
full_r4_entmax,44,14,0.7888942960258609
full_r4_entmax,44,15,0.6694892142483251
full_r4_entmax,44,16,1.1409075209515698
full_r4_entmax,44,17,0.9871314687194198
full_r4_entmax,44,18,1.3701976569438863
full_r4_entmax,44,19,1.0639257960682662
full_r4_entmax,44,20,0.9449942027070457
full_r4_entmax,44,21,0.6749948581431073
full_r4_entmax,44,22,1.031795735304651
full_r4_entmax,44,23,0.8000033889257092
full_r4_entmax,44,24,1.0354895630646084
full_r4_entmax,44,25,1.2006116542710694
full_r4_entmax,44,26,0.9682812932211096
full_r4_entmax,45,0,2.0651324542338303
full_r4_entmax,45,1,4.513476149962863
full_r4_entmax,45,2,2.446224038641953
full_r4_entmax,45,3,3.695353520439103
full_r4_entmax,45,4,2.5035663322520545
full_r4_entmax,45,5,1.8628139096183618
full_r4_entmax,45,6,1.1027864031153367
full_r4_entmax,45,7,1.727385186076547
full_r4_entmax,45,8,1.6222643802598469
full_r4_entmax,45,9,2.3131554678270403
full_r4_entmax,45,10,2.0601019942418333
full_r4_entmax,45,11,2.0583379699033593
full_r4_entmax,45,12,1.608902827635184
full_r4_entmax,45,13,1.7024441720874088
full_r4_entmax,45,14,1.6166807442979083
full_r4_entmax,45,15,1.7499483716425903
full_r4_entmax,45,16,1.9594755118277556
full_r4_entmax,45,17,1.241253084863629
full_r4_entmax,45,18,2.6885483432950297
full_r4_entmax,45,19,2.313513256073189
full_r4_entmax,45,20,1.4429541872325444
full_r4_entmax,45,21,2.2421171613764406
full_r4_entmax,45,22,1.7161648737122446
full_r4_entmax,45,23,1.9819357753408644
full_r4_entmax,45,24,1.579369492360119
full_r4_entmax,45,25,2.5679088224945272
full_r4_entmax,45,26,1.6140134434415567
full_r4_entmax,46,0,2.787283804150479
full_r4_entmax,46,1,3.3112803475907135
full_r4_entmax,46,2,2.065589018481253
full_r4_entmax,46,3,1.1596476859626386
full_r4_entmax,46,4,1.947240684278191
full_r4_entmax,46,5,1.4642134121777204
full_r4_entmax,46,6,2.4162691040776734
full_r4_entmax,46,7,1.6746152815165907
full_r4_entmax,46,8,1.8594952825534312
full_r4_entmax,46,9,1.8393754551193668
full_r4_entmax,46,10,1.2162022536957366
full_r4_entmax,46,11,1.6037186389107323
full_r4_entmax,46,12,1.549740498566599
full_r4_entmax,46,13,1.1688640563497272
full_r4_entmax,46,14,1.6005342728653398
full_r4_entmax,46,15,1.9209338115349077
full_r4_entmax,46,16,1.3411633406451853
full_r4_entmax,46,17,1.1788145264866294
full_r4_entmax,46,18,1.2968406568127073
full_r4_entmax,46,19,0.9508785169295401
full_r4_entmax,46,20,0.9430391960219985
full_r4_entmax,46,21,0.7838695124168735
full_r4_entmax,46,22,1.533114977437532
full_r4_entmax,46,23,0.9186820827323059
full_r4_entmax,46,24,1.3378325698216238
full_r4_entmax,46,25,1.8438614998218692
full_r4_entmax,46,26,1.4508254606300537
full_r4_entmax,46,27,1.7924281485949876
full_r4_entmax,46,28,0.504488155870044
full_r4_entmax,46,29,0.9597142407433056
full_r4_entmax,46,30,1.8049219947972275
full_r4_entmax,46,31,1.2979138868794826
full_r4_entmax,46,32,1.7155491055630665
full_r4_entmax,46,33,1.121868243761017
full_r4_entmax,46,34,1.4513564592807167
full_r4_entmax,46,35,1.204976866944358
full_r4_entmax,46,36,0.6034468211630761
full_r4_entmax,46,37,0.6034021023650569
full_r4_entmax,46,38,1.1722946402918701
full_r4_entmax,46,39,0.6917474310470488
full_r4_entmax,47,0,3.9944769519063335
full_r4_entmax,47,1,3.1726619163983933
full_r4_entmax,47,2,1.0453799645587392
full_r4_entmax,47,3,0.848269713075289
full_r4_entmax,47,4,1.0004072849623
full_r4_entmax,47,5,1.7446689364681607
full_r4_entmax,47,6,1.2058424472725584
full_r4_entmax,47,7,1.1556649163253394
full_r4_entmax,47,8,1.2630903859334786
full_r4_entmax,47,9,1.3313338224213802
full_r4_entmax,47,10,0.9603449656554932
full_r4_entmax,47,11,1.5351453362213694
full_r4_entmax,47,12,1.6760796570407308
full_r4_entmax,47,13,1.4310434032928105
full_r4_entmax,47,14,1.795274754316753
full_r4_entmax,47,15,1.5677137716779996
full_r4_entmax,47,16,1.2878371769436454
full_r4_entmax,47,17,1.3731853158011706
full_r4_entmax,47,18,1.4830855461333976
full_r4_entmax,47,19,1.0744685548698525
full_r4_entmax,47,20,1.3665897003066823
full_r4_entmax,47,21,1.9892820914613205
full_r4_entmax,47,22,1.7459323228091932
full_r4_entmax,47,23,1.306010381670473
full_r4_entmax,47,24,3.0976633325950242
full_r4_entmax,47,25,1.3022966226627948
full_r4_entmax,47,26,1.559413199054799
full_r4_entmax,47,27,1.5043033473195249
full_r4_entmax,47,28,1.8486177761216078
full_r4_entmax,47,29,1.4725497163146994
full_r4_entmax,47,30,1.0555533140525535
full_r4_entmax,47,31,1.3708437813699619
full_r4_entmax,47,32,1.19422885823686
full_r4_entmax,47,33,2.3782504591353693
full_r4_entmax,47,34,0.9844265998249342
full_r4_entmax,47,35,1.0094283161295063
full_r4_entmax,47,36,1.1402344552384198
full_r4_entmax,47,37,0.9874202153561398
full_r4_entmax,48,0,2.5472468484114095
full_r4_entmax,48,1,1.7568621038774352
full_r4_entmax,48,2,1.5354449470396976
full_r4_entmax,48,3,1.250702746137351
full_r4_entmax,48,4,1.1444136959438729
full_r4_entmax,48,5,1.9243702046617837
full_r4_entmax,48,6,1.5764530855014818
full_r4_entmax,48,7,1.3712678734911257
full_r4_entmax,48,8,0.952395769810232
full_r4_entmax,48,9,0.9298167003101889
full_r4_entmax,48,10,1.017587042746533
full_r4_entmax,48,11,1.0521496675831314
full_r4_entmax,48,12,2.59363274210944
full_r4_entmax,48,13,1.4133511926195634
full_r4_entmax,48,14,1.6966541478801984
full_r4_entmax,48,15,1.4801469382363495
full_r4_entmax,48,16,1.0122615791505363
full_r4_entmax,48,17,0.9206969424467817
full_r4_entmax,48,18,1.1686234348175861
full_r4_entmax,48,19,1.1044270820749773
full_r4_entmax,48,20,0.5844361307077974
full_r4_entmax,48,21,1.2111703087354742
full_r4_entmax,48,22,1.4353701506857433
full_r4_entmax,48,23,1.1161505814095876
full_r4_entmax,48,24,1.4389765384586368
full_r4_entmax,48,25,1.7747256334799741
full_r4_entmax,48,26,1.6210772176724848
full_r4_entmax,48,27,1.1364736708283112
full_r4_entmax,48,28,0.765288447738663
full_r4_entmax,48,29,1.4962733107839377
full_r4_entmax,48,30,1.2939472562646903
full_r4_entmax,48,31,1.1249332422445528
full_r4_entmax,49,0,2.5497492739591205
full_r4_entmax,49,1,1.7173694997339202
full_r4_entmax,49,2,1.008886570088861
full_r4_entmax,49,3,1.4619256612305986
full_r4_entmax,49,4,2.91386539921064
full_r4_entmax,49,5,2.4896397470511538
full_r4_entmax,49,6,1.3528558856927626
full_r4_entmax,49,7,1.1784131959601636
full_r4_entmax,49,8,2.0208300666494456
full_r4_entmax,49,9,1.7311970538782728
full_r4_entmax,49,10,3.355412061562066
full_r4_entmax,49,11,3.2952848770477137
full_r4_entmax,49,12,2.8757156288313253
full_r4_entmax,49,13,1.8853819954535451
full_r4_entmax,49,14,1.8893757205518646
full_r4_entmax,49,15,1.9008264136774757
full_r4_entmax,49,16,2.5630637206006286
full_r4_entmax,49,17,2.522535514815578
full_r4_entmax,49,18,3.965453129629784
full_r4_entmax,49,19,3.2135482482211546
full_r4_entmax,49,20,1.9624116566497993
full_r4_entmax,49,21,2.5262201104607893
full_r4_entmax,49,22,2.8843483758180635
full_r4_entmax,49,23,4.866030366323397
full_r4_entmax,50,0,2.7027907276772076
full_r4_entmax,50,1,1.2312779176492903
full_r4_entmax,50,2,1.2498734514665872
full_r4_entmax,50,3,1.2925175805307592
full_r4_entmax,50,4,0.7348751841600787
full_r4_entmax,50,5,1.2406101992359693
full_r4_entmax,50,6,0.7181078312593872
full_r4_entmax,50,7,0.8010786532929823
full_r4_entmax,50,8,1.2139047027415952
full_r4_entmax,50,9,1.0425693738119792
full_r4_entmax,50,10,1.1366838645689574
full_r4_entmax,50,11,0.6672987122572498
full_r4_entmax,50,12,0.6190791217241012
full_r4_entmax,50,13,0.5707477102681254
full_r4_entmax,50,14,1.0061405772394028
full_r4_entmax,50,15,0.6169935163220464
full_r4_entmax,50,16,1.1266618325322397
full_r4_entmax,50,17,0.8677962621027431
full_r4_entmax,50,18,0.9637588373622141
full_r4_entmax,50,19,0.7654551806838977
full_r4_entmax,50,20,1.2013526869039453
full_r4_entmax,50,21,1.1108383892389897
full_r4_entmax,50,22,1.5703288957524264
full_r4_entmax,50,23,1.5325470879720369
full_r4_entmax,50,24,1.8601544999550075
full_r4_entmax,50,25,2.293583540242297
full_r4_entmax,50,26,1.9022924076740717
full_r4_entmax,50,27,2.40764978273461
full_r4_entmax,50,28,1.5392525356169007
full_r4_entmax,50,29,1.8274907058413874
full_r4_entmax,50,30,1.1345003551160084
full_r4_entmax,50,31,1.3036730993050576
full_r4_entmax,50,32,0.9922039509489194
full_r4_entmax,50,33,1.069579944986859
full_r4_entmax,50,34,1.9634545408719157
full_r4_entmax,50,35,1.3725718337808275
full_r4_entmax,50,36,1.3410926775577219
full_r4_entmax,50,37,1.3193235818820606
full_r4_entmax,51,0,2.583147398686445
full_r4_entmax,51,1,4.829784907829619
full_r4_entmax,51,2,4.728889509662886
full_r4_entmax,51,3,2.9922484572085404
full_r4_entmax,51,4,2.733846034014058
full_r4_entmax,51,5,2.851276005698847
full_r4_entmax,51,6,2.431797564074167
full_r4_entmax,51,7,1.5514699076204614
full_r4_entmax,51,8,1.5083796078605878
full_r4_entmax,51,9,1.6185968484122522
full_r4_entmax,51,10,1.5064520349419204
full_r4_entmax,51,11,2.829280757663173
full_r4_entmax,51,12,1.441894938223757
full_r4_entmax,51,13,0.8331653250623579
full_r4_entmax,51,14,1.3706856371492782
full_r4_entmax,51,15,1.792262508298219
full_r4_entmax,51,16,1.4327550129313673
full_r4_entmax,51,17,1.1411900943932611
full_r4_entmax,51,18,1.7092121009954313
full_r4_entmax,51,19,1.9916729931867743
full_r4_entmax,51,20,1.3793732781493042
full_r4_entmax,51,21,2.4311846496737664
full_r4_entmax,51,22,1.6414514291284426
full_r4_entmax,51,23,1.934401781786092
full_r4_entmax,51,24,1.035198822100182
full_r4_entmax,51,25,0.778090823902057
full_r4_entmax,51,26,0.9052916469390571
full_r4_entmax,51,27,1.481390639902283
full_r4_entmax,51,28,0.7232276450963588
full_r4_entmax,51,29,0.451268174420271
full_r4_entmax,51,30,1.2034492746698902
full_r4_lstm,42,0,2.382930920950865
full_r4_lstm,42,1,2.5256255027618115
full_r4_lstm,42,2,1.9399091471015473
full_r4_lstm,42,3,2.321596009951647
full_r4_lstm,42,4,1.7960176616422747
full_r4_lstm,42,5,1.4414499911674474
full_r4_lstm,42,6,1.5849391051310004
full_r4_lstm,42,7,1.3422566976140238
full_r4_lstm,42,8,1.9075657160627737
full_r4_lstm,42,9,2.5681964995939577
full_r4_lstm,42,10,1.5652638969389698
full_r4_lstm,42,11,2.8214162379101637
full_r4_lstm,42,12,2.0104699238383756
full_r4_lstm,42,13,2.0091297649572866
full_r4_lstm,42,14,1.5493745823345995
full_r4_lstm,42,15,1.4711259135239336
full_r4_lstm,42,16,1.5166616671682918
full_r4_lstm,42,17,1.415042543730367
full_r4_lstm,42,18,1.4591716495860265
full_r4_lstm,42,19,1.9057706471723503
full_r4_lstm,42,20,1.4698759991437307
full_r4_lstm,42,21,1.3053137807963338
full_r4_lstm,42,22,1.1086311981919992
full_r4_lstm,43,0,3.195413707564695
full_r4_lstm,43,1,4.220889692485301
full_r4_lstm,43,2,1.9080303755447514
full_r4_lstm,43,3,2.4914407725798977
full_r4_lstm,43,4,2.885383980142353
full_r4_lstm,43,5,1.9206060505503824
full_r4_lstm,43,6,2.2024282522622487
full_r4_lstm,43,7,2.0260905175318156
full_r4_lstm,43,8,2.42772856690403
full_r4_lstm,43,9,2.403096710092534
full_r4_lstm,43,10,2.181663777259054
full_r4_lstm,43,11,1.616116866377145
full_r4_lstm,43,12,1.8531446482624478
full_r4_lstm,44,0,3.318413454275711
full_r4_lstm,44,1,1.9043780840176205
full_r4_lstm,44,2,2.220634108833963
full_r4_lstm,44,3,1.6469356566224214
full_r4_lstm,44,4,2.0231732450675572
full_r4_lstm,44,5,2.1260695351448238
full_r4_lstm,44,6,2.612813881772635
full_r4_lstm,44,7,2.347282080663133
full_r4_lstm,44,8,2.3862133446812783
full_r4_lstm,44,9,1.8551866202865899
full_r4_lstm,44,10,1.957062240202685
full_r4_lstm,44,11,2.911823670760164
full_r4_lstm,44,12,3.4853191826645684
full_r4_lstm,45,0,2.6373518166522496
full_r4_lstm,45,1,2.7447520419226596
full_r4_lstm,45,2,1.9427411185592671
full_r4_lstm,45,3,1.6531568146707565
full_r4_lstm,45,4,1.716668986768167
full_r4_lstm,45,5,1.548546461857668
full_r4_lstm,45,6,2.332441690246495
full_r4_lstm,45,7,1.7592123345057624
full_r4_lstm,45,8,2.276227916418663
full_r4_lstm,45,9,1.6665514400273342
full_r4_lstm,45,10,1.253276289655883
full_r4_lstm,45,11,1.708195702005292
full_r4_lstm,45,12,2.0275594545475055
full_r4_lstm,45,13,1.9756278346454292
full_r4_lstm,45,14,1.9551411856209102
full_r4_lstm,45,15,1.9957810686835609
full_r4_lstm,45,16,1.1803620053253283
full_r4_lstm,45,17,1.736950876445794
full_r4_lstm,45,18,1.855178848711819
full_r4_lstm,45,19,1.4343009571165073
full_r4_lstm,45,20,1.2420709310184395
full_r4_lstm,45,21,1.8198589598623713
full_r4_lstm,45,22,1.5667688756340379
full_r4_lstm,45,23,1.681665376732839
full_r4_lstm,45,24,2.2539694994519546
full_r4_lstm,45,25,1.545186063762467
full_r4_lstm,45,26,1.984589468510681
full_r4_lstm,45,27,1.9858887182620675
full_r4_lstm,45,28,1.8125400991776348
full_r4_lstm,46,0,3.6752942234922776
full_r4_lstm,46,1,3.629466704443802
full_r4_lstm,46,2,1.5839134284548666
full_r4_lstm,46,3,1.779909023326769
full_r4_lstm,46,4,1.9004700700187591
full_r4_lstm,46,5,1.6696294591371417
full_r4_lstm,46,6,2.7981588759325007
full_r4_lstm,46,7,1.9429109284550918
full_r4_lstm,46,8,1.684637574536687
full_r4_lstm,46,9,2.3254229958819694
full_r4_lstm,46,10,1.7356622686541718
full_r4_lstm,46,11,2.341208346373767
full_r4_lstm,46,12,1.8451398429698598
full_r4_lstm,46,13,1.8831673825251936
full_r4_lstm,46,14,2.0206111148881387
full_r4_lstm,46,15,2.260355382501027
full_r4_lstm,46,16,2.3537097389829205
full_r4_lstm,46,17,2.05858337760123
full_r4_lstm,46,18,1.790082955597311
full_r4_lstm,46,19,1.5003183453788993
full_r4_lstm,46,20,1.5596440652834296
full_r4_lstm,46,21,1.8530044230342733
full_r4_lstm,46,22,2.0713312179957954
full_r4_lstm,46,23,1.9841657416675933
full_r4_lstm,46,24,1.5122008086215701
full_r4_lstm,46,25,1.6066221240235574
full_r4_lstm,46,26,1.7250064841684367
full_r4_lstm,46,27,1.90522297828246
full_r4_lstm,46,28,1.910635750221601
full_r4_lstm,46,29,1.5414953745241955
full_r4_lstm,46,30,1.903541648943061
full_r4_lstm,47,0,3.4841084623936625
full_r4_lstm,47,1,2.255363235348582
full_r4_lstm,47,2,1.6427676671602702
full_r4_lstm,47,3,2.3283232136328547
full_r4_lstm,47,4,2.1600761772026673
full_r4_lstm,47,5,2.4432519064170832
full_r4_lstm,47,6,3.210181896227449
full_r4_lstm,47,7,2.6358365600358615
full_r4_lstm,47,8,2.211777440964081
full_r4_lstm,47,9,2.2157928661298403
full_r4_lstm,47,10,2.0765024929376885
full_r4_lstm,47,11,2.115645839417588
full_r4_lstm,47,12,1.8364452257222061
full_r4_lstm,47,13,1.9916788996590766
full_r4_lstm,47,14,1.9499215062034196
full_r4_lstm,47,15,1.850301966339531
full_r4_lstm,47,16,1.2926039038123673
full_r4_lstm,47,17,2.171049399647349
full_r4_lstm,47,18,2.6208532669988553
full_r4_lstm,47,19,1.9863008185990643
full_r4_lstm,47,20,1.7691960238450875
full_r4_lstm,47,21,1.5019648692717569
full_r4_lstm,47,22,2.0383408202206423
full_r4_lstm,47,23,1.8773298225277286
full_r4_lstm,47,24,1.4678873617524497
full_r4_lstm,47,25,1.5378626072595885
full_r4_lstm,47,26,1.8701461225606462
full_r4_lstm,47,27,1.6512849385378146
full_r4_lstm,47,28,1.388512583740607
full_r4_lstm,47,29,1.4141005746547852
full_r4_lstm,47,30,1.5057003709164523
full_r4_lstm,48,0,3.7596636748975163
full_r4_lstm,48,1,2.6863709735326493
full_r4_lstm,48,2,1.3632135703925408
full_r4_lstm,48,3,1.4754685865764352
full_r4_lstm,48,4,1.3919643369616028
full_r4_lstm,48,5,1.4495266932496949
full_r4_lstm,48,6,1.704860874129368
full_r4_lstm,48,7,1.6800030691912615
full_r4_lstm,48,8,2.2429106939652645
full_r4_lstm,48,9,1.708713206302766
full_r4_lstm,48,10,1.713885065258836
full_r4_lstm,48,11,1.4156757144137395
full_r4_lstm,48,12,1.2644735025912412
full_r4_lstm,48,13,2.196392084028686
full_r4_lstm,48,14,2.0140435724325885
full_r4_lstm,48,15,1.960223758448989
full_r4_lstm,48,16,1.8533413073852953
full_r4_lstm,48,17,1.9942232919638079
full_r4_lstm,49,0,2.8394579858164404
full_r4_lstm,49,1,2.4190148320368943
full_r4_lstm,49,2,3.0252932976219595
full_r4_lstm,49,3,2.317621332796315
full_r4_lstm,49,4,1.0229316911744109
full_r4_lstm,49,5,1.3758594693665676
full_r4_lstm,49,6,2.121510056264556
full_r4_lstm,49,7,1.5485551553306975
full_r4_lstm,49,8,1.8890834711511064
full_r4_lstm,49,9,2.0970591567538426
full_r4_lstm,49,10,2.1874860877194044
full_r4_lstm,49,11,2.157028599639022
full_r4_lstm,49,12,2.1613698133824037
full_r4_lstm,50,0,3.4192961929548327
full_r4_lstm,50,1,3.4560985103884962
full_r4_lstm,50,2,3.8949555879412636
full_r4_lstm,50,3,2.989062494530303
full_r4_lstm,50,4,3.152819118179055
full_r4_lstm,50,5,2.778780959568386
full_r4_lstm,50,6,3.783026416890007
full_r4_lstm,50,7,3.796265816112663
full_r4_lstm,50,8,4.489775732605574
full_r4_lstm,50,9,4.261550815646151
full_r4_lstm,50,10,3.8859821102340937
full_r4_lstm,50,11,3.7818067287355945
full_r4_lstm,51,0,3.14377545474117
full_r4_lstm,51,1,3.0269271367408046
full_r4_lstm,51,2,1.8522716094170404
full_r4_lstm,51,3,2.5699044074233814
full_r4_lstm,51,4,1.5376168990499293
full_r4_lstm,51,5,1.9190702181638184
full_r4_lstm,51,6,1.8232065390830943
full_r4_lstm,51,7,1.6524923683359973
full_r4_lstm,51,8,1.8198902120627567
full_r4_lstm,51,9,1.8632724461101158
full_r4_lstm,51,10,1.413992351090414
full_r4_lstm,51,11,1.6666983033110843
full_r4_lstm,51,12,1.8959006563582588
full_r4_lstm,51,13,1.972034132113063
full_r4_lstm,51,14,1.7079894219527882
full_r4_lstm,51,15,1.7473716374302288
full_r4_lstm,51,16,1.6502813438642154
full_r4_lstm,51,17,1.615503664559437
full_r4_lstm,51,18,1.7643626915386963
full_r4_lstm,51,19,1.646145876646865
full_r4_lstm,51,20,1.4983832897611882
full_r4_lstm,51,21,1.6359352670916345
full_r4_lstm,51,22,1.4762886570940703
full_r4_lstm,51,23,1.8438587555843808
full_r4_lstm,51,24,1.7673665175074507
full_r4_lstm,51,25,1.8443467890215097
full_r4_lstm,51,26,1.6729832571610812
full_r4_lstm,51,27,1.4120062153816475
full_r4_lstm,51,28,1.4210639681712887
full_r4_lstm,51,29,1.1145774196818412
full_r4_lstm,51,30,1.7766834486417364
full_r4_lstm,51,31,1.3816038272283155
full_r4_lstm,51,32,1.4210481080400346
full_r4_lstm,51,33,1.2229668735725363
full_r4_lstm,51,34,1.435657076750291
full_r4_lstm,51,35,1.3112242693935783
full_r4_lstm,51,36,1.4759658998508516
full_r4_lstm,51,37,1.1160507849228667
full_r4_lstm,51,38,1.1883591225905479
full_r4_sparsemax,42,0,3.217440396241624
full_r4_sparsemax,42,1,1.0964887581865292
full_r4_sparsemax,42,2,1.8845588105716757
full_r4_sparsemax,42,3,0.9121126970328546
full_r4_sparsemax,42,4,2.8190915863607144
full_r4_sparsemax,42,5,2.326152378976517
full_r4_sparsemax,42,6,1.775011118426699
full_r4_sparsemax,42,7,0.8863579887229607
full_r4_sparsemax,42,8,1.403570102210711
full_r4_sparsemax,42,9,2.0356281919464054
full_r4_sparsemax,42,10,1.8649169218194714
full_r4_sparsemax,42,11,2.579407798966277
full_r4_sparsemax,42,12,1.8216390105186362
full_r4_sparsemax,42,13,1.8629690750207821
full_r4_sparsemax,42,14,0.8727191266366092
full_r4_sparsemax,42,15,1.1856114918517886
full_r4_sparsemax,42,16,0.9455218220050079
full_r4_sparsemax,42,17,0.8832485673054736
full_r4_sparsemax,42,18,2.0107903311922426
full_r4_sparsemax,42,19,2.1021239473569886
full_r4_sparsemax,42,20,0.9257567313880155
full_r4_sparsemax,42,21,1.4027054455055634
full_r4_sparsemax,42,22,3.096150774126693
full_r4_sparsemax,42,23,0.9998886762998691
full_r4_sparsemax,42,24,2.345075586353298
full_r4_sparsemax,42,25,0.9868158458371222
full_r4_sparsemax,42,26,2.0503556508312806
full_r4_sparsemax,42,27,4.194058122717445
full_r4_sparsemax,42,28,1.684060847554487
full_r4_sparsemax,43,0,3.0236167180407074
full_r4_sparsemax,43,1,5.377851871984339
full_r4_sparsemax,43,2,4.755201644230965
full_r4_sparsemax,43,3,3.0813052118674125
full_r4_sparsemax,43,4,3.295449413510651
full_r4_sparsemax,43,5,3.054558458056259
full_r4_sparsemax,43,6,2.742223293618421
full_r4_sparsemax,43,7,3.260864847731015
full_r4_sparsemax,43,8,5.091773417161881
full_r4_sparsemax,43,9,2.7841496776631454
full_r4_sparsemax,43,10,3.460766032198112
full_r4_sparsemax,43,11,3.0733638601010265
full_r4_sparsemax,43,12,2.348989893904514
full_r4_sparsemax,43,13,2.491371548192116
full_r4_sparsemax,43,14,2.867285788397025
full_r4_sparsemax,43,15,2.8846019983516387
full_r4_sparsemax,43,16,2.2727991114122696
full_r4_sparsemax,43,17,4.088156503559598
full_r4_sparsemax,43,18,2.3659980413994846
full_r4_sparsemax,43,19,3.4892910126703383
full_r4_sparsemax,43,20,2.330288469429263
full_r4_sparsemax,43,21,9.208959329314851
full_r4_sparsemax,43,22,2.6944624719527077
full_r4_sparsemax,43,23,1.4768350841985505
full_r4_sparsemax,44,0,3.2483353922213407
full_r4_sparsemax,44,1,1.5747366264565619
full_r4_sparsemax,44,2,1.7648646855105394
full_r4_sparsemax,44,3,1.279293314810758
full_r4_sparsemax,44,4,2.308237612034424
full_r4_sparsemax,44,5,0.8056377568883827
full_r4_sparsemax,44,6,0.6690992418281866
full_r4_sparsemax,44,7,1.220039973438435
full_r4_sparsemax,44,8,0.9363201864335587
full_r4_sparsemax,44,9,1.2717315421667388
full_r4_sparsemax,44,10,0.6621667969893912
full_r4_sparsemax,44,11,1.17759859098308
full_r4_sparsemax,44,12,1.0044736152847809
full_r4_sparsemax,44,13,1.02246884503167
full_r4_sparsemax,44,14,0.955525702192008
full_r4_sparsemax,44,15,0.9131434990328564
full_r4_sparsemax,44,16,1.253647395823633
full_r4_sparsemax,44,17,0.8902752209789563
full_r4_sparsemax,44,18,1.2837661369985374
full_r4_sparsemax,44,19,0.7405620828543229
full_r4_sparsemax,44,20,0.9959695408960894
full_r4_sparsemax,44,21,1.2071264826235353
full_r4_sparsemax,44,22,0.792431230479689
full_r4_sparsemax,44,23,0.7986086465225087
full_r4_sparsemax,44,24,1.5851847663511744
full_r4_sparsemax,44,25,1.1273081163790313
full_r4_sparsemax,44,26,1.2921643560799096
full_r4_sparsemax,44,27,1.7526704218738942
full_r4_sparsemax,44,28,0.9886852277631953
full_r4_sparsemax,44,29,1.0359274986612497
full_r4_sparsemax,44,30,1.085253618061488
full_r4_sparsemax,45,0,3.179763565740357
full_r4_sparsemax,45,1,2.9978035235168283
full_r4_sparsemax,45,2,3.6830584157388655
full_r4_sparsemax,45,3,4.53437897762894
full_r4_sparsemax,45,4,2.2239847878092887
full_r4_sparsemax,45,5,4.845172195151575
full_r4_sparsemax,45,6,3.2093479896828265
full_r4_sparsemax,45,7,3.018745669740004
full_r4_sparsemax,45,8,1.5396224158517744
full_r4_sparsemax,45,9,2.0380472131531726
full_r4_sparsemax,45,10,3.3846791155825486
full_r4_sparsemax,45,11,2.8636584904709066
full_r4_sparsemax,45,12,3.629424476695134
full_r4_sparsemax,45,13,2.710538059254438
full_r4_sparsemax,45,14,5.639213576214278
full_r4_sparsemax,45,15,1.0828786580278478
full_r4_sparsemax,45,16,2.1215327950697516
full_r4_sparsemax,45,17,1.8580486128639653
full_r4_sparsemax,45,18,3.065181268590196
full_r4_sparsemax,45,19,4.015850133100383
full_r4_sparsemax,45,20,2.1034993690848234
full_r4_sparsemax,45,21,2.979433155717321
full_r4_sparsemax,45,22,2.206113525250447
full_r4_sparsemax,45,23,4.414133610099364
full_r4_sparsemax,46,0,3.4077638626547824
full_r4_sparsemax,46,1,3.3571907672269243
full_r4_sparsemax,46,2,3.9099552572966245
full_r4_sparsemax,46,3,2.965429089512803
full_r4_sparsemax,46,4,3.890626189923272
full_r4_sparsemax,46,5,3.702179583630184
full_r4_sparsemax,46,6,2.823654950075204
full_r4_sparsemax,46,7,1.8263158107139246
full_r4_sparsemax,46,8,2.6658580203320437
full_r4_sparsemax,46,9,2.7142105844017763
full_r4_sparsemax,46,10,1.5188498790213187
full_r4_sparsemax,46,11,2.6581005328771745
full_r4_sparsemax,46,12,3.1399326334865405
full_r4_sparsemax,46,13,2.985665923604578
full_r4_sparsemax,46,14,1.8457552447109848
full_r4_sparsemax,46,15,2.415908795868958
full_r4_sparsemax,46,16,5.256042227312113
full_r4_sparsemax,46,17,3.979400865201171
full_r4_sparsemax,46,18,2.7897542286982144
full_r4_sparsemax,46,19,4.108539635904401
full_r4_sparsemax,46,20,3.9502312378657893
full_r4_sparsemax,46,21,4.9269163464789365
full_r4_sparsemax,46,22,2.774945399083916
full_r4_sparsemax,46,23,4.308531768813551
full_r4_sparsemax,46,24,4.82943477628311
full_r4_sparsemax,46,25,3.123347334200211
full_r4_sparsemax,46,26,3.976574224899675
full_r4_sparsemax,46,27,5.2757763274652465
full_r4_sparsemax,46,28,2.1566716164531563
full_r4_sparsemax,46,29,3.33384985621509
full_r4_sparsemax,46,30,2.8467495426249623
full_r4_sparsemax,47,0,2.039659910831279
full_r4_sparsemax,47,1,2.6075339424536588
full_r4_sparsemax,47,2,2.832456562041111
full_r4_sparsemax,47,3,2.6125427919283415
full_r4_sparsemax,47,4,1.9179089243900005
full_r4_sparsemax,47,5,2.320757592432147
full_r4_sparsemax,47,6,3.6246985887474237
full_r4_sparsemax,47,7,4.590206654770064
full_r4_sparsemax,47,8,4.239288379281527
full_r4_sparsemax,47,9,3.2988459404253474
full_r4_sparsemax,47,10,3.480859575712745
full_r4_sparsemax,47,11,2.89240170873461
full_r4_sparsemax,47,12,3.204124805492058
full_r4_sparsemax,47,13,3.168202234584541
full_r4_sparsemax,47,14,3.2870790223660546
full_r4_sparsemax,47,15,3.27766542863127
full_r4_sparsemax,48,0,2.4907723781121147
full_r4_sparsemax,48,1,1.5803632431453596
full_r4_sparsemax,48,2,2.1844020938828206
full_r4_sparsemax,48,3,1.5018007307599848
full_r4_sparsemax,48,4,1.8977308764145522
full_r4_sparsemax,48,5,0.9312896146675971
full_r4_sparsemax,48,6,1.2288079279837902
full_r4_sparsemax,48,7,1.198571744322119
full_r4_sparsemax,48,8,2.3914915601336006
full_r4_sparsemax,48,9,1.5979191834045898
full_r4_sparsemax,48,10,1.3801156470777243
full_r4_sparsemax,48,11,1.1646347209687429
full_r4_sparsemax,48,12,1.4136058628186223
full_r4_sparsemax,48,13,1.4557360293680008
full_r4_sparsemax,48,14,1.3476409879871944
full_r4_sparsemax,48,15,1.0589694431128036
full_r4_sparsemax,48,16,1.276803263368006
full_r4_sparsemax,48,17,1.0510910915009783
full_r4_sparsemax,48,18,1.2052670960099003
full_r4_sparsemax,48,19,2.4901056530272805
full_r4_sparsemax,48,20,1.803700788076889
full_r4_sparsemax,48,21,0.7260841875404559
full_r4_sparsemax,48,22,1.2570045407866715
full_r4_sparsemax,48,23,2.1865158390038957
full_r4_sparsemax,48,24,1.1569214438202104
full_r4_sparsemax,48,25,0.6637556025591216
full_r4_sparsemax,49,0,3.1108631122886434
full_r4_sparsemax,49,1,4.170764213838432
full_r4_sparsemax,49,2,3.58307389662861
full_r4_sparsemax,49,3,3.3082640557224545
full_r4_sparsemax,49,4,2.915951518664533
full_r4_sparsemax,49,5,1.879895362899516
full_r4_sparsemax,49,6,2.2387903794447626
full_r4_sparsemax,49,7,1.9496914991246137
full_r4_sparsemax,49,8,2.610424834528435
full_r4_sparsemax,49,9,2.098515384637648
full_r4_sparsemax,49,10,2.007514163796918
full_r4_sparsemax,49,11,3.309260150055273
full_r4_sparsemax,49,12,3.094046319340887
full_r4_sparsemax,49,13,3.113851078638044
full_r4_sparsemax,49,14,3.085178610182746
full_r4_sparsemax,49,15,2.591910123814677
full_r4_sparsemax,49,16,2.183536320498787
full_r4_sparsemax,49,17,1.8682569861772491
full_r4_sparsemax,49,18,1.767293375383098
full_r4_sparsemax,49,19,2.802850525891233
full_r4_sparsemax,49,20,2.3166943483285865
full_r4_sparsemax,49,21,1.5949498870738361
full_r4_sparsemax,49,22,2.0279890948628667
full_r4_sparsemax,49,23,1.6733469245573924
full_r4_sparsemax,49,24,2.470696024695936
full_r4_sparsemax,49,25,1.2368084305023865
full_r4_sparsemax,49,26,1.6502211851346726
full_r4_sparsemax,49,27,3.1900232169994216
full_r4_sparsemax,49,28,3.2740804684818166
full_r4_sparsemax,49,29,2.1700209557002017
full_r4_sparsemax,49,30,1.7475217115185764
full_r4_sparsemax,50,0,2.1700390754959233
full_r4_sparsemax,50,1,1.9868952092841643
full_r4_sparsemax,50,2,4.326470892817152
full_r4_sparsemax,50,3,2.893323640770695
full_r4_sparsemax,50,4,2.494255928014481
full_r4_sparsemax,50,5,2.0095807999667685
full_r4_sparsemax,50,6,1.9995459812951575
full_r4_sparsemax,50,7,2.7248747735446166
full_r4_sparsemax,50,8,0.9454956059192791
full_r4_sparsemax,50,9,1.7869046822011014
full_r4_sparsemax,50,10,2.122961317529191
full_r4_sparsemax,50,11,3.7474066251095883
full_r4_sparsemax,50,12,3.151333243500061
full_r4_sparsemax,50,13,2.7713035965342243
full_r4_sparsemax,50,14,2.210403164598838
full_r4_sparsemax,50,15,2.4247047816895577
full_r4_sparsemax,50,16,2.2706890127961574
full_r4_sparsemax,50,17,2.256806913721297
full_r4_sparsemax,50,18,3.345333919826723
full_r4_sparsemax,50,19,2.1331019105318894
full_r4_sparsemax,51,0,4.292589330719673
full_r4_sparsemax,51,1,7.420495490988765
full_r4_sparsemax,51,2,5.284414844960079
full_r4_sparsemax,51,3,3.7510202456819495
full_r4_sparsemax,51,4,3.7774374231468504
full_r4_sparsemax,51,5,3.596487477682189
full_r4_sparsemax,51,6,4.506205347278836
full_r4_sparsemax,51,7,2.814521797721903
full_r4_sparsemax,51,8,6.6509782335106955
full_r4_sparsemax,51,9,3.39110274396867
full_r4_sparsemax,51,10,2.0440489320442676
full_r4_sparsemax,51,11,2.7577277922377874
full_r4_sparsemax,51,12,2.1033355055489817
full_r4_sparsemax,51,13,1.9060132615869436
full_r4_sparsemax,51,14,2.1715070017830778
full_r4_sparsemax,51,15,2.5247055777078504
full_r4_sparsemax,51,16,2.338546110613674
full_r4_sparsemax,51,17,1.515305892684546
full_r4_sparsemax,51,18,1.7312760532191611
full_r4_sparsemax,51,19,2.2237974321121463
full_r4_sparsemax,51,20,3.912267881474716
full_r4_sparsemax,51,21,2.3183707400638323
full_r4_sparsemax,51,22,3.02025888461968
full_r4_sparsemax,51,23,4.048601476448978
full_r4_sparsemax,51,24,4.550060372541559
full_r4_sparsemax,51,25,3.048134262461354
full_r4_sparsemax,51,26,3.6809719976391175
full_r4_sparsemax,51,27,5.583232462381405
full_r4_sparsemax,51,28,2.2450654724019614
full_r4_sparsemax,51,29,3.0799775519448165
full_r4_sparsemax,51,30,3.664724503572044
full_r4_sparsemax,51,31,3.5977936817627243
full_r4_sparsemax,51,32,2.692404517631531
full_r4_sparsemax,51,33,2.662454160297175
full_r4_sparsemax,51,34,2.5896483991840116
full_r4_sparsemax,51,35,3.803511819844053
full_r4_sparsemax,51,36,3.2069937062393024
full_r4_sparsemax,51,37,3.3336029983128146
full_r4_sparsemax,51,38,1.9951227814321328
full_r4_sparsemax,51,39,2.8428344926483664
full_r4_sparsemax,51,40,3.4624459803715375
full_r4_sparsemax,51,41,4.3353641949413575
full_r4_sparsemax,51,42,3.5569953362144116
full,42,0,2.2087961446058704
full,42,1,1.5382069297697525
full,42,2,1.5081047638577743
full,42,3,0.8301686450674581
full,42,4,1.1438137455863417
full,42,5,1.8270436997454182
full,42,6,1.825601821531476
full,42,7,1.5418333233988468
full,42,8,1.6617562556138676
full,42,9,1.8306897030330274
full,42,10,2.326278609755096
full,42,11,1.8773317572678259
full,42,12,1.748412301604053
full,42,13,1.4802530774763647
full,42,14,1.2939726055748089
full,42,15,2.0589448470022362
full,42,16,1.619824294869565
full,42,17,1.6083663798539503
full,42,18,1.394621533786125
full,42,19,1.5511875944099482
full,42,20,1.5206327815266298
full,42,21,1.731436631270069
full,42,22,2.232177391407214
full,42,23,1.8485797242989093
full,42,24,2.57917625459738
full,43,0,2.4066302748599773
full,43,1,1.8784210149016536
full,43,2,1.2478383476562374
full,43,3,1.4838880342647986
full,43,4,1.0416785846971301
full,43,5,1.1949329936456663
full,43,6,1.3415194277170706
full,43,7,1.0093315189565693
full,43,8,1.4208203417945153
full,43,9,2.2503353707001814
full,43,10,1.4815803989607195
full,43,11,1.7080091821652292
full,43,12,1.9550267154893264
full,44,0,2.4273924642355773
full,44,1,1.3073632885473294
full,44,2,1.0429223104907734
full,44,3,0.8236014650653054
full,44,4,1.6914217342135522
full,44,5,1.686481636783403
full,44,6,1.3778965656143538
full,44,7,1.4353446410533603
full,44,8,1.1843777488662723
full,44,9,0.942027291792046
full,44,10,1.7779856219071426
full,44,11,1.4969364260929015
full,44,12,1.6049183457330027
full,44,13,0.9291006373666783
full,44,14,1.1632588255153677
full,44,15,1.648032897327516
full,44,16,1.3388717454955648
full,44,17,1.5627672579097784
full,44,18,1.7038012391149926
full,45,0,2.4762477980699074
full,45,1,2.7901085308290323
full,45,2,3.2576727450119076
full,45,3,2.6249651629298145
full,45,4,3.214462736957131
full,45,5,3.1838236074599626
full,45,6,2.7218807027404486
full,45,7,2.474172948495649
full,45,8,2.6749300422244344
full,45,9,1.899014732960231
full,45,10,1.7115844646169678
full,45,11,2.467670437122772
full,45,12,2.6352808069084155
full,45,13,3.7966026204204
full,45,14,2.6662458924223156
full,45,15,2.176855359037871
full,45,16,2.744384204772554
full,45,17,5.751938776356836
full,45,18,2.5279643485608405
full,45,19,2.8338180455481132
full,45,20,1.8955791453786146
full,45,21,1.9600716424435367
full,45,22,4.160584722842952
full,45,23,3.0101627527504315
full,46,0,3.040144923374466
full,46,1,2.812678107825988
full,46,2,1.6880625346704363
full,46,3,1.6778846954921578
full,46,4,1.6014292978587057
full,46,5,1.9455796591441494
full,46,6,1.8105697406610637
full,46,7,1.4074539653225027
full,46,8,2.3601433960821625
full,46,9,2.034662081515372
full,46,10,0.8934409838514127
full,46,11,1.397190378509831
full,46,12,1.732365391350773
full,46,13,1.5107176966818896
full,46,14,1.047558299206988
full,46,15,1.4845188144655252
full,46,16,1.3379069468004428
full,47,0,3.5011453531957244
full,47,1,2.6077206669279778
full,47,2,2.379075942255934
full,47,3,2.73391071870311
full,47,4,2.5766798468111154
full,47,5,2.6664468043866143
full,47,6,2.969607641121504
full,47,7,1.9197493959840966
full,47,8,1.0276557874563585
full,47,9,1.6367571438354593
full,47,10,1.7855747068732737
full,47,11,2.050273835803311
full,47,12,1.366169278785351
full,47,13,1.5942092620954011
full,47,14,3.4487245613446835
full,47,15,2.267169705579315
full,47,16,2.7436017213613653
full,47,17,1.44347478596801
full,47,18,1.3819693928350554
full,47,19,1.254664766447061
full,47,20,1.5358674446908887
full,47,21,1.8334965633349887
full,47,22,1.4807614756161092
full,47,23,2.082870412692696
full,48,0,3.2074878394438606
full,48,1,3.1354124870552242
full,48,2,1.6857675750851508
full,48,3,1.471792214400334
full,48,4,1.0070641083788037
full,48,5,1.5278177938003012
full,48,6,1.7866914180629196
full,48,7,1.7209670111773947
full,48,8,2.327851087314123
full,48,9,1.7593483826282836
full,48,10,1.849478874895686
full,48,11,3.3242839270325835
full,48,12,2.0053769775216925
full,48,13,1.6460816568123835
full,48,14,1.4931961885100344
full,48,15,2.278403220477263
full,48,16,2.1034271197245316
full,48,17,1.686643782707257
full,48,18,2.831359380682043
full,49,0,3.0620978096467173
full,49,1,3.100244451025703
full,49,2,2.5837263664993912
full,49,3,1.8512118096412467
full,49,4,2.162323586529058
full,49,5,2.1038681899792744
full,49,6,3.3657767270342562
full,49,7,2.469303454314006
full,49,8,3.1111115374954643
full,49,9,2.8807850785467144
full,49,10,1.6484113718114957
full,49,11,2.5290044168153942
full,49,12,2.4214707926697434
full,49,13,1.9893793811515716
full,49,14,1.4969411447393859
full,49,15,2.7228668303806907
full,49,16,2.370060855275569
full,49,17,2.427923459266756
full,50,0,3.625660058091754
full,50,1,2.984703593453062
full,50,2,2.1307256596655617
full,50,3,2.567006283187479
full,50,4,1.7433789824909587
full,50,5,2.884267674597388
full,50,6,2.076921745085514
full,50,7,1.7952723334308853
full,50,8,2.4965720812539667
full,50,9,1.656214389928084
full,50,10,1.7683333619756247
full,50,11,2.8832145740098554
full,50,12,2.478356048630422
full,50,13,2.023400728191313
full,50,14,1.916914678184912
full,50,15,2.194867988848857
full,50,16,1.2066306892938856
full,50,17,1.7664641965172092
full,50,18,2.1007765441934607
full,50,19,1.9822975759365946
full,50,20,1.8455315888272499
full,51,0,3.474398156047385
full,51,1,2.6910513175632014
full,51,2,3.667718992734966
full,51,3,2.41087023040015
full,51,4,1.3773002729147212
full,51,5,2.1360197651309343
full,51,6,2.1191942183151156
full,51,7,2.3943836989705174
full,51,8,2.6392926443344003
full,51,9,1.950872064999298
full,51,10,1.9409795008139479
full,51,11,2.7204104066012613
full,51,12,2.402915517445776
full,51,13,2.1965852418322926
full,51,14,2.0694656393918933
full,51,15,1.756530982432344
full,51,16,1.7046425897708777
full,51,17,2.064424197842323
full,51,18,1.7628261094411735
full,51,19,1.9233061014005215
full,51,20,1.938164586861228
w/o_dynamic_gating,42,0,2.434256417457954
w/o_dynamic_gating,42,1,2.151485266342738
w/o_dynamic_gating,42,2,1.5996536657478575
w/o_dynamic_gating,42,3,1.346736719571492
w/o_dynamic_gating,42,4,1.433525053859788
w/o_dynamic_gating,42,5,1.9667505161182885
w/o_dynamic_gating,42,6,2.6390068553175268
w/o_dynamic_gating,42,7,2.196956831940905
w/o_dynamic_gating,42,8,2.6530826752798795
w/o_dynamic_gating,42,9,3.0393818481682686
w/o_dynamic_gating,42,10,2.1480086464481936
w/o_dynamic_gating,42,11,1.826353967263463
w/o_dynamic_gating,42,12,2.1250192365695297
w/o_dynamic_gating,43,0,3.463656546283194
w/o_dynamic_gating,43,1,3.216590463946615
w/o_dynamic_gating,43,2,2.2318116363930924
w/o_dynamic_gating,43,3,2.449169201523908
w/o_dynamic_gating,43,4,2.408651419140165
w/o_dynamic_gating,43,5,2.559065180295187
w/o_dynamic_gating,43,6,2.1040522148035663
w/o_dynamic_gating,43,7,1.5902936172603104
w/o_dynamic_gating,43,8,1.800076338247679
w/o_dynamic_gating,43,9,1.976450724615937
w/o_dynamic_gating,43,10,1.4652539518634442
w/o_dynamic_gating,43,11,1.977187343098345
w/o_dynamic_gating,43,12,2.5359494240459197
w/o_dynamic_gating,44,0,4.269890143546656
w/o_dynamic_gating,44,1,3.512534265747165
w/o_dynamic_gating,44,2,1.985077756316623
w/o_dynamic_gating,44,3,2.741255815720918
w/o_dynamic_gating,44,4,2.368301756182779
w/o_dynamic_gating,44,5,3.350828550918985
w/o_dynamic_gating,44,6,3.382238042688517
w/o_dynamic_gating,44,7,2.3271287411727055
w/o_dynamic_gating,44,8,2.4896132250756793
w/o_dynamic_gating,44,9,1.6140762277294054
w/o_dynamic_gating,44,10,1.7554973610538018
w/o_dynamic_gating,44,11,2.6332412649119115
w/o_dynamic_gating,44,12,1.8307548615157052
w/o_dynamic_gating,44,13,2.5365581815694713
w/o_dynamic_gating,44,14,1.8748244260465032
w/o_dynamic_gating,44,15,2.180021492913222
w/o_dynamic_gating,44,16,1.566464421056477
w/o_dynamic_gating,45,0,2.9273884516641164
w/o_dynamic_gating,45,1,2.0868121022501773
w/o_dynamic_gating,45,2,1.6502916755733343
w/o_dynamic_gating,45,3,1.6495663637387792
w/o_dynamic_gating,45,4,1.2547361014840173
w/o_dynamic_gating,45,5,1.2487514023496216
w/o_dynamic_gating,45,6,1.5439385562933328
w/o_dynamic_gating,45,7,1.5415163933849203
w/o_dynamic_gating,45,8,2.4661618923321518
w/o_dynamic_gating,45,9,1.8955164301503007
w/o_dynamic_gating,45,10,2.421433710463538
w/o_dynamic_gating,45,11,1.683526268046601
w/o_dynamic_gating,46,0,3.325580110502481
w/o_dynamic_gating,46,1,4.804483382224968
w/o_dynamic_gating,46,2,2.351157233829624
w/o_dynamic_gating,46,3,2.2179359759455872
w/o_dynamic_gating,46,4,2.483772660662975
w/o_dynamic_gating,46,5,2.686360520255227
w/o_dynamic_gating,46,6,3.4794349126582587
w/o_dynamic_gating,46,7,2.124682600570856
w/o_dynamic_gating,46,8,4.14494164721955
w/o_dynamic_gating,46,9,2.957405705841439
w/o_dynamic_gating,46,10,3.09995351390331
w/o_dynamic_gating,46,11,2.415465542758159
w/o_dynamic_gating,46,12,2.436586909226034
w/o_dynamic_gating,46,13,2.200985283215841
w/o_dynamic_gating,46,14,1.8210009655914838
w/o_dynamic_gating,46,15,2.5719766189047855
w/o_dynamic_gating,46,16,2.472703385723533
w/o_dynamic_gating,46,17,1.9883708634735047
w/o_dynamic_gating,46,18,1.511660428828177
w/o_dynamic_gating,47,0,2.425302097907003
w/o_dynamic_gating,47,1,2.1008694604177434
w/o_dynamic_gating,47,2,2.1561137021067154
w/o_dynamic_gating,47,3,2.2779516369717476
w/o_dynamic_gating,47,4,1.9479321869649473
w/o_dynamic_gating,47,5,1.827804961847073
w/o_dynamic_gating,47,6,2.210924284956052
w/o_dynamic_gating,47,7,2.2700179000255734
w/o_dynamic_gating,47,8,1.9115565706335724
w/o_dynamic_gating,47,9,1.835385490529522
w/o_dynamic_gating,47,10,2.2308579959997914
w/o_dynamic_gating,47,11,2.511733339398079
w/o_dynamic_gating,47,12,2.026637604977762
w/o_dynamic_gating,47,13,2.5955049207318015
w/o_dynamic_gating,47,14,1.906500554930844
w/o_dynamic_gating,47,15,2.5627951537814653
w/o_dynamic_gating,47,16,2.2985443612660417
w/o_dynamic_gating,47,17,1.8442500568749192
w/o_dynamic_gating,47,18,1.9223602330029883
w/o_dynamic_gating,47,19,1.599548798284634
w/o_dynamic_gating,47,20,1.4526743308627235
w/o_dynamic_gating,47,21,1.733961628686422
w/o_dynamic_gating,47,22,2.091792583933368
w/o_dynamic_gating,47,23,2.332398149674432
w/o_dynamic_gating,47,24,2.322340876342005
w/o_dynamic_gating,47,25,1.625435213253755
w/o_dynamic_gating,47,26,1.748864384722758
w/o_dynamic_gating,47,27,1.614897931355722
w/o_dynamic_gating,47,28,2.154936266121412
w/o_dynamic_gating,47,29,1.949034710839653
w/o_dynamic_gating,47,30,1.170026845500475
w/o_dynamic_gating,48,0,2.928976686042347
w/o_dynamic_gating,48,1,3.5242293902750266
w/o_dynamic_gating,48,2,1.6167823821918934
w/o_dynamic_gating,48,3,1.4661903607329627
w/o_dynamic_gating,48,4,1.4215343947627694
w/o_dynamic_gating,48,5,1.3948820525429413
w/o_dynamic_gating,48,6,1.6918562578986927
w/o_dynamic_gating,48,7,1.7603550358835454
w/o_dynamic_gating,48,8,2.102669207089759
w/o_dynamic_gating,48,9,1.5202780403724439
w/o_dynamic_gating,48,10,1.4939067490528126
w/o_dynamic_gating,48,11,2.5964522248595525
w/o_dynamic_gating,48,12,1.7564168261792015
w/o_dynamic_gating,48,13,1.8097685674751078
w/o_dynamic_gating,48,14,1.8590630118719038
w/o_dynamic_gating,49,0,2.731617350276685
w/o_dynamic_gating,49,1,1.884356202533074
w/o_dynamic_gating,49,2,1.5780866926846584
w/o_dynamic_gating,49,3,1.90531380044334
w/o_dynamic_gating,49,4,1.7668947401088575
w/o_dynamic_gating,49,5,2.4073754407043464
w/o_dynamic_gating,49,6,2.672863836824018
w/o_dynamic_gating,49,7,1.803938005340239
w/o_dynamic_gating,49,8,1.6040432144337191
w/o_dynamic_gating,49,9,1.3047987006044242
w/o_dynamic_gating,49,10,1.0853551876602243
w/o_dynamic_gating,49,11,1.7666947433548836
w/o_dynamic_gating,49,12,2.137566297582702
w/o_dynamic_gating,49,13,1.6618312807475575
w/o_dynamic_gating,49,14,1.2138208038947869
w/o_dynamic_gating,49,15,1.7174590770548797
w/o_dynamic_gating,49,16,1.3643277876306503
w/o_dynamic_gating,49,17,1.452939173743156
w/o_dynamic_gating,49,18,1.7328894377520425
w/o_dynamic_gating,49,19,1.5920399155292682
w/o_dynamic_gating,49,20,1.8203156004457974
w/o_dynamic_gating,49,21,1.3685872399599086
w/o_dynamic_gating,49,22,1.5570556634342703
w/o_dynamic_gating,49,23,2.1447656196788167
w/o_dynamic_gating,49,24,2.1495899898439372
w/o_dynamic_gating,49,25,2.3558301632842493
w/o_dynamic_gating,49,26,2.0126835832822145
w/o_dynamic_gating,49,27,2.042489184318737
w/o_dynamic_gating,49,28,1.8501224129501987
w/o_dynamic_gating,49,29,1.954210191956169
w/o_dynamic_gating,49,30,1.623127603716728
w/o_dynamic_gating,49,31,1.4631055201539975
w/o_dynamic_gating,49,32,1.8300586830143335
w/o_dynamic_gating,49,33,1.9996253810828017
w/o_dynamic_gating,49,34,1.7944013359951558
w/o_dynamic_gating,49,35,1.601191254847694
w/o_dynamic_gating,49,36,1.6289158495028304
w/o_dynamic_gating,49,37,1.5186333468696795
w/o_dynamic_gating,49,38,1.6991546556029276
w/o_dynamic_gating,50,0,2.539357311399735
w/o_dynamic_gating,50,1,1.93113330696072
w/o_dynamic_gating,50,2,1.0945819367078904
w/o_dynamic_gating,50,3,1.1104634205426798
w/o_dynamic_gating,50,4,1.3445960779463622
w/o_dynamic_gating,50,5,1.526825391321938
w/o_dynamic_gating,50,6,1.4567822589741006
w/o_dynamic_gating,50,7,1.8774473843985222
w/o_dynamic_gating,50,8,2.3284479057420713
w/o_dynamic_gating,50,9,2.1303827508785256
w/o_dynamic_gating,50,10,0.8096209947524846
w/o_dynamic_gating,50,11,2.0706217853291577
w/o_dynamic_gating,50,12,1.8641245137840445
w/o_dynamic_gating,50,13,2.044255073140109
w/o_dynamic_gating,50,14,1.3540606505505446
w/o_dynamic_gating,50,15,1.637142222005663
w/o_dynamic_gating,50,16,1.5681588499669794
w/o_dynamic_gating,51,0,3.859126984914065
w/o_dynamic_gating,51,1,4.003241971628913
w/o_dynamic_gating,51,2,2.9248799695595915
w/o_dynamic_gating,51,3,2.1408320034494626
w/o_dynamic_gating,51,4,2.167007315074645
w/o_dynamic_gating,51,5,2.0319462112954234
w/o_dynamic_gating,51,6,2.0768371967707933
w/o_dynamic_gating,51,7,1.8852943882412099
w/o_dynamic_gating,51,8,1.7708355193057768
w/o_dynamic_gating,51,9,2.88122615062502
w/o_dynamic_gating,51,10,1.4153931676180371
w/o_dynamic_gating,51,11,1.5671574119549065
w/o_dynamic_gating,51,12,1.641330029570508
w/o_dynamic_gating,51,13,2.096655721237239
w/o_dynamic_gating,51,14,1.667039978855923
w/o_dynamic_gating,51,15,2.3754107523515584
w/o_dynamic_gating,51,16,1.6933052727712554
w/o_dynamic_gating,51,17,1.8659356426735005
w/o_dynamic_gating,51,18,1.8332452756844664
w/o_dynamic_gating,51,19,1.954651181017244
w/o_dynamic_gating,51,20,1.6098635302823805
w/o_fusion,42,0,2.0170794645977486
w/o_fusion,42,1,1.4021193945742039
w/o_fusion,42,2,1.1849027095381612
w/o_fusion,42,3,1.2949933979110562
w/o_fusion,42,4,1.2774709357205047
w/o_fusion,42,5,1.5680235370388904
w/o_fusion,42,6,1.1630028560390315
w/o_fusion,42,7,0.8509946927588405
w/o_fusion,42,8,1.2247824293564475
w/o_fusion,42,9,0.9352854841334161
w/o_fusion,42,10,0.9291789484575506
w/o_fusion,42,11,1.2343168146946142
w/o_fusion,42,12,1.4688605543662203
w/o_fusion,42,13,1.0155159413109112
w/o_fusion,42,14,1.049234460072364
w/o_fusion,42,15,1.0369654761227678
w/o_fusion,42,16,1.006836931075278
w/o_fusion,42,17,1.040249948090152
w/o_fusion,42,18,1.2215958565364096
w/o_fusion,42,19,1.0167591723957559
w/o_fusion,42,20,1.374381124116519
w/o_fusion,42,21,1.1897169942099117
w/o_fusion,42,22,1.3975192296632888
w/o_fusion,42,23,1.33341249485613
w/o_fusion,42,24,1.4427405491914205
w/o_fusion,42,25,1.4634237108547972
w/o_fusion,42,26,1.5521640701212704
w/o_fusion,42,27,1.4227370864227198
w/o_fusion,42,28,1.6946901636998255
w/o_fusion,42,29,1.6261687060302648
w/o_fusion,42,30,1.2588665593019406
w/o_fusion,42,31,1.294816464435172
w/o_fusion,42,32,0.9735769614725911
w/o_fusion,42,33,1.1713935589138371
w/o_fusion,42,34,1.1583175102985068
w/o_fusion,42,35,1.1982828665646208
w/o_fusion,42,36,1.1953726385505257
w/o_fusion,42,37,1.1062023237229237
w/o_fusion,43,0,2.403166764125795
w/o_fusion,43,1,2.23420614717163
w/o_fusion,43,2,1.129114109243429
w/o_fusion,43,3,1.2167745968510197
w/o_fusion,43,4,1.2779322815199876
w/o_fusion,43,5,1.3993107555415625
w/o_fusion,43,6,1.0165746683857884
w/o_fusion,43,7,1.0994141937341735
w/o_fusion,43,8,1.2341242278632472
w/o_fusion,43,9,1.4338901915324662
w/o_fusion,43,10,0.9202691148275115
w/o_fusion,43,11,0.8783797439743588
w/o_fusion,43,12,1.0421205000362492
w/o_fusion,43,13,0.874188117967833
w/o_fusion,43,14,1.4117402690101968
w/o_fusion,43,15,1.2799715992927343
w/o_fusion,43,16,0.9140429411491995
w/o_fusion,43,17,0.8424539024057389
w/o_fusion,43,18,1.1440828995083248
w/o_fusion,43,19,1.2236647502245404
w/o_fusion,43,20,1.356389077713623
w/o_fusion,43,21,1.2845868375485279
w/o_fusion,43,22,1.0715873736673538
w/o_fusion,43,23,1.5047370740104111
w/o_fusion,44,0,2.113012377560496
w/o_fusion,44,1,1.4607389018030714
w/o_fusion,44,2,1.4773357911639422
w/o_fusion,44,3,1.2009712925297396
w/o_fusion,44,4,1.0911957434058037
w/o_fusion,44,5,1.451941066574811
w/o_fusion,44,6,1.3790674162901921
w/o_fusion,44,7,0.924567399738904
w/o_fusion,44,8,0.9392354348977073
w/o_fusion,44,9,1.176300109536948
w/o_fusion,44,10,0.8749853825478755
w/o_fusion,44,11,1.1377582432057798
w/o_fusion,44,12,1.4442466131738645
w/o_fusion,44,13,1.157087387497119
w/o_fusion,44,14,0.8694111828902713
w/o_fusion,45,0,1.9428384233314944
w/o_fusion,45,1,1.3083386066484186
w/o_fusion,45,2,0.921327663498896
w/o_fusion,45,3,1.0024045281496723
w/o_fusion,45,4,1.4040744691558475
w/o_fusion,45,5,1.4563502206416699
w/o_fusion,45,6,1.4419701334399042
w/o_fusion,45,7,1.3106365547954835
w/o_fusion,45,8,1.5550331094984373
w/o_fusion,45,9,1.608266550294331
w/o_fusion,45,10,0.8932313036306099
w/o_fusion,45,11,1.1125519360047207
w/o_fusion,45,12,1.1885540137879569
w/o_fusion,45,13,1.0797963933008492
w/o_fusion,45,14,0.9539440632600156
w/o_fusion,45,15,1.0959113298118393
w/o_fusion,45,16,1.114939246040988
w/o_fusion,45,17,1.408076569035972
w/o_fusion,46,0,2.27576332807352
w/o_fusion,46,1,1.424982145935601
w/o_fusion,46,2,1.8964102251246882
w/o_fusion,46,3,1.7605609330364225
w/o_fusion,46,4,1.7907798296772865
w/o_fusion,46,5,2.144925362295731
w/o_fusion,46,6,1.3944858046268918
w/o_fusion,46,7,1.6186610377757873
w/o_fusion,46,8,1.4204533428448765
w/o_fusion,46,9,1.9103618114396355
w/o_fusion,46,10,1.3622279061293416
w/o_fusion,46,11,1.3512940876229766
w/o_fusion,46,12,1.120204848070608
w/o_fusion,46,13,1.260972872653225
w/o_fusion,46,14,1.1226640466947901
w/o_fusion,46,15,1.357165200606985
w/o_fusion,46,16,0.9611272688375933
w/o_fusion,47,0,2.3166258444219916
w/o_fusion,47,1,2.087234341290107
w/o_fusion,47,2,1.572875565742748
w/o_fusion,47,3,1.4495536524844046
w/o_fusion,47,4,1.6411196230870273
w/o_fusion,47,5,1.9171303440443537
w/o_fusion,47,6,1.9054840022419457
w/o_fusion,47,7,1.5118591141060993
w/o_fusion,47,8,1.9698181155864705
w/o_fusion,47,9,2.357427189555534
w/o_fusion,47,10,1.1145075399086837
w/o_fusion,47,11,1.6249118382868406
w/o_fusion,47,12,1.5722319736020998
w/o_fusion,47,13,1.5145407094632255
w/o_fusion,47,14,1.7842515143315658
w/o_fusion,47,15,2.1901619285919374
w/o_fusion,47,16,1.3115009280491003
w/o_fusion,48,0,2.530011828748284
w/o_fusion,48,1,1.5688244399389437
w/o_fusion,48,2,1.4208047855156327
w/o_fusion,48,3,1.4698704658069395
w/o_fusion,48,4,1.1671502214367935
w/o_fusion,48,5,1.4901222346827117
w/o_fusion,48,6,1.5130096760991587
w/o_fusion,48,7,1.4783334928688658
w/o_fusion,48,8,1.938087417662458
w/o_fusion,48,9,1.2511526065816203
w/o_fusion,48,10,1.0119749279381387
w/o_fusion,48,11,1.3445439925878198
w/o_fusion,48,12,1.507090962370008
w/o_fusion,48,13,1.4104364482638787
w/o_fusion,48,14,1.2555231431212799
w/o_fusion,48,15,1.5827044876830056
w/o_fusion,48,16,1.2365540539048252
w/o_fusion,48,17,0.6747460004606175
w/o_fusion,49,0,2.2494141012527873
w/o_fusion,49,1,1.6771914865907798
w/o_fusion,49,2,1.4412642131950633
w/o_fusion,49,3,1.250195988845907
w/o_fusion,49,4,1.788180060052642
w/o_fusion,49,5,1.9649377722226475
w/o_fusion,49,6,1.0607230230251272
w/o_fusion,49,7,1.1535098377747066
w/o_fusion,49,8,1.1462498333296647
w/o_fusion,49,9,1.5365149472309907
w/o_fusion,49,10,1.173395597630845
w/o_fusion,49,11,1.6342460883528684
w/o_fusion,49,12,1.5421379933702066
w/o_fusion,49,13,1.5793269801485363
w/o_fusion,49,14,1.5250511165638678
w/o_fusion,49,15,1.738188343810329
w/o_fusion,49,16,1.1852164152998617
w/o_fusion,49,17,1.2078545076319698
w/o_fusion,49,18,1.345889835693823
w/o_fusion,49,19,1.4862543309929588
w/o_fusion,49,20,1.4565029543224877
w/o_fusion,49,21,1.3216925405870925
w/o_fusion,49,22,1.656367214950448
w/o_fusion,49,23,1.468609701441479
w/o_fusion,49,24,1.5062598872928543
w/o_fusion,49,25,1.4851653716655382
w/o_fusion,49,26,1.566452000156763
w/o_fusion,49,27,1.6203806890353794
w/o_fusion,49,28,1.6119032342775073
w/o_fusion,49,29,1.2470304351732893
w/o_fusion,49,30,1.157495337109989
w/o_fusion,49,31,1.1463827712582373
w/o_fusion,49,32,1.032328381855877
w/o_fusion,49,33,1.2596419195412607
w/o_fusion,49,34,1.0335831121315247
w/o_fusion,50,0,2.1246810980561253
w/o_fusion,50,1,1.4452889970897038
w/o_fusion,50,2,1.483131045287497
w/o_fusion,50,3,1.525801362343974
w/o_fusion,50,4,1.5830367394778089
w/o_fusion,50,5,1.9520702934697352
w/o_fusion,50,6,1.7401504409184672
w/o_fusion,50,7,1.666565799030931
w/o_fusion,50,8,1.4836102134102735
w/o_fusion,50,9,1.4319258853054935
w/o_fusion,50,10,1.3124338127865187
w/o_fusion,50,11,1.5015979930195842
w/o_fusion,50,12,1.5713043647116203
w/o_fusion,51,0,2.474140250202323
w/o_fusion,51,1,2.566430022167321
w/o_fusion,51,2,1.5554299742340976
w/o_fusion,51,3,1.5755465108741495
w/o_fusion,51,4,1.4491967044494003
w/o_fusion,51,5,1.4434857575974878
w/o_fusion,51,6,1.8213582309239276
w/o_fusion,51,7,1.5221329770022867
w/o_fusion,51,8,1.2994343535381125
w/o_fusion,51,9,1.5514555102171435
w/o_fusion,51,10,1.4615480271391883
w/o_fusion,51,11,1.688338565672901
w/o_fusion,51,12,1.5864270719044895
w/o_fusion,51,13,2.021388169032136
w/o_gating,42,0,3.412095074642902
w/o_gating,42,1,2.5003514585858997
w/o_gating,42,2,1.9557344125584006
w/o_gating,42,3,2.0972325053247354
w/o_gating,42,4,2.145427676894207
w/o_gating,42,5,1.9436775616236908
w/o_gating,42,6,1.97227204098779
w/o_gating,42,7,2.22845581440664
w/o_gating,42,8,2.3926081934871273
w/o_gating,42,9,2.62560118844244
w/o_gating,42,10,2.369551698356182
w/o_gating,42,11,1.82955587562052
w/o_gating,43,0,3.750065536943495
w/o_gating,43,1,5.358760964419693
w/o_gating,43,2,3.2806705213206535
w/o_gating,43,3,2.9597662518187278
w/o_gating,43,4,2.5931464596697857
w/o_gating,43,5,2.7433998360581047
w/o_gating,43,6,3.552253952979233
w/o_gating,43,7,2.7230674075141574
w/o_gating,43,8,2.9902295775122365
w/o_gating,43,9,2.392131997110199
w/o_gating,43,10,2.4634769736452276
w/o_gating,44,0,4.339952786705606
w/o_gating,44,1,3.3092798420447145
w/o_gating,44,2,2.515571147649417
w/o_gating,44,3,2.199797731841932
w/o_gating,44,4,2.132829725973055
w/o_gating,44,5,1.9099351760079637
w/o_gating,44,6,1.9233215578740517
w/o_gating,44,7,1.5827731071786404
w/o_gating,44,8,2.1096409333262773
w/o_gating,44,9,2.9583160386647007
w/o_gating,44,10,1.939027340554384
w/o_gating,44,11,1.7806941132740257
w/o_gating,45,0,4.97122321216347
w/o_gating,45,1,9.314378770844524
w/o_gating,45,2,5.306457374244561
w/o_gating,45,3,3.776315753030462
w/o_gating,45,4,3.1887603059105305
w/o_gating,45,5,2.9338313433722525
w/o_gating,45,6,3.4672804594498037
w/o_gating,45,7,3.42451767225235
w/o_gating,45,8,5.291872675242404
w/o_gating,45,9,3.652067882709499
w/o_gating,45,10,1.9300545444086497
w/o_gating,45,11,2.930102830760245
w/o_gating,45,12,2.6966918930661925
w/o_gating,45,13,2.768379955715454
w/o_gating,45,14,2.2917719630917635
w/o_gating,45,15,3.0778622918271177
w/o_gating,45,16,2.420406516090852
w/o_gating,45,17,2.730630102216345
w/o_gating,45,18,3.031435640498167
w/o_gating,45,19,2.0629173968901116
w/o_gating,45,20,1.851377471962171
w/o_gating,45,21,2.4160122213395283
w/o_gating,45,22,3.2963257577945875
w/o_gating,45,23,2.384509930408522
w/o_gating,45,24,3.6987236001786505
w/o_gating,46,0,3.8148077956111592
w/o_gating,46,1,4.315955295505509
w/o_gating,46,2,2.9768682104654065
w/o_gating,46,3,3.6806153641250523
w/o_gating,46,4,2.4747331722175696
w/o_gating,46,5,3.040963049406412
w/o_gating,46,6,2.1644940811571507
w/o_gating,46,7,2.6622551059048503
w/o_gating,46,8,2.701569712272184
w/o_gating,46,9,2.1997927495073304
w/o_gating,46,10,1.7242304931665209
w/o_gating,46,11,1.734242372047292
w/o_gating,46,12,2.0085485843615025
w/o_gating,46,13,1.146719566481957
w/o_gating,46,14,1.433084274626799
w/o_gating,46,15,1.6051837327021792
w/o_gating,46,16,1.4771491413137787
w/o_gating,46,17,1.4879059288774616
w/o_gating,46,18,2.0440803141539594
w/o_gating,46,19,1.2585149020359392
w/o_gating,46,20,1.4613473111228008
w/o_gating,46,21,2.7497984451885102
w/o_gating,47,0,4.057475821215538
w/o_gating,47,1,2.849351996464557
w/o_gating,47,2,2.9262200779064407
w/o_gating,47,3,2.751871898530708
w/o_gating,47,4,3.2220886713540313
w/o_gating,47,5,3.391340806631153
w/o_gating,47,6,2.344912061786397
w/o_gating,47,7,1.7544627632067675
w/o_gating,47,8,2.3880901071492255
w/o_gating,47,9,1.7130160455770036
w/o_gating,47,10,2.1574395128653534
w/o_gating,47,11,2.2298365824371054
w/o_gating,47,12,2.06674581618035
w/o_gating,48,0,3.9005525618302395
w/o_gating,48,1,2.893114716166276
w/o_gating,48,2,2.3820297588291917
w/o_gating,48,3,2.9745348897138753
w/o_gating,48,4,1.9565270721258698
w/o_gating,48,5,1.8440830330830007
w/o_gating,48,6,1.5857359102998265
w/o_gating,48,7,2.109835393604148
w/o_gating,48,8,2.818395832735278
w/o_gating,48,9,2.3160287726715874
w/o_gating,48,10,1.7279897098465549
w/o_gating,48,11,1.7537214893428472
w/o_gating,48,12,1.8323282764622477
w/o_gating,48,13,2.250758741917699
w/o_gating,48,14,1.534214889178274
w/o_gating,48,15,1.8618923867583814
w/o_gating,48,16,1.9535205332589536
w/o_gating,48,17,1.966993156124858
w/o_gating,48,18,1.625457806938488
w/o_gating,48,19,2.085987086814052
w/o_gating,48,20,1.9826024807477178
w/o_gating,48,21,1.8351526569156378
w/o_gating,48,22,1.842287448119585
w/o_gating,49,0,2.3993198116597245
w/o_gating,49,1,2.4226061325674717
w/o_gating,49,2,1.954889632553034
w/o_gating,49,3,2.565118584685647
w/o_gating,49,4,1.5277382720244337
w/o_gating,49,5,1.890747760773189
w/o_gating,49,6,2.782905549045055
w/o_gating,49,7,1.9078005779431577
w/o_gating,49,8,2.1246419877717626
w/o_gating,49,9,2.0804956677210984
w/o_gating,49,10,1.7002312536864044
w/o_gating,49,11,2.7900549010640394
w/o_gating,50,0,3.1949242801252105
w/o_gating,50,1,2.127547076677251
w/o_gating,50,2,2.1481288612496785
w/o_gating,50,3,1.4147236724573344
w/o_gating,50,4,2.2243643471404217
w/o_gating,50,5,2.322731636440742
w/o_gating,50,6,1.3904036395931465
w/o_gating,50,7,1.5494806136169594
w/o_gating,50,8,1.1810929944171935
w/o_gating,50,9,1.249366534030175
w/o_gating,50,10,1.9623863370511176
w/o_gating,50,11,1.5965227137433633
w/o_gating,50,12,1.3335909917861666
w/o_gating,50,13,1.5840423830647596
w/o_gating,50,14,1.5489872995738967
w/o_gating,50,15,1.543426837332967
w/o_gating,50,16,2.027219954845073
w/o_gating,50,17,2.0578610483418887
w/o_gating,50,18,1.0606888713909297
w/o_gating,50,19,1.4709465990431163
w/o_gating,50,20,1.387551550137888
w/o_gating,51,0,2.7392196704265768
w/o_gating,51,1,1.9747266283241225
w/o_gating,51,2,2.430596660461307
w/o_gating,51,3,2.629106848976497
w/o_gating,51,4,2.17193781277226
w/o_gating,51,5,1.7811404017356998
w/o_gating,51,6,2.5374219031148635
w/o_gating,51,7,2.2821525395584628
w/o_gating,51,8,2.5725444792108094
w/o_gating,51,9,2.4845330118437126
w/o_gating,51,10,2.0293288924647905
w/o_gating,51,11,2.08110958271031
w/o_gating,51,12,2.1756243474841037
w/o_gating,51,13,2.4328712885360657
w/o_gating,51,14,2.3577578605440266
w/o_gating,51,15,2.2934748294141016
w/o_gating,51,16,2.964321209570531
w/o_gating,51,17,2.8705944235893517
w/o_gating,51,18,2.0078233341339837
w/o_gating,51,19,2.369427338870976
w/o_gating,51,20,2.250999792012818
w/o_gating,51,21,2.0440713999116302
w/o_gating,51,22,2.0013954521735853
w/o_gating,51,23,2.018510163581184
w/o_gating,51,24,2.542145004181595
w/o_gating,51,25,2.093774102889941
