config,seed,epoch,h_alpha,rho,s_tau,train_loss,val_acc
full,42,0,0.24022913684169234,3.5937765256141962,0.09798192977905273,1.1839972212741705,0.8509700176366843
full,42,1,0.22822141306457794,2.3883853499947927,0.1543292999267578,0.2540101192255229,0.9232804232804233
full,42,2,0.2612564390778339,0.7742199125860629,0.1378021240234375,0.13002534276008246,0.9567901234567902
full,42,3,0.32409185047123196,0.32539038757128064,0.14451980590820312,0.06373065271086073,0.9691358024691358
full,42,4,0.3183207854177343,0.36696003912810665,0.14270257949829102,0.03416785584003837,0.9805996472663139
full,42,5,0.35009324089205884,0.5732566910153962,0.14115381240844727,0.03295528987818204,0.9805996472663139
full,42,6,0.3234870002022088,0.9902439814723775,0.11284923553466797,0.03808588048799395,0.9805996472663139
full,42,7,0.3174298590076781,1.1629328888872938,0.14153099060058594,0.03319693362665555,0.9700176366843033
full,42,8,0.26129996704176284,0.43290608225642885,0.14535140991210938,0.021817494135382372,0.9832451499118166
full,42,9,0.28000361427421966,0.40689116282304494,0.1490011215209961,0.016497521441414368,0.9894179894179894
full,42,10,0.2671719822477121,0.8975966892843018,0.13909912109375,0.02056832516175932,0.9885361552028219
full,42,11,0.2618369045686405,1.027454592421302,0.14444446563720703,0.014230079542020461,0.9911816578483245
full,42,12,0.2867702922960571,0.9177326958153584,0.14116287231445312,0.01806019363292716,0.9682539682539683
full,42,13,0.2570422086760469,2.1640485856960403,0.13249492645263672,0.01609804212597557,0.9911816578483245
full,42,14,0.27051951860045154,1.8244868539331947,0.13390445709228516,0.01535693838634864,0.9858906525573192
full,42,15,0.30963866000992835,0.38025179697404254,0.11954450607299805,0.016145693837965606,0.9885361552028219
full,42,16,0.31718794140015494,0.7694760325453117,0.10651779174804688,0.010675985935599581,0.9841269841269841
full,42,17,0.30101619915269123,0.654292237173713,0.12394571304321289,0.005490292386360922,0.9894179894179894
full,42,18,0.3097022002490474,0.5732467060051082,0.12735414505004883,0.005225453352522547,0.9885361552028219
full,42,19,0.2836458283130064,0.7358133820104843,0.1323237419128418,0.0035561320758393023,0.9885361552028219
full,42,20,0.26781490864203644,2.5655102116214006,0.13987112045288086,0.0017571450570208961,0.9902998236331569
full,42,21,0.2719787875947363,0.8899085612087532,0.13762283325195312,0.001320172084364491,0.9911816578483245
full,43,0,0.2817857640810155,1.6965000997897215,0.07419729232788086,1.0954631761854017,0.8880070546737213
full,43,1,0.2965747464500774,0.846381553469685,0.12818431854248047,0.1633847782153211,0.9620811287477954
full,43,2,0.30330357098205313,0.4688575604120083,0.1364126205444336,0.07367403898176964,0.9814814814814815
full,43,3,0.3183951563442605,0.5315539248567135,0.12075233459472656,0.04722723918977508,0.9850088183421517
full,43,4,0.35060700430522773,0.6439946498703111,0.11515140533447266,0.029570794543244357,0.9885361552028219
full,43,5,0.3155728298582127,0.3512625324012535,0.12767696380615234,0.02568718136899956,0.9894179894179894
full,43,6,0.2608070981887455,0.47450520812463315,0.11587190628051758,0.01901536174850624,0.9876543209876543
full,43,7,0.33510732645348573,0.3398893655732878,0.09796142578125,0.014994988826160528,0.9911816578483245
full,43,8,0.2868109687959606,1.0493908425013538,0.10974693298339844,0.015121035360205336,0.9858906525573192
full,43,9,0.26758642616649686,1.1840405880819391,0.11603403091430664,0.015634948181221436,0.9841269841269841
full,43,10,0.3279667683106034,0.24674660546411298,0.11508941650390625,0.028530567695787254,0.9841269841269841
full,43,11,0.3113586232834864,0.9306701643422927,0.11639118194580078,0.03415299723669605,0.9753086419753086
full,43,12,0.2934667074638866,0.5878135585883987,0.15597963333129883,0.02651425558075489,0.9735449735449735
full,43,13,0.33244536518443957,0.6228958684586947,0.1219778060913086,0.019820751890171254,0.9920634920634921
full,43,14,0.36817549438861635,1.3150903438734816,0.11675357818603516,0.013113768808072038,0.9920634920634921
full,43,15,0.3497989632055665,0.6148240299293399,0.13060951232910156,0.0074426396500012326,0.9902998236331569
full,43,16,0.32799948893672076,1.2542318395768162,0.14839839935302734,0.018163746393472943,0.9894179894179894
full,43,17,0.3018843800239532,0.4154482825924494,0.16008758544921875,0.008250092792599965,0.9911816578483245
full,43,18,0.34800812793072233,0.30428894822348285,0.15088939666748047,0.0049446433486391595,0.9894179894179894
full,43,19,0.3036089761086288,0.6392216543442896,0.17759323120117188,0.008470932517448146,0.9876543209876543
full,43,20,0.30397539494256043,1.5442798616429572,0.1869816780090332,0.007124661780170145,0.9850088183421517
full,43,21,0.3005485149207701,0.2524405343997138,0.16076946258544922,0.009766798285529501,0.9938271604938271
full,43,22,0.2724872271727038,0.4546744914452799,0.1601238250732422,0.010505026967693416,0.9850088183421517
full,43,23,0.3591016805918757,1.0871235244281092,0.15064096450805664,0.011288884553413498,0.9885361552028219
full,43,24,0.3768825674259259,1.7862290526714844,0.15314531326293945,0.009105485634584732,0.9858906525573192
full,43,25,0.3007718309638494,1.4296879753622926,0.2102646827697754,0.015164798999047548,0.9876543209876543
full,43,26,0.36154994793672324,1.2675983421414718,0.17921018600463867,0.01076339425301589,0.9947089947089947
full,43,27,0.3487528176344907,0.7525426427311155,0.18203401565551758,0.0031010085983111755,0.9947089947089947
full,43,28,0.3360892253271721,0.5637642344852114,0.18718194961547852,0.0012582558243643164,0.9955908289241623
full,43,29,0.3482865541692529,0.6553692916881921,0.1827249526977539,0.0011270021734997146,0.9947089947089947
full,43,30,0.3407091052438951,0.6474650797599948,0.18448686599731445,0.0006104130762504612,0.9947089947089947
full,43,31,0.338390690619252,0.617542600333718,0.18421649932861328,0.0004208552952726827,0.9929453262786596
full,43,32,0.3416497884990564,0.7497766626090283,0.1805710792541504,0.00037841398891227674,0.9947089947089947
full,43,33,0.32769574235376164,0.9054220454312286,0.18982172012329102,0.00028247293826204583,0.9947089947089947
full,43,34,0.24877614245561996,1.4867623017208498,0.1850872039794922,0.03797755631485684,0.9876543209876543
full,43,35,0.25331224693321047,0.3967667061981516,0.18687772750854492,0.008598974206360256,0.9902998236331569
full,43,36,0.22656542316655798,0.6935389948335366,0.19392871856689453,0.01162061859676347,0.9929453262786596
full,43,37,0.19260671428478615,0.44956848982039366,0.19858312606811523,0.0072103898999726825,0.9947089947089947
full,43,38,0.20714968774757989,0.2527927948680891,0.2185373306274414,0.015702599390830144,0.9867724867724867
full,44,0,0.2601985704648632,1.2504761566799611,0.08026266098022461,1.0942259315888447,0.890652557319224
full,44,1,0.2760330646222849,0.9958905117939221,0.12687397003173828,0.17143138910862685,0.9611992945326279
full,44,2,0.2797965389289855,0.4081111998444498,0.13640069961547852,0.06801256318509759,0.9814814814814815
full,44,3,0.3160349405909466,0.7068763238023529,0.13411569595336914,0.05004821243560053,0.9753086419753086
full,44,4,0.32295615672838196,0.781511000990793,0.08962106704711914,0.04050886536190231,0.982363315696649
full,44,5,0.283492135593878,0.24610296992089772,0.11869621276855469,0.02668005441479492,0.9920634920634921
full,44,6,0.3331922907127662,0.3893305504719139,0.10894536972045898,0.018208690771153047,0.9894179894179894
full,44,7,0.287319184127666,0.29175863535736396,0.1255049705505371,0.02244722567363526,0.9902998236331569
full,44,8,0.26556501054358306,0.6673390418641316,0.13996410369873047,0.024278100896753422,0.9885361552028219
full,44,9,0.292780006791866,1.4838400032219077,0.13737821578979492,0.020995352159057852,0.9691358024691358
full,44,10,0.2945127352811925,0.8286978896348033,0.12768840789794922,0.016276070572511882,0.9814814814814815
full,44,11,0.2796254214715437,0.6655821768343766,0.1339554786682129,0.01078264474606906,0.9902998236331569
full,44,12,0.2878797300163626,0.7904924532133281,0.13332557678222656,0.00887285927711836,0.9761904761904762
full,44,13,0.2989661870316759,1.3602509079878338,0.1392383575439453,0.014911111569537507,0.9902998236331569
full,44,14,0.3370198198984297,0.7127075601166437,0.11994075775146484,0.021904476578977417,0.9902998236331569
full,44,15,0.3874249628706957,0.8680670741533931,0.11623477935791016,0.018956997217814624,0.9885361552028219
full,45,0,0.26861548096249394,1.3183609346715401,0.0653219223022461,1.1092037013643903,0.8959435626102292
full,45,1,0.3234170610955398,0.5668455734543383,0.1091156005859375,0.1796674951178867,0.9417989417989417
full,45,2,0.3052262901463886,0.7370726922482895,0.09899616241455078,0.07807355970482166,0.9514991181657848
full,45,3,0.257256391572629,0.616278162110718,0.1150217056274414,0.04888708364621131,0.9744268077601411
full,45,4,0.3215663980310914,0.15323819013489082,0.13744258880615234,0.0379406412083512,0.9761904761904762
full,45,5,0.2942971361096658,0.22647087606587082,0.14056921005249023,0.022799245942769768,0.9832451499118166
full,45,6,0.28857809174133275,0.5424857267669336,0.13360071182250977,0.015532088787692655,0.9708994708994709
full,45,7,0.2984643634767463,0.500288891669815,0.1260395050048828,0.02910755594132168,0.9841269841269841
full,45,8,0.29894841551138046,0.7368630926180696,0.14261674880981445,0.0181182982959346,0.9805996472663139
full,45,9,0.31476181986714535,1.5051514217927786,0.12469053268432617,0.012849708669906932,0.982363315696649
full,45,10,0.2975420233533231,0.5742586110053858,0.12214088439941406,0.013626797717467278,0.9867724867724867
full,45,11,0.3025063895291814,1.2926558997334312,0.1507430076599121,0.013720920788812664,0.9285714285714286
full,45,12,0.3133676752871571,1.249284748575992,0.15582656860351562,0.0396013692664074,0.9805996472663139
full,45,13,0.3064886865433102,1.5171524316588734,0.19269371032714844,0.020025961159130815,0.9753086419753086
full,45,14,0.28920412929977507,0.5740780116013493,0.18954801559448242,0.011161951157767734,0.9885361552028219
full,45,15,0.27684116441387324,1.584847937817078,0.17755508422851562,0.009550754066052665,0.9841269841269841
full,45,16,0.26545783288018876,0.7416333946714543,0.17526817321777344,0.0180882264489346,0.9805996472663139
full,45,17,0.2304995290973282,0.5997869012039113,0.17170333862304688,0.007231008012420748,0.9850088183421517
full,45,18,0.24884539282943385,0.48039599012222445,0.16921043395996094,0.00386427718733676,0.9850088183421517
full,45,19,0.25212068519457387,0.5346173924355637,0.1756744384765625,0.00389796889362257,0.9858906525573192
full,45,20,0.18557027233804596,1.3603179063173227,0.19618940353393555,0.019064263402303442,0.9876543209876543
full,45,21,0.21823231497658574,1.1987069920191618,0.18721866607666016,0.006562854768039598,0.9876543209876543
full,45,22,0.2320397627949454,2.23962788541794,0.1604595184326172,0.0053108255037487406,0.9867724867724867
full,45,23,0.22915098762203143,3.1334151981848457,0.1582942008972168,0.0033466877062130617,0.9867724867724867
full,45,24,0.22470062304845506,0.5308942137034532,0.16493701934814453,0.008365305326852627,0.9867724867724867
full,46,0,0.250051463402136,1.2460447548229343,0.07221603393554688,1.1631773435880268,0.8800705467372134
full,46,1,0.24557088339041236,0.7125645975764964,0.13397216796875,0.14705501117223335,0.9708994708994709
full,46,2,0.2914069420205547,0.5842875953104599,0.12438344955444336,0.07119210704440253,0.9779541446208113
full,46,3,0.2804777585348145,0.6333660482423292,0.12657976150512695,0.055010418599796676,0.9832451499118166
full,46,4,0.3301367196728834,0.3395919043868891,0.12062740325927734,0.02553874175314167,0.9858906525573192
full,46,5,0.3173290064732026,0.557741527779507,0.14084911346435547,0.028722859217939465,0.9770723104056437
full,46,6,0.3138082852750814,0.6736653468750015,0.13107061386108398,0.03184098672848237,0.9779541446208113
full,46,7,0.29188153996072413,0.7977154954009813,0.15373754501342773,0.0264293999514646,0.982363315696649
full,46,8,0.2862635085250679,0.7852899855866924,0.15625476837158203,0.015997690983533364,0.9867724867724867
full,46,9,0.2867824876411933,0.6848523267909911,0.1410069465637207,0.013227200061146195,0.9894179894179894
full,46,10,0.3036831835193834,0.568722312960258,0.1500997543334961,0.012022686047649866,0.9885361552028219
full,46,11,0.2684503878350992,0.7722172157964233,0.13456439971923828,0.00873758511734635,0.9911816578483245
full,46,12,0.30039124700219993,0.5166523662502818,0.14250469207763672,0.009292757106052313,0.9876543209876543
full,46,13,0.253773585415632,0.3610950760386933,0.1494464874267578,0.015582204744853684,0.9894179894179894
full,46,14,0.27589429870137144,1.1661007725781845,0.1677379608154297,0.02568635131913158,0.9850088183421517
full,46,15,0.2800197165270749,0.9687510326180115,0.18281078338623047,0.037254473543637916,0.9911816578483245
full,46,16,0.29139407624769875,0.46397708091605305,0.1456899642944336,0.019564684965096567,0.9885361552028219
full,46,17,0.27623308085629333,0.6222471121842893,0.1677398681640625,0.005208739077423165,0.9894179894179894
full,46,18,0.2928929016775517,0.4012301311394365,0.16110992431640625,0.009149985764973226,0.9805996472663139
full,46,19,0.2761962617016581,0.5255218746732196,0.1794414520263672,0.0026651608192712808,0.9894179894179894
full,46,20,0.27545575911009196,1.1769217161970824,0.1800227165222168,0.004132927943338539,0.9894179894179894
full,46,21,0.31821670340947145,2.9474028917363775,0.15517330169677734,0.0028744212144778836,0.9902998236331569
full,47,0,0.2824085508449746,1.651028574115586,0.06342029571533203,1.2495270604809756,0.7918871252204586
full,47,1,0.2756847813840814,0.6895513313531348,0.11062479019165039,0.274107759479132,0.9135802469135802
full,47,2,0.29629428744112885,0.37694518496298224,0.11850976943969727,0.09576773100609322,0.9902998236331569
full,47,3,0.3417972095717384,0.49498030802291243,0.1084589958190918,0.03992480278375558,0.9497354497354498
full,47,4,0.3261027305811407,0.2537818371542542,0.11578178405761719,0.03466949075247842,0.9603174603174603
full,47,5,0.31658881716006093,0.33774536954749573,0.08960580825805664,0.033370613570318744,0.9779541446208113
full,47,6,0.332629775288069,0.5419556346838056,0.09537458419799805,0.031019833865656446,0.9894179894179894
full,47,7,0.38005085518236525,0.4842183492939927,0.08145952224731445,0.01747329702047534,0.9753086419753086
full,47,8,0.34562458461472223,0.9254787340467225,0.11692476272583008,0.030360465548307448,0.9876543209876543
full,47,9,0.3776823125184391,0.4794366216575944,0.10946941375732422,0.01538385556432125,0.9444444444444444
full,47,10,0.38878628371848395,0.5716811033089465,0.11667537689208984,0.009925621536363956,0.9911816578483245
full,47,11,0.3821109549624316,0.7811593337982309,0.11002922058105469,0.008627483164377718,0.9894179894179894
full,47,12,0.3857424779379187,0.7133194215903684,0.10477399826049805,0.0064208802998696685,0.9929453262786596
full,47,13,0.3843601537360503,0.7509475507249642,0.09426689147949219,0.0043611426721415,0.9867724867724867
full,47,14,0.39793423552814833,0.8109440349168489,0.0988149642944336,0.003977822966557573,0.9867724867724867
full,47,15,0.37856876136404144,0.47515348119333684,0.11608219146728516,0.011122881494693385,0.9268077601410935
full,47,16,0.35950056472049896,0.2801807513551469,0.10036802291870117,0.008919365806131991,0.9814814814814815
full,47,17,0.363312236309343,0.2748913601708887,0.09465312957763672,0.0054850246078311515,0.9920634920634921
full,47,18,0.4070753593217344,0.45900901629489094,0.08432674407958984,0.002519342877934824,0.9938271604938271
full,47,19,0.38181692740547274,0.5504869754182494,0.09531831741333008,0.001016147726739687,0.9929453262786596
full,47,20,0.35570435419381624,0.5073975147414836,0.10250282287597656,0.0008415801921639048,0.9929453262786596
full,47,21,0.3772844817672555,0.3683289136242059,0.09575366973876953,0.0009193180832175575,0.9929453262786596
full,47,22,0.47831633579179933,1.3507193607959627,0.0926213264465332,0.03680674240129661,0.9682539682539683
full,47,23,0.34209828625603655,0.6774156264740806,0.07489490509033203,0.027412420655766153,0.9911816578483245
full,47,24,0.3228594283925439,0.5384128159199402,0.08964300155639648,0.014120947601198334,0.9700176366843033
full,47,25,0.255290763472204,0.8602555042911532,0.11676788330078125,0.017702369322790536,0.9876543209876543
full,47,26,0.2773047611046249,0.9461803956667799,0.13000202178955078,0.015366830982377672,0.9894179894179894
full,47,27,0.22990512015828737,1.3780293296684647,0.1456928253173828,0.009223419004376874,0.9779541446208113
full,47,28,0.24801736668834978,0.6284489531093946,0.1420745849609375,0.013155204328079725,0.9929453262786596
full,48,0,0.32617437095489865,1.055147730292574,0.08472394943237305,1.1002782755337785,0.890652557319224
full,48,1,0.3741479908969906,0.43196964945196376,0.11293840408325195,0.18628451703447152,0.9232804232804233
full,48,2,0.37772858632643513,0.564730140032996,0.08057308197021484,0.10274169994454806,0.9779541446208113
full,48,3,0.3514014795804607,0.626480617837986,0.10371589660644531,0.0430805040910581,0.972663139329806
full,48,4,0.3626543059505853,0.5178871549597145,0.0920720100402832,0.0338097273126436,0.982363315696649
full,48,5,0.36734259738197517,0.6419711706789064,0.09017181396484375,0.026325211359732818,0.9814814814814815
full,48,6,0.4578053267776919,0.5528147229340917,0.06263208389282227,0.025189558106023347,0.9929453262786596
full,48,7,0.4231428695780799,0.480706714726005,0.07081317901611328,0.014363716233617436,0.9911816578483245
full,48,8,0.4187362485612973,0.24691257788754506,0.07754230499267578,0.015060401793346879,0.9885361552028219
full,48,9,0.39278191901373977,0.6524382434166969,0.062134742736816406,0.02017709858383271,0.9682539682539683
full,48,10,0.376598884684795,0.6056169868063519,0.08318090438842773,0.03067243110475807,0.9850088183421517
full,48,11,0.39146256327110895,0.8449488303372745,0.07883071899414062,0.010868312628026023,0.9920634920634921
full,48,12,0.31728067554761813,1.4070440974640919,0.10753631591796875,0.02230233191994729,0.9850088183421517
full,48,13,0.3198043628482633,0.4260461884280614,0.1135106086730957,0.011220085017658693,0.9858906525573192
full,48,14,0.31509187653778753,0.3646587048417629,0.1044459342956543,0.00751402352895033,0.9885361552028219
full,48,15,0.3263252279273998,1.0681574891985965,0.10975408554077148,0.007472723743576311,0.9902998236331569
full,48,16,0.3277426010057898,0.6758235945666116,0.10553359985351562,0.008013884239856123,0.982363315696649
full,49,0,0.25022197751549236,1.416940487254528,0.06479692459106445,1.1127250800507589,0.8932980599647267
full,49,1,0.32079503005240995,0.6695564176425746,0.07800769805908203,0.18907282346590668,0.9770723104056437
full,49,2,0.3236390797917384,0.5469372295790058,0.08331727981567383,0.0795344412270497,0.9708994708994709
full,49,3,0.37121469449081224,0.4957084951950653,0.0905771255493164,0.04031611517218145,0.9902998236331569
full,49,4,0.33939565582372055,0.5432830126247626,0.09234094619750977,0.023393316516823057,0.9717813051146384
full,49,5,0.3717654864915286,0.3197651524216949,0.09280633926391602,0.017279562315793084,0.9885361552028219
full,49,6,0.41089098377282773,0.7439645085779975,0.09076356887817383,0.024252021895722963,0.9858906525573192
full,49,7,0.31071593837045175,0.22306945666368916,0.10969066619873047,0.01466659001442192,0.9894179894179894
full,49,8,0.328383540869346,1.6269612715648576,0.11747121810913086,0.014983332051402091,0.9858906525573192
full,49,9,0.2551009523550244,1.844736298115584,0.11546802520751953,0.028435017303257436,0.9876543209876543
full,49,10,0.30452617409810145,0.967081495224428,0.10822010040283203,0.014409646265158038,0.9902998236331569
full,49,11,0.3870518936215923,1.4218256836443393,0.08075571060180664,0.015450820056489265,0.9559082892416225
full,49,12,0.3258951666686932,0.8254585783828671,0.1586160659790039,0.026184816521297484,0.9832451499118166
full,49,13,0.3176769435603074,1.9498708653316361,0.16524362564086914,0.023138640351658257,0.9832451499118166
full,50,0,0.4027859198748781,1.2522736587396397,0.08166265487670898,1.1969146257039731,0.8571428571428571
full,50,1,0.42537583785146105,0.4915869306375662,0.10283279418945312,0.17684948606555964,0.9506172839506173
full,50,2,0.4780218171106726,0.49382626726763806,0.11735010147094727,0.06855890723628162,0.9717813051146384
full,50,3,0.480324966999725,0.21978167431828868,0.1132516860961914,0.042104332556473605,0.9867724867724867
full,50,4,0.4721100876949056,0.44750972365665803,0.104766845703125,0.03589559206211108,0.9673721340388007
full,50,5,0.48987312044370096,0.32106491272288834,0.1133885383605957,0.020743392368473074,0.9867724867724867
full,50,6,0.32806846018368085,0.6215705808643603,0.13309431076049805,0.039087675852547604,0.9858906525573192
full,50,7,0.36164085949408886,0.2525229865585495,0.13030385971069336,0.021365228817936874,0.9885361552028219
full,50,8,0.3211912991196802,2.2160583014698014,0.1350235939025879,0.017301474729565537,0.9920634920634921
full,50,9,0.3489740554163941,0.8082589438079739,0.13175153732299805,0.012289715000200884,0.9885361552028219
full,50,10,0.3646052584441044,0.5032630653273603,0.1558666229248047,0.008912265834342957,0.9779541446208113
full,50,11,0.39283303638802786,0.2501201136692365,0.14484024047851562,0.014574770200420355,0.9779541446208113
full,50,12,0.44161599872846496,0.3504380046914458,0.12639236450195312,0.012611010053352743,0.9902998236331569
full,50,13,0.41835932159608863,0.7570099039159697,0.14847993850708008,0.01006693994717564,0.9603174603174603
full,50,14,0.41853027626753037,0.8440141465965457,0.1341085433959961,0.01104789622232194,0.9850088183421517
full,50,15,0.3854843984169607,1.3974461165601133,0.13535547256469727,0.037973047857111544,0.9911816578483245
full,50,16,0.3555120448617342,0.814727277816498,0.129974365234375,0.02083931162317008,0.9876543209876543
full,50,17,0.3867982428273267,0.9202987685609844,0.14643144607543945,0.017393082225954305,0.9894179894179894
full,50,18,0.35382270965417945,0.6811615673563318,0.13094663619995117,0.008446414397169926,0.9902998236331569
full,51,0,0.31105905116809107,2.3002113214045776,0.06291723251342773,1.1256980151613825,0.890652557319224
full,51,1,0.3935135594726591,7.670456868304073,0.07810068130493164,0.17247294183491038,0.9673721340388007
full,51,2,0.4386390563395337,16.572880832414686,0.08145999908447266,0.04619930923486287,0.9735449735449735
full,51,3,0.2872460573256867,10.741961771854763,0.11572647094726562,0.02496004416181432,0.9973544973544973
full,51,4,0.26730183421723863,14.232771508240786,0.1250014305114746,0.009374719216591783,0.9920634920634921
full,51,5,0.3671986401725722,8.37958645034311,0.10479879379272461,0.014683179122987833,0.9947089947089947
full,51,6,0.27344544447409125,9.009451045555037,0.13093900680541992,0.019396977542772136,0.9920634920634921
full,51,7,0.2635027949948806,13.75593512563626,0.12990951538085938,0.01214415905662782,0.9982363315696648
full,51,8,0.2339938261174588,13.643656186671725,0.13202142715454102,0.005508297529544622,0.9982363315696648
full,51,9,0.22235000648863718,10.592056710932887,0.13404035568237305,0.002128104297878912,0.9973544973544973
full,51,10,0.20845205623963672,10.176726221170448,0.13762903213500977,0.0012977972541508445,0.9991181657848325
full,51,11,0.21201008008480382,8.348512645316738,0.13985633850097656,0.0007124828449337801,0.9991181657848325
full,51,12,0.2245360738502167,7.889339079446279,0.13938045501708984,0.0005598481518076698,0.9991181657848325
full,51,13,0.20232955077020198,7.009775119125346,0.14669179916381836,0.0004675163874594116,0.9991181657848325
full,51,14,0.21955307718041184,7.33853016170412,0.13960742950439453,0.0004135414171162838,0.9982363315696648
full,51,15,0.21769097796144,8.144315050657942,0.14083337783813477,0.00035805906084114834,0.9982363315696648
full,51,16,0.20982905934264215,6.158784573009424,0.1403031349182129,0.00031744080184478783,0.9991181657848325
full,51,17,0.20982775048823338,8.258483105369207,0.14360332489013672,0.00028814696902176894,0.9982363315696648
full,51,18,0.2242194398371651,8.236296130027505,0.13840627670288086,0.00026101637213245927,0.9982363315696648
full,51,19,0.21138931316904938,7.992868259330298,0.14480304718017578,0.0002428063950020938,0.9982363315696648
full,51,20,0.1870825833656176,7.037947155509644,0.1481647491455078,0.00021808079395651568,0.9982363315696648
tsnet_vanilla,42,0,,,,1.1742198950894747,0.8809523809523809
tsnet_vanilla,42,1,,,,0.20878996908980071,0.9444444444444444
tsnet_vanilla,42,2,,,,0.10533589625890202,0.9770723104056437
tsnet_vanilla,42,3,,,,0.043321391982916894,0.9911816578483245
tsnet_vanilla,42,4,,,,0.01655403013148951,0.9982363315696648
tsnet_vanilla,42,5,,,,0.008269362133848096,0.9947089947089947
tsnet_vanilla,42,6,,,,0.005103720903244554,0.9973544973544973
tsnet_vanilla,42,7,,,,0.006730639596785773,0.9947089947089947
tsnet_vanilla,42,8,,,,0.013087554605296184,0.9947089947089947
tsnet_vanilla,42,9,,,,0.020183695197240566,0.9955908289241623
tsnet_vanilla,42,10,,,,0.007833860780077952,0.9982363315696648
tsnet_vanilla,42,11,,,,0.007996903350175508,0.9973544973544973
tsnet_vanilla,42,12,,,,0.0041713189842807336,0.9982363315696648
tsnet_vanilla,42,13,,,,0.00136876515827676,0.9982363315696648
tsnet_vanilla,42,14,,,,0.0006370205826915164,0.9991181657848325
tsnet_vanilla,42,15,,,,0.0005458085812685993,0.9991181657848325
tsnet_vanilla,42,16,,,,0.0004587036537081116,0.9991181657848325
tsnet_vanilla,42,17,,,,0.0003663006032998684,0.9991181657848325
tsnet_vanilla,42,18,,,,0.00032060691224128146,0.9991181657848325
tsnet_vanilla,42,19,,,,0.00028595527110375653,0.9991181657848325
tsnet_vanilla,42,20,,,,0.00026257193161337267,0.9991181657848325
tsnet_vanilla,42,21,,,,0.00024440002821080346,0.9991181657848325
tsnet_vanilla,42,22,,,,0.00022391440128261336,0.9991181657848325
tsnet_vanilla,42,23,,,,0.00019954189686146893,0.9991181657848325
tsnet_vanilla,42,24,,,,0.00039985397228202413,0.9982363315696648
tsnet_vanilla,43,0,,,,1.1996917838817822,0.908289241622575
tsnet_vanilla,43,1,,,,0.19965710332694597,0.9647266313932981
tsnet_vanilla,43,2,,,,0.07208438854149274,0.9955908289241623
tsnet_vanilla,43,3,,,,0.023435907489081628,0.9788359788359788
tsnet_vanilla,43,4,,,,0.019539317016180772,0.9964726631393298
tsnet_vanilla,43,5,,,,0.011199542994942524,0.9964726631393298
tsnet_vanilla,43,6,,,,0.005274544595314848,0.9982363315696648
tsnet_vanilla,43,7,,,,0.002519925131278784,0.9991181657848325
tsnet_vanilla,43,8,,,,0.001735771356822074,0.9991181657848325
tsnet_vanilla,43,9,,,,0.0012149882133457408,0.9991181657848325
tsnet_vanilla,43,10,,,,0.0010131356589360978,0.9991181657848325
tsnet_vanilla,43,11,,,,0.0009512957479404912,0.9991181657848325
tsnet_vanilla,43,12,,,,0.00783495211414852,0.982363315696649
tsnet_vanilla,43,13,,,,0.027814412168533354,0.9964726631393298
tsnet_vanilla,43,14,,,,0.006894912098322165,0.9964726631393298
tsnet_vanilla,43,15,,,,0.0017874319569537878,0.9982363315696648
tsnet_vanilla,43,16,,,,0.0024649451182924987,0.9982363315696648
tsnet_vanilla,43,17,,,,0.001180098519879812,0.9982363315696648
tsnet_vanilla,44,0,,,,1.1707888889159566,0.8994708994708994
tsnet_vanilla,44,1,,,,0.1988342790691941,0.9488536155202821
tsnet_vanilla,44,2,,,,0.09288459407195213,0.9770723104056437
tsnet_vanilla,44,3,,,,0.039130819222283744,0.9947089947089947
tsnet_vanilla,44,4,,,,0.020085634397608892,0.9964726631393298
tsnet_vanilla,44,5,,,,0.008062071977880132,0.9947089947089947
tsnet_vanilla,44,6,,,,0.008301563379872177,0.9982363315696648
tsnet_vanilla,44,7,,,,0.0028158162483975053,0.9982363315696648
tsnet_vanilla,44,8,,,,0.004679879509859373,0.9973544973544973
tsnet_vanilla,44,9,,,,0.002332399597582256,0.9991181657848325
tsnet_vanilla,44,10,,,,0.0017442388237592676,0.9973544973544973
tsnet_vanilla,44,11,,,,0.0034484865558520243,0.9973544973544973
tsnet_vanilla,44,12,,,,0.00405365164532134,0.9991181657848325
tsnet_vanilla,44,13,,,,0.008322186555638796,0.9973544973544973
tsnet_vanilla,44,14,,,,0.002731761896352052,0.9991181657848325
tsnet_vanilla,44,15,,,,0.000972339067219539,0.9991181657848325
tsnet_vanilla,44,16,,,,0.000642945739493064,0.9991181657848325
tsnet_vanilla,44,17,,,,0.0004453073579841593,0.9991181657848325
tsnet_vanilla,44,18,,,,0.00037770301339590327,0.9991181657848325
tsnet_vanilla,44,19,,,,0.00032057560772787445,0.9991181657848325
tsnet_vanilla,45,0,,,,1.1801058087985081,0.8403880070546738
tsnet_vanilla,45,1,,,,0.24410744857265476,0.8985890652557319
tsnet_vanilla,45,2,,,,0.15166093254192978,0.955026455026455
tsnet_vanilla,45,3,,,,0.07187031211721473,0.9876543209876543
tsnet_vanilla,45,4,,,,0.03480820937289132,0.9894179894179894
tsnet_vanilla,45,5,,,,0.03541949364051887,0.9973544973544973
tsnet_vanilla,45,6,,,,0.01241286906842438,0.9964726631393298
tsnet_vanilla,45,7,,,,0.012265502596985006,0.9982363315696648
tsnet_vanilla,45,8,,,,0.00795414354631048,0.9973544973544973
tsnet_vanilla,45,9,,,,0.003221229458342497,0.9964726631393298
tsnet_vanilla,45,10,,,,0.0023325404355714965,0.9964726631393298
tsnet_vanilla,45,11,,,,0.003253989527389148,0.9955908289241623
tsnet_vanilla,45,12,,,,0.0023318614711448585,0.9929453262786596
tsnet_vanilla,45,13,,,,0.0025915952858874803,0.9964726631393298
tsnet_vanilla,45,14,,,,0.0051046224037422545,0.9973544973544973
tsnet_vanilla,45,15,,,,0.017455389603510646,0.9938271604938271
tsnet_vanilla,45,16,,,,0.0048922607984931655,0.9973544973544973
tsnet_vanilla,45,17,,,,0.0011459686201411065,0.9973544973544973
tsnet_vanilla,46,0,,,,1.1954791790053236,0.8624338624338624
tsnet_vanilla,46,1,,,,0.23897324668036568,0.9462081128747796
tsnet_vanilla,46,2,,,,0.07987274166452822,0.9938271604938271
tsnet_vanilla,46,3,,,,0.027276609014108697,0.9911816578483245
tsnet_vanilla,46,4,,,,0.018920671543949767,0.9938271604938271
tsnet_vanilla,46,5,,,,0.013154490067372246,0.9973544973544973
tsnet_vanilla,46,6,,,,0.00457897849931105,0.9973544973544973
tsnet_vanilla,46,7,,,,0.0028978710315167027,0.9955908289241623
tsnet_vanilla,46,8,,,,0.002991466952198504,0.9973544973544973
tsnet_vanilla,46,9,,,,0.0030280549393052365,0.9982363315696648
tsnet_vanilla,46,10,,,,0.01433142962938038,0.9973544973544973
tsnet_vanilla,46,11,,,,0.0170601311386848,0.9902998236331569
tsnet_vanilla,46,12,,,,0.02022259629480062,0.9938271604938271
tsnet_vanilla,46,13,,,,0.008340853576858839,0.9973544973544973
tsnet_vanilla,46,14,,,,0.00297732638034657,0.9991181657848325
tsnet_vanilla,46,15,,,,0.000905660285881227,0.9982363315696648
tsnet_vanilla,46,16,,,,0.0005853645298408256,0.9982363315696648
tsnet_vanilla,46,17,,,,0.0004530806694611293,0.9982363315696648
tsnet_vanilla,46,18,,,,0.0004049780204561655,0.9982363315696648
tsnet_vanilla,46,19,,,,0.0003232345261769609,0.9982363315696648
tsnet_vanilla,46,20,,,,0.0003675604454030157,0.9982363315696648
tsnet_vanilla,46,21,,,,0.0003089442424502897,0.9982363315696648
tsnet_vanilla,46,22,,,,0.0002463602538509027,0.9982363315696648
tsnet_vanilla,46,23,,,,0.00021150562002945507,0.9982363315696648
tsnet_vanilla,46,24,,,,0.00020429538308812807,0.9982363315696648
tsnet_vanilla,47,0,,,,1.1714187175914004,0.8738977072310405
tsnet_vanilla,47,1,,,,0.19701898859381586,0.9832451499118166
tsnet_vanilla,47,2,,,,0.062300539343918444,0.9885361552028219
tsnet_vanilla,47,3,,,,0.02834923980716765,0.9973544973544973
tsnet_vanilla,47,4,,,,0.010389667782208862,0.9982363315696648
tsnet_vanilla,47,5,,,,0.007099116821361541,0.9973544973544973
tsnet_vanilla,47,6,,,,0.006373451411645249,0.9982363315696648
tsnet_vanilla,47,7,,,,0.005308729146965529,0.9982363315696648
tsnet_vanilla,47,8,,,,0.005435022031670142,0.9991181657848325
tsnet_vanilla,47,9,,,,0.0026018921909213223,0.9991181657848325
tsnet_vanilla,47,10,,,,0.002526887749178857,0.9991181657848325
tsnet_vanilla,47,11,,,,0.002078921274012426,0.9991181657848325
tsnet_vanilla,47,12,,,,0.0016277387805718813,0.9991181657848325
tsnet_vanilla,47,13,,,,0.0015077128875187584,0.9991181657848325
tsnet_vanilla,47,14,,,,0.001784064586310227,0.9991181657848325
tsnet_vanilla,47,15,,,,0.0011393677524923827,0.9991181657848325
tsnet_vanilla,47,16,,,,0.0006204099679567787,0.9991181657848325
tsnet_vanilla,47,17,,,,0.0003965259437257099,0.9991181657848325
tsnet_vanilla,47,18,,,,0.00033710564369035187,0.9991181657848325
tsnet_vanilla,48,0,,,,1.2020974399821829,0.8844797178130511
tsnet_vanilla,48,1,,,,0.24184989422357,0.91005291005291
tsnet_vanilla,48,2,,,,0.146315219760707,0.9753086419753086
tsnet_vanilla,48,3,,,,0.04385864641728585,0.9920634920634921
tsnet_vanilla,48,4,,,,0.02478890742709577,0.9973544973544973
tsnet_vanilla,48,5,,,,0.010398930463466852,0.9991181657848325
tsnet_vanilla,48,6,,,,0.006368406701238878,0.9982363315696648
tsnet_vanilla,48,7,,,,0.0021631354306812537,0.9991181657848325
tsnet_vanilla,48,8,,,,0.01890429579783076,0.9770723104056437
tsnet_vanilla,48,9,,,,0.016272420622549178,0.9991181657848325
tsnet_vanilla,48,10,,,,0.006813700982099871,0.9973544973544973
tsnet_vanilla,48,11,,,,0.003956277504526726,0.9991181657848325
tsnet_vanilla,48,12,,,,0.0014497390067421648,0.9991181657848325
tsnet_vanilla,48,13,,,,0.003379026655152085,0.9991181657848325
tsnet_vanilla,48,14,,,,0.0027310760800521865,0.9991181657848325
tsnet_vanilla,48,15,,,,0.00479445576622733,0.9982363315696648
tsnet_vanilla,49,0,,,,1.1800974630219236,0.9021164021164021
tsnet_vanilla,49,1,,,,0.21789832873859824,0.9400352733686067
tsnet_vanilla,49,2,,,,0.11898861203739702,0.9894179894179894
tsnet_vanilla,49,3,,,,0.03663930491750563,0.9955908289241623
tsnet_vanilla,49,4,,,,0.018919976266595175,0.9735449735449735
tsnet_vanilla,49,5,,,,0.02250861633464818,0.9885361552028219
tsnet_vanilla,49,6,,,,0.0096950444955314,0.9955908289241623
tsnet_vanilla,49,7,,,,0.0033808565513425855,0.9991181657848325
tsnet_vanilla,49,8,,,,0.002205460745595235,0.9964726631393298
tsnet_vanilla,49,9,,,,0.0015299111872718572,0.9982363315696648
tsnet_vanilla,49,10,,,,0.005415221257381654,0.9964726631393298
tsnet_vanilla,49,11,,,,0.012725832071704388,0.9920634920634921
tsnet_vanilla,49,12,,,,0.010398662232886085,0.9964726631393298
tsnet_vanilla,49,13,,,,0.0039974687901168544,0.9973544973544973
tsnet_vanilla,49,14,,,,0.00079348580396114,0.9973544973544973
tsnet_vanilla,49,15,,,,0.0005749728267896957,0.9982363315696648
tsnet_vanilla,49,16,,,,0.0004581677244449258,0.9982363315696648
tsnet_vanilla,49,17,,,,0.00038204572546469696,0.9982363315696648
tsnet_vanilla,50,0,,,,1.2271258705777826,0.9029982363315696
tsnet_vanilla,50,1,,,,0.233185338325241,0.9470899470899471
tsnet_vanilla,50,2,,,,0.10137008000460881,0.9894179894179894
tsnet_vanilla,50,3,,,,0.031574618236041394,0.9955908289241623
tsnet_vanilla,50,4,,,,0.02151464683145217,0.9938271604938271
tsnet_vanilla,50,5,,,,0.010112970589800194,0.9982363315696648
tsnet_vanilla,50,6,,,,0.006063691509334273,0.9982363315696648
tsnet_vanilla,50,7,,,,0.008648982644644273,0.9947089947089947
tsnet_vanilla,50,8,,,,0.010210568995341006,0.9982363315696648
tsnet_vanilla,50,9,,,,0.003502789666845927,0.9991181657848325
tsnet_vanilla,50,10,,,,0.001901340705729058,0.9991181657848325
tsnet_vanilla,50,11,,,,0.0024411120151577185,0.9991181657848325
tsnet_vanilla,50,12,,,,0.001864849463274501,0.9991181657848325
tsnet_vanilla,50,13,,,,0.0014873519695581458,0.9991181657848325
tsnet_vanilla,50,14,,,,0.001189035942272205,0.9991181657848325
tsnet_vanilla,50,15,,,,0.0008024825415438857,0.9991181657848325
tsnet_vanilla,50,16,,,,0.0004447801961454064,0.9991181657848325
tsnet_vanilla,50,17,,,,0.0003474335050145594,0.9991181657848325
tsnet_vanilla,50,18,,,,0.00031864134050470667,0.9991181657848325
tsnet_vanilla,50,19,,,,0.00027131845257750086,0.9991181657848325
tsnet_vanilla,51,0,,,,1.257597886786169,0.8915343915343915
tsnet_vanilla,51,1,,,,0.24192227618043746,0.8915343915343915
tsnet_vanilla,51,2,,,,0.15073717143372523,0.9761904761904762
tsnet_vanilla,51,3,,,,0.05790379895735039,0.9929453262786596
tsnet_vanilla,51,4,,,,0.024754830555130114,0.9973544973544973
tsnet_vanilla,51,5,,,,0.01653509071161541,0.9982363315696648
tsnet_vanilla,51,6,,,,0.005167110683889222,0.9991181657848325
tsnet_vanilla,51,7,,,,0.006416614766099623,0.9991181657848325
tsnet_vanilla,51,8,,,,0.003007046673753111,0.9991181657848325
tsnet_vanilla,51,9,,,,0.0020962566474680695,0.9973544973544973
tsnet_vanilla,51,10,,,,0.0023056552917869004,0.9991181657848325
tsnet_vanilla,51,11,,,,0.001485927939856353,0.9991181657848325
tsnet_vanilla,51,12,,,,0.0009288975270025049,0.9991181657848325
tsnet_vanilla,51,13,,,,0.0006381221419518486,0.9991181657848325
tsnet_vanilla,51,14,,,,0.0005223530238017,0.9991181657848325
tsnet_vanilla,51,15,,,,0.00047414981459499036,0.9991181657848325
tsnet_vanilla,51,16,,,,0.00041670448621749053,0.9991181657848325
wo_fusion,42,0,,1.6217004250922888,0.01576519012451172,1.2502410830824284,0.8686067019400353
wo_fusion,42,1,,1.4604057641199077,0.05715370178222656,0.25020215347780933,0.9338624338624338
wo_fusion,42,2,,0.8765061815761233,0.053472042083740234,0.12778452200954463,0.9497354497354498
wo_fusion,42,3,,0.5079301596555695,0.045426368713378906,0.07189484350861966,0.9735449735449735
wo_fusion,42,4,,0.3709412236745189,0.056902408599853516,0.053107603046922004,0.9673721340388007
wo_fusion,42,5,,0.504609280134784,0.07720088958740234,0.03259742355152953,0.9832451499118166
wo_fusion,42,6,,0.5140752481555108,0.07108259201049805,0.022899849081266944,0.9876543209876543
wo_fusion,42,7,,0.5776378139576016,0.05530738830566406,0.018700628090179607,0.9497354497354498
wo_fusion,42,8,,0.5905662091402111,0.0607905387878418,0.021539642239722986,0.9841269841269841
wo_fusion,42,9,,0.7908141963258131,0.0709371566772461,0.02294679329317353,0.9867724867724867
wo_fusion,42,10,,0.8782049300655858,0.08820438385009766,0.03783602371124814,0.9814814814814815
wo_fusion,42,11,,0.8290739330298028,0.05505704879760742,0.020453655895180802,0.9902998236331569
wo_fusion,42,12,,0.9329399679719466,0.06104087829589844,0.013849213335012633,0.9867724867724867
wo_fusion,42,13,,0.7813581727498643,0.07050037384033203,0.007650899087858139,0.9876543209876543
wo_fusion,42,14,,0.7451356306021087,0.06946277618408203,0.004621484538628941,0.9911816578483245
wo_fusion,42,15,,0.7746150668922093,0.06910848617553711,0.01859931314951168,0.9911816578483245
wo_fusion,42,16,,0.5856223903551042,0.05894804000854492,0.005709221300078403,0.9902998236331569
wo_fusion,42,17,,0.7355149356000509,0.06332921981811523,0.0012560702984162149,0.9902998236331569
wo_fusion,42,18,,0.7594315228959316,0.06040143966674805,0.0008598536884152413,0.9902998236331569
wo_fusion,42,19,,0.7034891281757157,0.06418609619140625,0.0007005924963830876,0.9911816578483245
wo_fusion,42,20,,0.7874561389237444,0.0704808235168457,0.0008149604354520453,0.9894179894179894
wo_fusion,42,21,,0.9541417504951504,0.06726741790771484,0.0015773065061747004,0.9902998236331569
wo_fusion,42,22,,0.8237317108026818,0.06749868392944336,0.0006536574824528384,0.9911816578483245
wo_fusion,42,23,,0.8816293852750596,0.06832504272460938,0.000522853132255146,0.9920634920634921
wo_fusion,42,24,,0.8447861464251493,0.07020950317382812,0.0003422150141406433,0.9929453262786596
wo_fusion,42,25,,0.7045190900024818,0.0767521858215332,0.001536722422884714,0.972663139329806
wo_fusion,42,26,,0.6122003993896781,0.07033014297485352,0.012276610759391716,0.9885361552028219
wo_fusion,42,27,,0.6436807819683852,0.08984088897705078,0.009681967638984875,0.9858906525573192
wo_fusion,42,28,,0.8031050706906314,0.08316230773925781,0.011084187464001543,0.9876543209876543
wo_fusion,42,29,,1.0708257678620838,0.07605218887329102,0.005616270820082265,0.9911816578483245
wo_fusion,42,30,,0.6889988857109023,0.08193445205688477,0.011286138197180455,0.9858906525573192
wo_fusion,42,31,,0.7959557774346365,0.07950401306152344,0.012893032339390632,0.9902998236331569
wo_fusion,42,32,,0.9208961640130743,0.09755849838256836,0.02914556329232202,0.9805996472663139
wo_fusion,42,33,,0.8615279075271838,0.1115412712097168,0.005427106363151169,0.9938271604938271
wo_fusion,42,34,,0.9260388065504146,0.10459280014038086,0.004030170134453136,0.9876543209876543
wo_fusion,42,35,,0.8334635228465551,0.10460901260375977,0.004127024448784181,0.9955908289241623
wo_fusion,42,36,,0.8002458310890426,0.09847164154052734,0.0011557997655549713,0.9920634920634921
wo_fusion,42,37,,0.8673317536750821,0.10419845581054688,0.0020907364799486205,0.9902998236331569
wo_fusion,42,38,,0.6530908657685263,0.09851408004760742,0.008942942612664387,0.9938271604938271
wo_fusion,42,39,,0.8375107709093473,0.09611797332763672,0.001781028861756129,0.9885361552028219
wo_fusion,42,40,,0.6828170249259103,0.11357259750366211,0.00557045720588734,0.9911816578483245
wo_fusion,42,41,,0.9436379721747862,0.10822200775146484,0.00468420788810468,0.9885361552028219
wo_fusion,42,42,,0.8781443913000087,0.10081863403320312,0.0011801213112368318,0.9920634920634921
wo_fusion,42,43,,1.1050447692323384,0.11257743835449219,0.0018218104257109312,0.9929453262786596
wo_fusion,42,44,,0.8455776763828485,0.10546588897705078,0.0005020735915397411,0.9920634920634921
wo_fusion,42,45,,0.7693420466526572,0.10874366760253906,0.0003275012973327653,0.9929453262786596
wo_fusion,43,0,,1.7213425576762642,0.012706756591796875,1.241910185988708,0.8659611992945326
wo_fusion,43,1,,1.2534883487678752,0.07936382293701172,0.21162637878978063,0.9514991181657848
wo_fusion,43,2,,0.6140897142754844,0.07033777236938477,0.08338689158698058,0.9850088183421517
wo_fusion,43,3,,0.5628421546378344,0.06273412704467773,0.045878045089143026,0.9770723104056437
wo_fusion,43,4,,0.45135042777415113,0.04361438751220703,0.036445750606415944,0.9382716049382716
wo_fusion,43,5,,0.3899466131310515,0.10978412628173828,0.03569296107276181,0.982363315696649
wo_fusion,43,6,,0.483265641158211,0.07556390762329102,0.023709571712670772,0.9885361552028219
wo_fusion,43,7,,0.4270387249051865,0.08389425277709961,0.018633730751789618,0.9911816578483245
wo_fusion,43,8,,0.6522070334243283,0.07529449462890625,0.022041991468482368,0.9858906525573192
wo_fusion,43,9,,0.3940216270809191,0.07303714752197266,0.01345540225317171,0.9797178130511464
wo_fusion,43,10,,0.37850753019733724,0.07227325439453125,0.00976508517608114,0.9929453262786596
wo_fusion,43,11,,0.380195178667204,0.07413196563720703,0.009042328234145296,0.9885361552028219
wo_fusion,43,12,,0.4577971616033748,0.08966255187988281,0.013040904285145455,0.9920634920634921
wo_fusion,43,13,,0.7546956335763457,0.10566282272338867,0.021533392373706866,0.9929453262786596
wo_fusion,43,14,,0.6149328177481248,0.09685230255126953,0.007921872206119566,0.9920634920634921
wo_fusion,43,15,,0.5647924709150548,0.09499120712280273,0.008311553297878348,0.9850088183421517
wo_fusion,43,16,,0.47659784511903136,0.08506202697753906,0.00757379844244105,0.9805996472663139
wo_fusion,43,17,,0.40190353544657775,0.10064125061035156,0.005696731904723617,0.9911816578483245
wo_fusion,43,18,,0.42871782728014096,0.10654926300048828,0.005700171144053731,0.9841269841269841
wo_fusion,43,19,,0.507973770420214,0.10063838958740234,0.004197362976812899,0.9761904761904762
wo_fusion,43,20,,0.5588063495440168,0.10955047607421875,0.006595348340460224,0.9911816578483245
wo_fusion,44,0,,1.4334258626674292,0.01787567138671875,1.2613394050235922,0.8932980599647267
wo_fusion,44,1,,1.0149582225667695,0.046715736389160156,0.19886914080322826,0.9470899470899471
wo_fusion,44,2,,0.6606904441549699,0.05764579772949219,0.10160386834071157,0.9647266313932981
wo_fusion,44,3,,0.5183845725771977,0.04763507843017578,0.0669481578991887,0.9761904761904762
wo_fusion,44,4,,0.5629630590730473,0.048917293548583984,0.04566739650776867,0.9444444444444444
wo_fusion,44,5,,0.4113633521639209,0.054357051849365234,0.041844643522912776,0.9753086419753086
wo_fusion,44,6,,0.37477308429814093,0.05878782272338867,0.02193156008355922,0.9858906525573192
wo_fusion,44,7,,0.3899151054947325,0.07094287872314453,0.014665186799392499,0.9920634920634921
wo_fusion,44,8,,0.5280788423332455,0.06501293182373047,0.014183712417846904,0.9770723104056437
wo_fusion,44,9,,0.9876840311064553,0.05076885223388672,0.025775399872820574,0.982363315696649
wo_fusion,44,10,,0.8180764862425358,0.07102680206298828,0.028336478497210722,0.9770723104056437
wo_fusion,44,11,,0.6067159781430975,0.0588536262512207,0.016030909435841862,0.9885361552028219
wo_fusion,44,12,,0.40731059873143166,0.05164051055908203,0.011972537810491147,0.9761904761904762
wo_fusion,44,13,,0.3950864869981293,0.06754732131958008,0.011455750365379722,0.9841269841269841
wo_fusion,44,14,,0.42564984800389044,0.06821870803833008,0.007931744865606766,0.9902998236331569
wo_fusion,44,15,,0.4445038799422319,0.0652923583984375,0.005749528384285269,0.9885361552028219
wo_fusion,44,16,,0.6318286584964533,0.05784130096435547,0.005881967158172947,0.9841269841269841
wo_fusion,44,17,,0.433529586898566,0.061449527740478516,0.006745503894271624,0.9788359788359788
wo_fusion,45,0,,1.3704379950489771,0.01995992660522461,1.2507579086724323,0.890652557319224
wo_fusion,45,1,,0.8350469041583879,0.08595800399780273,0.19651474077775455,0.9656084656084656
wo_fusion,45,2,,0.38607616295524727,0.06233406066894531,0.07208474234129476,0.9744268077601411
wo_fusion,45,3,,0.47978375594590295,0.06066179275512695,0.042304586861296664,0.9876543209876543
wo_fusion,45,4,,0.5956846652433988,0.06890058517456055,0.042669333433077716,0.9788359788359788
wo_fusion,45,5,,0.5387764811061139,0.07268190383911133,0.028340855099469174,0.9814814814814815
wo_fusion,45,6,,0.430505036943287,0.06693410873413086,0.018202158024968215,0.9911816578483245
wo_fusion,45,7,,0.3177565773365147,0.07584857940673828,0.013000450776333801,0.9876543209876543
wo_fusion,45,8,,0.33606270575225783,0.0696864128112793,0.010266484520929561,0.9867724867724867
wo_fusion,45,9,,0.3767893327269205,0.06614160537719727,0.008180486380445714,0.9885361552028219
wo_fusion,45,10,,0.31611998900499844,0.07724142074584961,0.013561471776849536,0.9876543209876543
wo_fusion,45,11,,0.4204875906163433,0.0853571891784668,0.010636434762211388,0.9814814814814815
wo_fusion,45,12,,0.35512057203569575,0.06680679321289062,0.008777016685914477,0.9920634920634921
wo_fusion,45,13,,0.6417799344151116,0.06697416305541992,0.006637320663043997,0.9876543209876543
wo_fusion,45,14,,0.6181379821535631,0.057669639587402344,0.00893812545998274,0.9876543209876543
wo_fusion,45,15,,0.6904475400836885,0.07708358764648438,0.0074395413263415805,0.9920634920634921
wo_fusion,45,16,,0.43991615271242385,0.06012439727783203,0.01297855793371042,0.9664902998236331
wo_fusion,45,17,,0.4540602871523984,0.09982728958129883,0.008729698770353607,0.9876543209876543
wo_fusion,45,18,,0.4691043645101538,0.07749700546264648,0.003742265448374399,0.9876543209876543
wo_fusion,45,19,,0.5513512212393648,0.07624149322509766,0.0024173971453332432,0.9876543209876543
wo_fusion,45,20,,0.6899496641940933,0.11079740524291992,0.006831988124549952,0.9841269841269841
wo_fusion,45,21,,1.0448163071196406,0.09070634841918945,0.010035765075032583,0.9876543209876543
wo_fusion,45,22,,0.4420631566989891,0.1061544418334961,0.013114625362444244,0.9832451499118166
wo_fusion,46,0,,1.4223458589170066,0.025072097778320312,1.2286802340279182,0.908289241622575
wo_fusion,46,1,,0.5713261930003294,0.054456233978271484,0.13906496161776605,0.9735449735449735
wo_fusion,46,2,,0.4534319869676641,0.06549406051635742,0.06580918755886325,0.9779541446208113
wo_fusion,46,3,,0.5238673940904913,0.06191825866699219,0.03663127400820127,0.9814814814814815
wo_fusion,46,4,,0.38494307135602285,0.06037092208862305,0.02885071388871683,0.9770723104056437
wo_fusion,46,5,,0.42270545576385593,0.07936763763427734,0.030654314384483877,0.9744268077601411
wo_fusion,46,6,,0.3634902628401711,0.06692123413085938,0.016985588042503358,0.9850088183421517
wo_fusion,46,7,,0.5537609883767929,0.11533498764038086,0.01815084617328707,0.9841269841269841
wo_fusion,46,8,,0.6746658060303778,0.10423421859741211,0.03588520731137768,0.9841269841269841
wo_fusion,46,9,,0.623353449726403,0.08653020858764648,0.014999099757919371,0.9885361552028219
wo_fusion,46,10,,0.5259358687950866,0.08539867401123047,0.012119863733497202,0.9867724867724867
wo_fusion,46,11,,0.5181073159089413,0.07838201522827148,0.013467475567759209,0.9814814814814815
wo_fusion,46,12,,0.4366708334862549,0.07540178298950195,0.019388619083868942,0.9858906525573192
wo_fusion,46,13,,0.5579757299471237,0.10061407089233398,0.007692639269050878,0.9885361552028219
wo_fusion,46,14,,0.45960603197018784,0.09450626373291016,0.00724327263319534,0.9902998236331569
wo_fusion,46,15,,0.6010831762884908,0.0961904525756836,0.0024385947490551665,0.9920634920634921
wo_fusion,46,16,,0.6050183539159888,0.08719396591186523,0.0017192124241546996,0.9911816578483245
wo_fusion,46,17,,0.9640447308296132,0.08476018905639648,0.0035146942245334,0.9911816578483245
wo_fusion,46,18,,0.7953912009777668,0.0872502326965332,0.006289063399384475,0.9885361552028219
wo_fusion,46,19,,0.7183981398608875,0.08312702178955078,0.006837501006828479,0.9876543209876543
wo_fusion,46,20,,0.48813478152864637,0.07860279083251953,0.015498704812683036,0.9920634920634921
wo_fusion,46,21,,0.787271961047247,0.06912946701049805,0.011321758182658811,0.9894179894179894
wo_fusion,46,22,,0.6076960656344086,0.08204507827758789,0.005916797093137569,0.9947089947089947
wo_fusion,46,23,,0.4816474829003053,0.062403202056884766,0.005059761816539991,0.9858906525573192
wo_fusion,46,24,,0.5790668945895919,0.07205009460449219,0.0016407977684444268,0.9947089947089947
wo_fusion,46,25,,0.5413661362918826,0.08076143264770508,0.000922085216791754,0.9911816578483245
wo_fusion,46,26,,0.6107508222355728,0.08093404769897461,0.0003834977555592021,0.9947089947089947
wo_fusion,46,27,,0.5581726914689397,0.0824747085571289,0.0003325758306409893,0.9929453262786596
wo_fusion,46,28,,0.655601013881428,0.08214712142944336,0.0003099485276899077,0.9929453262786596
wo_fusion,46,29,,0.5901288458921289,0.08299922943115234,0.00030959128097584227,0.9929453262786596
wo_fusion,46,30,,0.6489003079488235,0.0832977294921875,0.0002703414243730088,0.9938271604938271
wo_fusion,46,31,,0.6020211768265418,0.08343172073364258,0.0002046755782385038,0.9920634920634921
wo_fusion,46,32,,0.7320785855488876,0.0811452865600586,0.00019169408745394256,0.9920634920634921
wo_fusion,47,0,,1.1372869498035096,0.017650604248046875,1.2729594648470053,0.8977072310405644
wo_fusion,47,1,,0.6749119241143551,0.046930789947509766,0.17963795331239882,0.935626102292769
wo_fusion,47,2,,0.44965191731348747,0.06259012222290039,0.06812730131111898,0.9894179894179894
wo_fusion,47,3,,0.42523226336144826,0.055466651916503906,0.03155950645937986,0.9902998236331569
wo_fusion,47,4,,0.48295293288307595,0.06973552703857422,0.042088835109489846,0.890652557319224
wo_fusion,47,5,,0.30424697558696706,0.06120872497558594,0.02305019245632922,0.9779541446208113
wo_fusion,47,6,,0.36477619230421543,0.05660295486450195,0.019367895132382643,0.9850088183421517
wo_fusion,47,7,,0.3602834696540005,0.06423330307006836,0.01509281198912281,0.9911816578483245
wo_fusion,47,8,,0.3295273526939124,0.06292009353637695,0.011187619092513104,0.9858906525573192
wo_fusion,47,9,,0.43964922102204995,0.058884620666503906,0.01680796909077728,0.9876543209876543
wo_fusion,47,10,,0.564054994042538,0.05533409118652344,0.009743932198144591,0.9929453262786596
wo_fusion,47,11,,0.5135979626356283,0.04790830612182617,0.011960124450532307,0.9911816578483245
wo_fusion,47,12,,0.4085937764354197,0.06238842010498047,0.017522721745824203,0.9770723104056437
wo_fusion,47,13,,0.4665550958622233,0.05776691436767578,0.013403686240930688,0.9876543209876543
wo_fusion,47,14,,0.3722274493241725,0.06192159652709961,0.007610674767289663,0.9858906525573192
wo_fusion,47,15,,0.9161649904562327,0.049059391021728516,0.025355157473012636,0.9920634920634921
wo_fusion,47,16,,0.4448043407835202,0.06365776062011719,0.014415028498691767,0.9832451499118166
wo_fusion,47,17,,0.5654092574098631,0.07900476455688477,0.01814397330200884,0.9735449735449735
wo_fusion,47,18,,0.49496660820086474,0.06359434127807617,0.00992372135699671,0.9885361552028219
wo_fusion,47,19,,0.42410792245199924,0.0733189582824707,0.009121108103528737,0.9867724867724867
wo_fusion,47,20,,0.4422704716568351,0.08170795440673828,0.007019063017791445,0.9858906525573192
wo_fusion,48,0,,1.7184642123177594,0.025847434997558594,1.269182821745595,0.892416225749559
wo_fusion,48,1,,1.019864851627898,0.06326532363891602,0.1898543163176657,0.9391534391534392
wo_fusion,48,2,,0.5452055504871727,0.05973672866821289,0.06148841465208806,0.9753086419753086
wo_fusion,48,3,,0.6902680276390492,0.05290365219116211,0.036905488814491266,0.9850088183421517
wo_fusion,48,4,,0.5393107476216007,0.05738115310668945,0.031712231683127375,0.9805996472663139
wo_fusion,48,5,,0.4575000942560507,0.10779476165771484,0.030678128959499836,0.9576719576719577
wo_fusion,48,6,,0.5093315815145686,0.06258678436279297,0.03219935398208131,0.9805996472663139
wo_fusion,48,7,,0.6551570049310393,0.06065940856933594,0.020164942467417665,0.9867724867724867
wo_fusion,48,8,,0.47415355117326863,0.07300615310668945,0.010617714585033855,0.9894179894179894
wo_fusion,48,9,,0.5161392527977121,0.060239315032958984,0.009055614815665886,0.9797178130511464
wo_fusion,48,10,,0.45117961359258674,0.05635881423950195,0.011535317475822328,0.9902998236331569
wo_fusion,48,11,,0.5648525984702313,0.074005126953125,0.006971868583953637,0.9894179894179894
wo_fusion,48,12,,0.6853840600170915,0.06609296798706055,0.00876500522402817,0.9876543209876543
wo_fusion,48,13,,0.6604367164635085,0.07973003387451172,0.007150143427830274,0.9620811287477954
wo_fusion,48,14,,0.477615373514835,0.07863950729370117,0.01566256051326983,0.9885361552028219
wo_fusion,48,15,,0.5541839300258363,0.06628084182739258,0.017412521999585564,0.9841269841269841
wo_fusion,48,16,,0.6704588195653172,0.05760765075683594,0.011367063479690206,0.9797178130511464
wo_fusion,48,17,,0.5531690317994712,0.07064342498779297,0.006497470902747849,0.9858906525573192
wo_fusion,48,18,,0.8861679273493709,0.09812116622924805,0.021640168526421075,0.9717813051146384
wo_fusion,48,19,,0.7684851642475754,0.09711790084838867,0.02226750145438222,0.9797178130511464
wo_fusion,48,20,,0.4225853016139369,0.0955042839050293,0.015179496597095997,0.9938271604938271
wo_fusion,48,21,,0.5800506493329833,0.0946817398071289,0.0074692873452464155,0.9832451499118166
wo_fusion,48,22,,0.5280193347835296,0.0840449333190918,0.007414627760197849,0.9885361552028219
wo_fusion,48,23,,0.5519838947368035,0.09438228607177734,0.0028083744111588086,0.9920634920634921
wo_fusion,48,24,,0.47785384847551743,0.09923601150512695,0.0016522537186113204,0.9911816578483245
wo_fusion,48,25,,0.6165473882944161,0.08582019805908203,0.0029065723969419477,0.9920634920634921
wo_fusion,48,26,,0.6077295602534704,0.08651113510131836,0.001121564266208182,0.9929453262786596
wo_fusion,48,27,,0.6697560398307125,0.09066486358642578,0.0007323640998048484,0.9929453262786596
wo_fusion,48,28,,0.7104115964919495,0.09096908569335938,0.00039001515656794146,0.9929453262786596
wo_fusion,48,29,,0.462301497300249,0.09785699844360352,0.006204102883034985,0.9850088183421517
wo_fusion,48,30,,0.42872226156216303,0.09444046020507812,0.004876509791810997,0.9876543209876543
wo_fusion,49,0,,1.034963883681002,0.019559860229492188,1.238948067434791,0.8747795414462081
wo_fusion,49,1,,0.7264445320642579,0.06183195114135742,0.16364252272196458,0.9629629629629629
wo_fusion,49,2,,0.3948980684100658,0.06930351257324219,0.06858241141338017,0.9885361552028219
wo_fusion,49,3,,0.34806413140994297,0.06010723114013672,0.03369580739468494,0.9647266313932981
wo_fusion,49,4,,0.44106904000248504,0.07467174530029297,0.0316011675929852,0.9814814814814815
wo_fusion,49,5,,0.418272249021109,0.06194496154785156,0.022183782886361768,0.9894179894179894
wo_fusion,49,6,,0.3279065219321859,0.06837224960327148,0.018692867350303486,0.9894179894179894
wo_fusion,49,7,,0.4596793352115496,0.08248233795166016,0.01332231381667309,0.9858906525573192
wo_fusion,49,8,,0.3521947388044157,0.0739288330078125,0.017051019446779316,0.9902998236331569
wo_fusion,49,9,,0.37045311377841045,0.07301616668701172,0.009755962226998824,0.9929453262786596
wo_fusion,49,10,,0.4024014790268568,0.07512140274047852,0.008206762217171067,0.9417989417989417
wo_fusion,49,11,,0.41412558347807993,0.06453847885131836,0.015074063033338577,0.9920634920634921
wo_fusion,49,12,,0.6849917799247082,0.09977054595947266,0.036260364719371586,0.9779541446208113
wo_fusion,49,13,,0.682142712169408,0.08679866790771484,0.018685607473138587,0.9911816578483245
wo_fusion,49,14,,0.5550205977354503,0.07316875457763672,0.010426734730239482,0.9788359788359788
wo_fusion,49,15,,0.4371363710302314,0.06305551528930664,0.010313321549082153,0.9911816578483245
wo_fusion,49,16,,0.4208276153346748,0.06740236282348633,0.006676288574331427,0.9894179894179894
wo_fusion,49,17,,0.5158419799921516,0.07506561279296875,0.002512227997637142,0.9911816578483245
wo_fusion,49,18,,0.4293281162874525,0.06332206726074219,0.0055480072136126456,0.9744268077601411
wo_fusion,49,19,,0.4427756947707844,0.0800924301147461,0.008663723030339122,0.9858906525573192
wo_fusion,50,0,,1.5910107531651065,0.010970592498779297,1.2541852270169234,0.8509700176366843
wo_fusion,50,1,,0.8521143758957576,0.043375492095947266,0.2018797134956625,0.935626102292769
wo_fusion,50,2,,0.8720616344363284,0.05177497863769531,0.10791633283763065,0.9744268077601411
wo_fusion,50,3,,0.9805137371705479,0.0684366226196289,0.06006256042672033,0.9682539682539683
wo_fusion,50,4,,1.4344709724340068,0.056018829345703125,0.03897135828087389,0.9938271604938271
wo_fusion,50,5,,1.4321907852389142,0.0632009506225586,0.016515551850682608,0.9938271604938271
wo_fusion,50,6,,1.2545686302627774,0.07053899765014648,0.01209717260206221,0.9955908289241623
wo_fusion,50,7,,1.4360956084040224,0.07381868362426758,0.011064719491112394,0.9911816578483245
wo_fusion,50,8,,1.7861258601771284,0.0692601203918457,0.018493112211502124,0.9902998236331569
wo_fusion,50,9,,1.1253239068340495,0.07242965698242188,0.018023635006107767,0.9691358024691358
wo_fusion,50,10,,1.8819406427658276,0.07287979125976562,0.010960561188834685,0.9947089947089947
wo_fusion,50,11,,1.4442543364022058,0.06278753280639648,0.008579131067981796,0.9929453262786596
wo_fusion,50,12,,1.5144170918018245,0.06485557556152344,0.006490847340292908,0.9947089947089947
wo_fusion,50,13,,1.5167505895216438,0.06830072402954102,0.005872964985191383,0.9938271604938271
wo_fusion,50,14,,1.1227137542343133,0.07110071182250977,0.001987701789803313,0.9955908289241623
wo_fusion,50,15,,1.5608584941267312,0.07111740112304688,0.00218595205950505,0.9955908289241623
wo_fusion,50,16,,1.4312359507498742,0.0697779655456543,0.0006330000984002727,0.9947089947089947
wo_fusion,51,0,,1.2310725074674174,0.021203041076660156,1.226641920080531,0.9118165784832452
wo_fusion,51,1,,0.8109983394761523,0.06742191314697266,0.19163193791901983,0.9603174603174603
wo_fusion,51,2,,0.5241496499301594,0.0712270736694336,0.09101538620297871,0.9788359788359788
wo_fusion,51,3,,0.4232971846523617,0.08129167556762695,0.050810746037635676,0.9805996472663139
wo_fusion,51,4,,0.3234894736805037,0.08091259002685547,0.033522709477650604,0.9664902998236331
wo_fusion,51,5,,0.5086918929936038,0.08261919021606445,0.02759670698487299,0.9850088183421517
wo_fusion,51,6,,0.43757620444807105,0.06988286972045898,0.01899658169707203,0.9629629629629629
wo_fusion,51,7,,0.40827623870555696,0.10358428955078125,0.025502759761241063,0.9850088183421517
wo_fusion,51,8,,0.41593496623657855,0.0928192138671875,0.01869855784949757,0.9761904761904762
wo_fusion,51,9,,0.6093448975641449,0.08847856521606445,0.02686905085854655,0.9779541446208113
wo_fusion,51,10,,0.5727706575018171,0.08925962448120117,0.01358752743093239,0.9788359788359788
wo_fusion,51,11,,0.4479871327349421,0.0911717414855957,0.013673406607314427,0.982363315696649
wo_fusion,51,12,,0.41418650200772306,0.09337949752807617,0.007607769681933074,0.9788359788359788
wo_fusion,51,13,,0.4687648195894673,0.09598159790039062,0.010003713840665894,0.9911816578483245
wo_fusion,51,14,,0.4200472106798794,0.09973382949829102,0.013371127464710674,0.9894179894179894
wo_fusion,51,15,,0.574783298693642,0.09944343566894531,0.009157873393062472,0.9894179894179894
wo_fusion,51,16,,0.8707863333054946,0.13234853744506836,0.008071702712293622,0.9770723104056437
wo_fusion,51,17,,1.2007161930527996,0.10218143463134766,0.0056874782247546265,0.9876543209876543
wo_fusion,51,18,,0.5600903916775718,0.12140035629272461,0.005772793823036556,0.9691358024691358
wo_fusion,51,19,,0.3989677567112857,0.10461664199829102,0.007050287366336287,0.9911816578483245
wo_fusion,51,20,,0.5000265657528913,0.12231874465942383,0.00658352921124849,0.9664902998236331
wo_fusion,51,21,,0.690572073895285,0.10413551330566406,0.00902689338358329,0.972663139329806
wo_fusion,51,22,,0.7261987662921306,0.09241247177124023,0.008829357868936181,0.9894179894179894
wo_fusion,51,23,,0.6362719299342681,0.09757328033447266,0.005084936181822467,0.9876543209876543
wo_gating,42,0,0.35593093995969377,1.6082572842764358,,1.0758164112124584,0.9241622574955908
wo_gating,42,1,0.31616922082736615,0.8058776235733919,,0.14599649252219354,0.982363315696649
wo_gating,42,2,0.3613786077803889,0.29393275484442233,,0.06398739207336061,0.9876543209876543
wo_gating,42,3,0.3676816928595381,0.5403992285535262,,0.03374135593911147,0.9876543209876543
wo_gating,42,4,0.32945283904541406,0.3711472718356739,,0.0297035476219582,0.9902998236331569
wo_gating,42,5,0.32752340149073755,1.083942427087921,,0.02657485726829379,0.9885361552028219
wo_gating,42,6,0.3211063769103885,1.347929400271212,,0.024126850368802803,0.9885361552028219
wo_gating,42,7,0.32899950748436374,0.4979643515971765,,0.02288354980567145,0.9656084656084656
wo_gating,42,8,0.3409381069363653,0.30367360775786495,,0.021418166902262607,0.9841269841269841
wo_gating,42,9,0.34239952572770427,1.8411936630591894,,0.010030348601491273,0.9902998236331569
wo_gating,42,10,0.33798047398333897,0.5314331619655727,,0.01353601531638783,0.9929453262786596
wo_gating,42,11,0.30727644151303624,1.2862348506136068,,0.010706290538624796,0.9911816578483245
wo_gating,42,12,0.3580235331539793,0.30419554506023655,,0.012294449462454685,0.9867724867724867
wo_gating,42,13,0.3581359367779423,0.7222622535316643,,0.02016633631167363,0.9788359788359788
wo_gating,42,14,0.3415189218288991,3.40020579273829,,0.012582786046165638,0.9894179894179894
wo_gating,42,15,0.3570214182583811,1.4164995859167575,,0.03212186358503023,0.9911816578483245
wo_gating,42,16,0.33842002818062056,0.5004125391570154,,0.011806609589664247,0.9920634920634921
wo_gating,42,17,0.3376073975053773,0.7546459218496144,,0.006316823974246115,0.9911816578483245
wo_gating,42,18,0.3147382285887989,0.5258358410217503,,0.0030046113357912307,0.9964726631393298
wo_gating,42,19,0.305003836101812,0.4575152572685629,,0.007611511929623447,0.9841269841269841
wo_gating,42,20,0.3077955456100288,0.4189520438557994,,0.0069024483321300754,0.9894179894179894
wo_gating,42,21,0.23280803795594623,0.5736852825114526,,0.005109167378853361,0.9947089947089947
wo_gating,42,22,0.23118474429635422,0.6340345317646126,,0.004368113887440681,0.9920634920634921
wo_gating,42,23,0.21320617793935337,1.4914131622674804,,0.009917133211637605,0.9911816578483245
wo_gating,42,24,0.2064261962420383,2.785666526361995,,0.005676760430375955,0.9929453262786596
wo_gating,42,25,0.23766974754861925,1.8534734748028958,,0.016584706963046973,0.9911816578483245
wo_gating,42,26,0.31628038128188285,2.6365172345294847,,0.011568434131511249,0.9938271604938271
wo_gating,42,27,0.30139275630834905,1.6072750002755496,,0.0044568156768432,0.9902998236331569
wo_gating,42,28,0.2828103837714562,1.6192932420917858,,0.0022542650669880736,0.9911816578483245
wo_gating,43,0,0.3351496265684274,2.154888936755509,,1.0650327947900229,0.8915343915343915
wo_gating,43,1,0.2477344730412398,0.8104665267026291,,0.15915477230795746,0.9497354497354498
wo_gating,43,2,0.2751565160871544,0.6906907270547675,,0.08040956555895974,0.972663139329806
wo_gating,43,3,0.2919569022994905,0.6347197105120553,,0.051441995284815044,0.9805996472663139
wo_gating,43,4,0.3935613626926498,0.4567132728995952,,0.044730907912877864,0.9902998236331569
wo_gating,43,5,0.33646136543833605,1.1271486641421231,,0.041318425192066154,0.9911816578483245
wo_gating,43,6,0.3418140313075027,0.6925945286943165,,0.02353855065201731,0.9902998236331569
wo_gating,43,7,0.34845246238542893,0.6786076100517614,,0.020629580914748948,0.9894179894179894
wo_gating,43,8,0.3441090903308329,0.7558534597943585,,0.012274168177633825,0.9876543209876543
wo_gating,43,9,0.3520983373485185,1.0345863039084793,,0.009962561268933844,0.9955908289241623
wo_gating,43,10,0.3276184373283475,0.7109862782903115,,0.007270810873622887,0.982363315696649
wo_gating,43,11,0.3239668194231827,0.8030682953558824,,0.006483294489495709,0.9938271604938271
wo_gating,43,12,0.35156479295043186,1.0931764376440103,,0.003067762235319277,0.9929453262786596
wo_gating,43,13,0.32483567219625875,1.1633190041917776,,0.0014699249984286458,0.9938271604938271
wo_gating,43,14,0.32608408847722137,0.8575082218157578,,0.0010099636638242798,0.9911816578483245
wo_gating,43,15,0.37235471591110847,0.39621484045836,,0.007343920811839002,0.9664902998236331
wo_gating,43,16,0.3515795600601861,0.6619178769393654,,0.009022931812066396,0.9902998236331569
wo_gating,43,17,0.3105987758982905,1.56248609280022,,0.009412961740973134,0.9902998236331569
wo_gating,43,18,0.28223943655070355,1.0728110107643491,,0.027628181664834894,0.9902998236331569
wo_gating,43,19,0.28633107721703244,1.3172418952213376,,0.021017847330156693,0.9858906525573192
wo_gating,44,0,0.2726334888381176,2.6246435911326955,,1.050642423326106,0.8818342151675485
wo_gating,44,1,0.27182037588317304,1.8389832530517027,,0.16334595679335764,0.9435626102292769
wo_gating,44,2,0.3390333924583439,1.4971033804046423,,0.07840765742915919,0.9673721340388007
wo_gating,44,3,0.38801897342189423,1.3604712475157206,,0.04569418713568695,0.982363315696649
wo_gating,44,4,0.41156463499434404,1.3723750144827962,,0.034475745513573436,0.9744268077601411
wo_gating,44,5,0.3631495893099667,0.8315478806354303,,0.015609449947017752,0.9938271604938271
wo_gating,44,6,0.3698030902287558,1.098875195597995,,0.014569629908723085,0.9876543209876543
wo_gating,44,7,0.3066198212266359,1.5298518820435842,,0.010797748745870315,0.9964726631393298
wo_gating,44,8,0.31612775818866856,2.0101322796738104,,0.006172579027344884,0.9947089947089947
wo_gating,44,9,0.3145878723590463,1.378531630272207,,0.008791324619794419,0.9920634920634921
wo_gating,44,10,0.3320142888934735,2.663804903478724,,0.00461601772861596,0.9929453262786596
wo_gating,44,11,0.3124251642710934,2.4601892631823326,,0.004151847317338958,0.9947089947089947
wo_gating,44,12,0.3100315468340429,1.1711024424954264,,0.002339872779602358,0.9947089947089947
wo_gating,44,13,0.299923141886928,2.12793087726895,,0.0010229855095995808,0.9964726631393298
wo_gating,44,14,0.29847740449931287,1.590719391649479,,0.0006038140445188792,0.9947089947089947
wo_gating,44,15,0.2951391759291121,1.566205656236333,,0.00047225391021306687,0.9947089947089947
wo_gating,44,16,0.29240935937330004,1.7547211707447263,,0.0003993467907178429,0.9955908289241623
wo_gating,44,17,0.2983536630686396,1.2752650596252162,,0.00031839582560659976,0.9955908289241623
wo_gating,45,0,0.2919679244211278,1.33820458535211,,1.0127509915504327,0.9338624338624338
wo_gating,45,1,0.3272861750885184,0.8748340338120288,,0.1404385643976706,0.9603174603174603
wo_gating,45,2,0.33127825206773653,0.6387730166178487,,0.07238213784953273,0.9832451499118166
wo_gating,45,3,0.331397086246239,0.5817014123317228,,0.04131682025365819,0.9814814814814815
wo_gating,45,4,0.29448676677134555,0.5507184929405498,,0.030028499219389188,0.9832451499118166
wo_gating,45,5,0.2798044922639617,0.5238667562326713,,0.02089594622464317,0.9858906525573192
wo_gating,45,6,0.3824987238057964,0.9238487114685764,,0.020332976389051228,0.9647266313932981
wo_gating,45,7,0.2793290789629398,1.181710270912508,,0.01901488464666377,0.9805996472663139
wo_gating,45,8,0.3045068450305557,1.2884338123020056,,0.04151764886702945,0.9832451499118166
wo_gating,45,9,0.3494809135240728,0.7228324398262659,,0.017952071471831064,0.9850088183421517
wo_gating,45,10,0.30043840811179146,0.6282860547234217,,0.007347127152022568,0.9911816578483245
wo_gating,45,11,0.3024898799592994,0.4693775420721372,,0.01007706508566981,0.9841269841269841
wo_gating,45,12,0.36874662504635025,0.36251599549632485,,0.013935654335301539,0.9885361552028219
wo_gating,45,13,0.313580080810851,0.5306800776548789,,0.009124475901028477,0.9717813051146384
wo_gating,45,14,0.41803904943433645,0.744589065427769,,0.01029228880995841,0.9479717813051146
wo_gating,45,15,0.3455275935110424,1.053927359314943,,0.01767186617453386,0.9902998236331569
wo_gating,45,16,0.44320427617648345,0.8119276326989462,,0.018484674519433367,0.982363315696649
wo_gating,45,17,0.3582319002160118,0.9051046794338118,,0.009246712286716563,0.9876543209876543
wo_gating,45,18,0.3393064815312315,0.9180730615884672,,0.004865937363871993,0.9902998236331569
wo_gating,45,19,0.3411829160882124,1.0089469632378119,,0.0017299342546385002,0.9902998236331569
wo_gating,45,20,0.3125984189890708,1.2664258057059588,,0.0016489217612358797,0.9876543209876543
wo_gating,46,0,0.4170513363941108,1.1861688055450488,,1.0710498197616634,0.927689594356261
wo_gating,46,1,0.32911446501807334,0.44573604376540754,,0.12640560689246394,0.9788359788359788
wo_gating,46,2,0.33742958650350935,0.3560596958895966,,0.050020953971197095,0.9682539682539683
wo_gating,46,3,0.49265338217640303,0.8773738877258559,,0.03130413091918193,0.9805996472663139
wo_gating,46,4,0.35320974230715585,0.3367252007950113,,0.027617471930391393,0.9559082892416225
wo_gating,46,5,0.2941182182887788,0.558588208516721,,0.027045970874150775,0.9911816578483245
wo_gating,46,6,0.3470358559903317,0.7129350782867466,,0.024019297077204366,0.9876543209876543
wo_gating,46,7,0.4071617210100309,0.6573543041122863,,0.016048828000871526,0.972663139329806
wo_gating,46,8,0.35121003005003937,0.6875103270047319,,0.011853850426226968,0.9858906525573192
wo_gating,46,9,0.34471013879990386,2.453793862371715,,0.01182061604041823,0.9885361552028219
wo_gating,46,10,0.3219640041702294,0.9932905042490517,,0.012977147106016483,0.9841269841269841
wo_gating,46,11,0.3519496045047878,0.7324139572952004,,0.009069021661693367,0.972663139329806
wo_gating,46,12,0.36988322038291344,1.1637808204638425,,0.014143227298271674,0.9885361552028219
wo_gating,46,13,0.34869448168389094,1.3087538505691962,,0.019413533129180954,0.9805996472663139
wo_gating,46,14,0.29488082977951613,2.1897573151577303,,0.039930296852024594,0.9867724867724867
wo_gating,46,15,0.2840321043028039,1.0083178745521846,,0.015532832385765182,0.9920634920634921
wo_gating,46,16,0.2841840181822516,1.1495945898571291,,0.00595581527811335,0.9894179894179894
wo_gating,46,17,0.2984700350352306,1.5023960752293708,,0.004007858019892355,0.9920634920634921
wo_gating,46,18,0.29117935657618005,0.5272989547636197,,0.0023427530793185916,0.9947089947089947
wo_gating,46,19,0.2800727894214945,4.314102431077315,,0.002218547499489964,0.9947089947089947
wo_gating,46,20,0.2620768222663961,2.9247729623156213,,0.0013282220652791547,0.9938271604938271
wo_gating,46,21,0.2664271733778818,0.9776849510347236,,0.004206168984477595,0.9911816578483245
wo_gating,46,22,0.29329359863932636,0.49511837351351123,,0.02633463823639887,0.9876543209876543
wo_gating,46,23,0.3196286942356734,2.1878120726510826,,0.0046620741036022964,0.9858906525573192
wo_gating,46,24,0.3135067306034811,1.191333855490048,,0.007468657619925251,0.9885361552028219
wo_gating,46,25,0.2926259017158779,0.7537334818032126,,0.0039410767576974716,0.9850088183421517
wo_gating,46,26,0.3125632229925424,0.803021086599805,,0.006304056347416079,0.9858906525573192
wo_gating,46,27,0.2695911703943131,0.3326319097096559,,0.008556112621362496,0.9885361552028219
wo_gating,46,28,0.3139174025056767,1.0226089265045535,,0.005477528782590987,0.9929453262786596
wo_gating,47,0,0.33552127505470203,3.4375341436917006,,1.0962178852755466,0.890652557319224
wo_gating,47,1,0.32552722391459277,4.377285043498329,,0.19772099079008096,0.9303350970017636
wo_gating,47,2,0.36284444753119177,2.633356505663085,,0.0957527319074961,0.9841269841269841
wo_gating,47,3,0.3715917399506552,3.0890174522608596,,0.052164759557308434,0.982363315696649
wo_gating,47,4,0.3436309738845535,2.120784350803526,,0.026498453578970148,0.9850088183421517
wo_gating,47,5,0.314179045128981,3.7873510364475353,,0.021548655102675666,0.9911816578483245
wo_gating,47,6,0.3240664690252243,2.3680694483721014,,0.017635873772481277,0.9911816578483245
wo_gating,47,7,0.30576136894562744,3.130463127542359,,0.009124444849375222,0.9920634920634921
wo_gating,47,8,0.3239168077482155,4.657166536595303,,0.008400713741914485,0.9902998236331569
wo_gating,47,9,0.30679634374497666,3.603319325794862,,0.007371670858637456,0.9947089947089947
wo_gating,47,10,0.4164978958811275,2.7755618522976473,,0.009689072950567855,0.927689594356261
wo_gating,47,11,0.3617742695747007,3.2420370754605443,,0.02365991912531587,0.9929453262786596
wo_gating,47,12,0.34405698846443844,3.0814273351173758,,0.005853294066430822,0.9867724867724867
wo_gating,47,13,0.3337185314489454,3.1217694735116424,,0.003337726614201119,0.9964726631393298
wo_gating,47,14,0.28655408708650243,7.512086167898522,,0.003672700611624912,0.9964726631393298
wo_gating,47,15,0.31137801943929466,6.090280658616119,,0.0018188901395534847,0.9964726631393298
wo_gating,47,16,0.34000265424133547,2.399386958806145,,0.0038552694807556975,0.9885361552028219
wo_gating,47,17,0.3460276018979771,1.7848075257898712,,0.00364245817882522,0.9911816578483245
wo_gating,47,18,0.321091872882122,2.112569971206249,,0.001227400107619839,0.9955908289241623
wo_gating,47,19,0.3018395599748475,3.6385276258539214,,0.0007616798799848029,0.9929453262786596
wo_gating,47,20,0.3110687823148185,6.491444581029049,,0.0016214528276538582,0.9973544973544973
wo_gating,47,21,0.33344696342211894,4.568246044507683,,0.0030027813450957757,0.9964726631393298
wo_gating,47,22,0.33241367435082514,5.702452319436201,,0.0007003434881013948,0.9955908289241623
wo_gating,47,23,0.32655768412590613,8.391049778211297,,0.0011882614773986418,0.9947089947089947
wo_gating,47,24,0.3221936293609994,3.18719414726664,,0.0007736576563651932,0.9955908289241623
wo_gating,47,25,0.31565659988057515,2.9859400298000067,,0.0005757089833559494,0.9955908289241623
wo_gating,47,26,0.32147568502724466,4.311183834122454,,0.0005272708543763198,0.9955908289241623
wo_gating,47,27,0.3146303251453632,2.084977995954668,,0.0007578659578423964,0.9964726631393298
wo_gating,47,28,0.2113172075259004,7.013993831150631,,0.0479517621111381,0.9920634920634921
wo_gating,47,29,0.2475027404000371,1.8606019546733377,,0.02226572020782914,0.9938271604938271
wo_gating,47,30,0.24682839760328673,2.9268454170894804,,0.004554953464575799,0.9955908289241623
wo_gating,48,0,0.28629734709701615,1.483679560809551,,1.0969433826045925,0.9029982363315696
wo_gating,48,1,0.2404937620145795,0.6539421745450049,,0.14699520856615098,0.9426807760141094
wo_gating,48,2,0.22035594694683014,0.38837476848001495,,0.062413525224880834,0.9797178130511464
wo_gating,48,3,0.27729371815835524,0.18310128059228134,,0.036061816213149876,0.9911816578483245
wo_gating,48,4,0.24964462683795657,0.4064775027955664,,0.026738914906787134,0.9885361552028219
wo_gating,48,5,0.2353447200736952,0.26237815303803613,,0.02237672697772425,0.9876543209876543
wo_gating,48,6,0.3141746559602761,1.0198602052094534,,0.04010122335211107,0.9761904761904762
wo_gating,48,7,0.21082922923472697,0.4526931419489061,,0.024379673189373063,0.9673721340388007
wo_gating,48,8,0.23907800583685945,0.796555447103608,,0.029701469966420906,0.9920634920634921
wo_gating,48,9,0.24371707080126498,0.5208550724651917,,0.014443782633360552,0.9920634920634921
wo_gating,48,10,0.4015458589960742,0.6012992814380762,,0.014182407959439676,0.9744268077601411
wo_gating,48,11,0.22706297053435498,0.8223343576269135,,0.018114118817109594,0.9947089947089947
wo_gating,48,12,0.30085165448206175,0.752554547515755,,0.013944795657634223,0.9894179894179894
wo_gating,48,13,0.31092884913538055,0.8429725476470983,,0.006451583739323647,0.9858906525573192
wo_gating,48,14,0.26362380779017924,0.6978358142945842,,0.004937280618317442,0.9832451499118166
wo_gating,48,15,0.2814613162972058,1.351893777606789,,0.0214197251717655,0.9788359788359788
wo_gating,48,16,0.3040664774243227,0.7857569553600996,,0.007562078379368437,0.9920634920634921
wo_gating,48,17,0.30286116332949464,0.5453953477202635,,0.004093400393109361,0.9938271604938271
wo_gating,48,18,0.2603782589878956,0.6137441268950525,,0.001762798057986284,0.9929453262786596
wo_gating,48,19,0.2753365570936518,0.35819752723446896,,0.008131279018253527,0.982363315696649
wo_gating,48,20,0.3009991536119425,0.5033878452001213,,0.009615644583405008,0.9929453262786596
wo_gating,48,21,0.27915798755084076,0.5190152044386263,,0.0028417963623994917,0.9938271604938271
wo_gating,49,0,0.330192272531,2.052297830267687,,1.0926428031533935,0.8315696649029982
wo_gating,49,1,0.3694952551799748,1.1078529144192284,,0.1979272409496394,0.9470899470899471
wo_gating,49,2,0.4055670340590226,2.218309852946693,,0.08273639808143528,0.9788359788359788
wo_gating,49,3,0.38539437814296484,2.9185911764714194,,0.04725007287093571,0.9797178130511464
wo_gating,49,4,0.38152764464157196,1.8156687433644179,,0.03593399341535654,0.9858906525573192
wo_gating,49,5,0.33678143030324015,2.0354221245615323,,0.01788294449228954,0.9894179894179894
wo_gating,49,6,0.3554919976093789,2.9998106045374953,,0.016752993599289938,0.9920634920634921
wo_gating,49,7,0.3623968377809572,3.782945028584965,,0.01292608516503376,0.9911816578483245
wo_gating,49,8,0.37629763030907254,2.8176363856731106,,0.005273065559065514,0.9920634920634921
wo_gating,49,9,0.3375063210943033,1.8246596805311939,,0.005470165906464139,0.9955908289241623
wo_gating,49,10,0.34242470592227037,3.468739077659072,,0.0022374797388573352,0.9955908289241623
wo_gating,49,11,0.36509774706171083,2.5967687954008163,,0.007461410090439894,0.9858906525573192
wo_gating,49,12,0.39361951391213257,1.9894044619689613,,0.025245747388884684,0.9841269841269841
wo_gating,49,13,0.3242668595329987,2.155830439609101,,0.0074607846160378456,0.9938271604938271
wo_gating,49,14,0.31532051138157086,2.1201725010743546,,0.0016726015396722404,0.9929453262786596
wo_gating,49,15,0.31973182347320306,1.4250378284602374,,0.0014049412798099866,0.9938271604938271
wo_gating,49,16,0.3120918306926752,1.8190196752542067,,0.0011138421647357653,0.9947089947089947
wo_gating,49,17,0.3215959969838819,1.9654164986118663,,0.01790100855236128,0.9858906525573192
wo_gating,49,18,0.24895884090162784,1.9879289141335876,,0.015789952725017174,0.9920634920634921
wo_gating,49,19,0.28357868684994253,3.415885451669582,,0.006121764352945688,0.9885361552028219
wo_gating,50,0,0.44678132410386967,1.504024042256832,,1.078547534882707,0.8738977072310405
wo_gating,50,1,0.45083971879189594,0.7230680260929092,,0.16458356216020506,0.9656084656084656
wo_gating,50,2,0.41474353812261294,0.4970354447640604,,0.06433934497612494,0.9805996472663139
wo_gating,50,3,0.4099543739821898,0.49922485373683717,,0.0333670644794935,0.9735449735449735
wo_gating,50,4,0.42700249048349376,0.7195174491379269,,0.030741775149334495,0.9902998236331569
wo_gating,50,5,0.3951951338939931,0.6828705410669969,,0.025966387292763002,0.9850088183421517
wo_gating,50,6,0.39727717285855085,0.5614533399798626,,0.02083320446869954,0.9841269841269841
wo_gating,50,7,0.4579038602403199,0.9820171581050473,,0.021034825213101446,0.9858906525573192
wo_gating,50,8,0.4815892034023975,0.8652329615236382,,0.02983584844307356,0.9920634920634921
wo_gating,50,9,0.4129029936567157,0.7703161495144786,,0.01461766257133118,0.9902998236331569
wo_gating,50,10,0.38055215935691455,0.6736675955016619,,0.013416639962448308,0.9894179894179894
wo_gating,50,11,0.3971874829639794,1.2276236854654796,,0.0072482366576644384,0.9894179894179894
wo_gating,50,12,0.3744672125287135,0.4204677667886293,,0.011623496661446313,0.9920634920634921
wo_gating,50,13,0.3621047492471752,0.56392479718371,,0.009505410511145201,0.9911816578483245
wo_gating,50,14,0.37624955219347445,0.5378888866693566,,0.010004346104069858,0.9788359788359788
wo_gating,50,15,0.3618543809155038,0.6242501076044447,,0.010958797629931075,0.9929453262786596
wo_gating,50,16,0.3757052910675238,0.8798300087709692,,0.013305195764225267,0.9876543209876543
wo_gating,50,17,0.34723985232533605,1.2285515149154276,,0.015233598546725463,0.9911816578483245
wo_gating,50,18,0.3936402375555391,0.6532638498291091,,0.014488483635527072,0.9858906525573192
wo_gating,50,19,0.39539896042973444,1.0442388341906907,,0.00330144794784009,0.9920634920634921
wo_gating,50,20,0.3994934042574443,4.857717842325786,,0.0054055100265687625,0.9850088183421517
wo_gating,50,21,0.3881725321721331,2.3885335260497236,,0.009948836343865546,0.9947089947089947
wo_gating,50,22,0.4214834092054332,0.523408422646987,,0.01846958340539154,0.9850088183421517
wo_gating,50,23,0.4187006642800508,0.8438139503062129,,0.00625299218448899,0.9938271604938271
wo_gating,50,24,0.4058013860054189,0.8252060599930584,,0.005360198264043336,0.9902998236331569
wo_gating,50,25,0.38385189977575906,1.7507962799819357,,0.004882890358840018,0.9938271604938271
wo_gating,50,26,0.3814792339824765,1.3739769148403949,,0.0031279271810990637,0.9929453262786596
wo_gating,50,27,0.376683185212107,3.2884173810471897,,0.0033252278798825063,0.9947089947089947
wo_gating,50,28,0.3797085349461337,1.5135182863042993,,0.00090480481462028,0.9955908289241623
wo_gating,50,29,0.39031100168369703,0.7783690806521321,,0.0004603473656557047,0.9955908289241623
wo_gating,50,30,0.3802712215725933,0.6881157458081156,,0.004340770850957668,0.9876543209876543
wo_gating,50,31,0.32621569514608106,0.2687404333709416,,0.003832533935445536,0.9920634920634921
wo_gating,50,32,0.31564485701279854,0.5604338119253028,,0.02559415826880889,0.9576719576719577
wo_gating,50,33,0.32128487190304833,0.4964799071640982,,0.02221744610001956,0.9911816578483245
wo_gating,50,34,0.2895016894672761,0.9052274238255633,,0.008249688323315104,0.9938271604938271
wo_gating,50,35,0.3097603106383637,1.4587418167283777,,0.002082361886194201,0.9938271604938271
wo_gating,50,36,0.305812782846823,1.6115447937902432,,0.0011045033285427396,0.9911816578483245
wo_gating,50,37,0.30167952263811415,1.7963741150246866,,0.002465202952360274,0.9938271604938271
wo_gating,50,38,0.3021277072182384,1.0221873818588685,,0.0007161076514747976,0.9947089947089947
wo_gating,51,0,0.32669700227414256,1.1543710945746015,,1.0158247185627438,0.9497354497354498
wo_gating,51,1,0.3569663230868536,0.5014726896537421,,0.11732312746329102,0.982363315696649
wo_gating,51,2,0.41975494750884235,0.31651475583707755,,0.047795842947242664,0.9753086419753086
wo_gating,51,3,0.3998870324238341,0.639874833511944,,0.039406600734183755,0.9894179894179894
wo_gating,51,4,0.3125426945080929,0.5323309431786161,,0.021834722186846324,0.9902998236331569
wo_gating,51,5,0.3431974493498684,0.31839480672397347,,0.02409900594024003,0.9858906525573192
wo_gating,51,6,0.3581195358407133,1.1408840416129302,,0.013964571436066026,0.9920634920634921
wo_gating,51,7,0.31866094479408064,0.4399589515130224,,0.013688515713375036,0.9744268077601411
wo_gating,51,8,0.36274388925415624,0.9391378656722478,,0.02064305732979841,0.9805996472663139
wo_gating,51,9,0.32559260858847117,1.0491943531787047,,0.025740449283714106,0.9894179894179894
wo_gating,51,10,0.36257766372526884,0.9040348876388048,,0.015663770747596985,0.9867724867724867
wo_gating,51,11,0.38120729367028927,0.7527725277289816,,0.01938463635010559,0.9920634920634921
wo_gating,51,12,0.39419626706615885,0.715447084895664,,0.02081241069177837,0.9929453262786596
wo_gating,51,13,0.33266958282128717,1.562229014417556,,0.010947896475964933,0.972663139329806
wo_gating,51,14,0.35329170201506066,0.35164985399820964,,0.01272547172448645,0.9867724867724867
wo_gating,51,15,0.33497557649817006,0.43337389839365037,,0.006436080766175835,0.9920634920634921
wo_gating,51,16,0.3124491099488563,0.6792010670635771,,0.006045210646025101,0.9911816578483245
wo_gating,51,17,0.32199633864521854,0.792273168824767,,0.003618886646795638,0.9894179894179894
wo_gating,51,18,0.28484227044491717,0.4287318371186367,,0.004561624136958933,0.9920634920634921
wo_gating,51,19,0.28710610815856197,0.5578395047889235,,0.004126932602154882,0.9885361552028219
wo_gating,51,20,0.26367849207489774,0.4946774256778566,,0.016493284556460697,0.9885361552028219
wo_gating,51,21,0.2737444457905916,0.42259105153941273,,0.009658718023038077,0.9876543209876543
wo_gating,51,22,0.30401071401703256,0.3916983791441406,,0.005984201871506477,0.9902998236331569
wo_spectral,42,0,,,0.07072114944458008,1.3178490075710048,0.892416225749559
wo_spectral,42,1,,,0.11636018753051758,0.24184048410085504,0.9047619047619048
wo_spectral,42,2,,,0.1556258201599121,0.16492713915179916,0.9417989417989417
wo_spectral,42,3,,,0.14245223999023438,0.08833221780334741,0.9876543209876543
wo_spectral,42,4,,,0.10126543045043945,0.031032422488486325,0.9902998236331569
wo_spectral,42,5,,,0.13271808624267578,0.01575494658899545,0.9920634920634921
wo_spectral,42,6,,,0.1359090805053711,0.007068647849405197,0.9973544973544973
wo_spectral,42,7,,,0.14946794509887695,0.009804455225179233,0.9858906525573192
wo_spectral,42,8,,,0.1430044174194336,0.016338034016794706,0.9955908289241623
wo_spectral,42,9,,,0.14445066452026367,0.01436243219778381,0.9938271604938271
wo_spectral,42,10,,,0.1465315818786621,0.015854277848656756,0.9920634920634921
wo_spectral,42,11,,,0.13579225540161133,0.008200786435851322,0.9973544973544973
wo_spectral,42,12,,,0.1420269012451172,0.002099248673071703,0.9982363315696648
wo_spectral,42,13,,,0.14955902099609375,0.0011897921877959286,0.9991181657848325
wo_spectral,42,14,,,0.1698756217956543,0.0016942637992244233,0.9929453262786596
wo_spectral,42,15,,,0.16420412063598633,0.006924189653216621,0.9982363315696648
wo_spectral,42,16,,,0.14642858505249023,0.009121578482760346,0.9964726631393298
wo_spectral,42,17,,,0.14507818222045898,0.0069315548427350175,0.9982363315696648
wo_spectral,42,18,,,0.14799833297729492,0.0012544347013776962,0.9991181657848325
wo_spectral,42,19,,,0.15648841857910156,0.0007288830279751356,0.9991181657848325
wo_spectral,42,20,,,0.15749883651733398,0.0004035380125534668,0.9991181657848325
wo_spectral,42,21,,,0.15717124938964844,0.00033923366185536753,0.9991181657848325
wo_spectral,42,22,,,0.1559605598449707,0.00031904447316920677,0.9991181657848325
wo_spectral,42,23,,,0.15654420852661133,0.00025612880547181793,0.9991181657848325
wo_spectral,43,0,,,0.07164716720581055,1.256336190735672,0.8765432098765432
wo_spectral,43,1,,,0.10849142074584961,0.2312144682611017,0.9470899470899471
wo_spectral,43,2,,,0.0932154655456543,0.1164858000281176,0.9576719576719577
wo_spectral,43,3,,,0.11984062194824219,0.06600887549707408,0.9885361552028219
wo_spectral,43,4,,,0.12330102920532227,0.025907984460990536,0.9982363315696648
wo_spectral,43,5,,,0.12531757354736328,0.010148607412295434,0.9973544973544973
wo_spectral,43,6,,,0.12240743637084961,0.004811143814265807,0.9991181657848325
wo_spectral,43,7,,,0.13409709930419922,0.004865614516598624,0.9982363315696648
wo_spectral,43,8,,,0.13602209091186523,0.002009575258206945,0.9982363315696648
wo_spectral,43,9,,,0.1341719627380371,0.0035395682866819545,0.9973544973544973
wo_spectral,43,10,,,0.1298842430114746,0.0034390766082439948,0.9991181657848325
wo_spectral,43,11,,,0.13061809539794922,0.0023639637365154443,0.9991181657848325
wo_spectral,43,12,,,0.1349811553955078,0.0010341554716034446,0.9991181657848325
wo_spectral,43,13,,,0.13970947265625,0.00068925113433223,0.9991181657848325
wo_spectral,43,14,,,0.13879871368408203,0.0005530466621503015,0.9991181657848325
wo_spectral,43,15,,,0.1390681266784668,0.0005069723727553942,0.9991181657848325
wo_spectral,43,16,,,0.13828086853027344,0.000479615686949869,0.9991181657848325
wo_spectral,44,0,,,0.07263994216918945,1.2210269969742313,0.7927689594356261
wo_spectral,44,1,,,0.11851930618286133,0.23317262805147956,0.9347442680776014
wo_spectral,44,2,,,0.16402721405029297,0.10646570878819994,0.9770723104056437
wo_spectral,44,3,,,0.08694982528686523,0.0436412191732265,0.9955908289241623
wo_spectral,44,4,,,0.07861709594726562,0.013883037399711792,0.9506172839506173
wo_spectral,44,5,,,0.11058950424194336,0.013631910551339388,0.9982363315696648
wo_spectral,44,6,,,0.1405954360961914,0.012883624470935611,0.9929453262786596
wo_spectral,44,7,,,0.13608598709106445,0.007803779142223811,0.9973544973544973
wo_spectral,44,8,,,0.13014507293701172,0.009191587219051368,0.9973544973544973
wo_spectral,44,9,,,0.1289048194885254,0.004748007385039073,0.9982363315696648
wo_spectral,44,10,,,0.12833166122436523,0.0025194494549300485,0.9973544973544973
wo_spectral,44,11,,,0.12361669540405273,0.002471424124463379,0.9973544973544973
wo_spectral,44,12,,,0.1297144889831543,0.003986899453079439,0.9876543209876543
wo_spectral,44,13,,,0.12402009963989258,0.004756459741742658,0.9973544973544973
wo_spectral,44,14,,,0.1226491928100586,0.004105327669691255,0.9982363315696648
wo_spectral,44,15,,,0.12735509872436523,0.000977923549364658,0.9991181657848325
wo_spectral,44,16,,,0.12238264083862305,0.0006408068887855595,0.9991181657848325
wo_spectral,44,17,,,0.1309347152709961,0.0009256601410612425,0.9991181657848325
wo_spectral,44,18,,,0.13377094268798828,0.00039803382444483364,0.9991181657848325
wo_spectral,44,19,,,0.13852500915527344,0.0003048083029116503,0.9991181657848325
wo_spectral,44,20,,,0.14334535598754883,0.0002881486637314369,0.9991181657848325
wo_spectral,44,21,,,0.1393904685974121,0.00027879284555233245,0.9991181657848325
wo_spectral,44,22,,,0.14232873916625977,0.0002489069420231882,0.9991181657848325
wo_spectral,44,23,,,0.14009666442871094,0.00020982173142082867,0.9991181657848325
wo_spectral,44,24,,,0.14385986328125,0.00018392933368003905,0.9991181657848325
wo_spectral,44,25,,,0.1452312469482422,0.00016587773113664963,0.9991181657848325
wo_spectral,45,0,,,0.06915044784545898,1.286451033634033,0.855379188712522
wo_spectral,45,1,,,0.16941022872924805,0.23856538380985448,0.8871252204585538
wo_spectral,45,2,,,0.15842914581298828,0.17304586627586088,0.9391534391534392
wo_spectral,45,3,,,0.16238689422607422,0.10216333794260421,0.9753086419753086
wo_spectral,45,4,,,0.11606311798095703,0.028442348645702963,0.9911816578483245
wo_spectral,45,5,,,0.15929269790649414,0.014927665887080915,0.9876543209876543
wo_spectral,45,6,,,0.1603870391845703,0.0161648675139771,0.9911816578483245
wo_spectral,45,7,,,0.14499139785766602,0.017852773918057153,0.9973544973544973
wo_spectral,45,8,,,0.16762161254882812,0.006016670197575091,0.9973544973544973
wo_spectral,45,9,,,0.16471242904663086,0.006988446590563146,0.9929453262786596
wo_spectral,45,10,,,0.18235492706298828,0.005031540597601036,0.9947089947089947
wo_spectral,45,11,,,0.17518901824951172,0.0024979925758957873,0.9982363315696648
wo_spectral,45,12,,,0.17686796188354492,0.0010325849040053103,0.9982363315696648
wo_spectral,45,13,,,0.18294048309326172,0.0007133311378218386,0.9982363315696648
wo_spectral,45,14,,,0.17722177505493164,0.0005877657102009821,0.9982363315696648
wo_spectral,45,15,,,0.17671442031860352,0.0005106357458534701,0.9991181657848325
wo_spectral,45,16,,,0.17588567733764648,0.00044293814388108004,0.9991181657848325
wo_spectral,45,17,,,0.17781686782836914,0.0003789449525296263,0.9991181657848325
wo_spectral,45,18,,,0.1753697395324707,0.0003527421637349188,0.9991181657848325
wo_spectral,45,19,,,0.18205595016479492,0.0003116635213638089,0.9982363315696648
wo_spectral,45,20,,,0.18247509002685547,0.00031563701827972367,0.9973544973544973
wo_spectral,45,21,,,0.1803569793701172,0.0002774184759166331,0.9982363315696648
wo_spectral,45,22,,,0.18195247650146484,0.0002591013239416099,0.9982363315696648
wo_spectral,45,23,,,0.1795663833618164,0.00022997679757065184,0.9982363315696648
wo_spectral,45,24,,,0.17969369888305664,0.00020464327388862956,0.9982363315696648
wo_spectral,45,25,,,0.18283367156982422,0.00018999243740234185,0.9982363315696648
wo_spectral,46,0,,,0.08016633987426758,1.2874247478159286,0.8465608465608465
wo_spectral,46,1,,,0.1456298828125,0.27261851922815167,0.9091710758377425
wo_spectral,46,2,,,0.14679813385009766,0.12564552684039307,0.9744268077601411
wo_spectral,46,3,,,0.1343708038330078,0.05335706700335059,0.9911816578483245
wo_spectral,46,4,,,0.10438108444213867,0.024663310542347886,0.9902998236331569
wo_spectral,46,5,,,0.15018177032470703,0.01388099026962698,0.9938271604938271
wo_spectral,46,6,,,0.14633417129516602,0.010426232065774574,0.9947089947089947
wo_spectral,46,7,,,0.14879369735717773,0.007134343671330159,0.9964726631393298
wo_spectral,46,8,,,0.1376323699951172,0.018388708937597812,0.9964726631393298
wo_spectral,46,9,,,0.14204788208007812,0.004941559953418668,0.9955908289241623
wo_spectral,46,10,,,0.16301631927490234,0.01255692666620354,0.9973544973544973
wo_spectral,46,11,,,0.14731121063232422,0.00698582098825651,0.9973544973544973
wo_spectral,46,12,,,0.14746999740600586,0.0026385831159665527,0.9982363315696648
wo_spectral,46,13,,,0.15820789337158203,0.009734927058552173,0.9938271604938271
wo_spectral,46,14,,,0.16067123413085938,0.005269265753897759,0.9982363315696648
wo_spectral,46,15,,,0.1644291877746582,0.0019005046170472379,0.9982363315696648
wo_spectral,46,16,,,0.16349506378173828,0.0009698280332524129,0.9982363315696648
wo_spectral,46,17,,,0.16758012771606445,0.0007635520634360017,0.9982363315696648
wo_spectral,46,18,,,0.16784143447875977,0.0005536632297243093,0.9982363315696648
wo_spectral,46,19,,,0.17139530181884766,0.0004363662645714224,0.9982363315696648
wo_spectral,46,20,,,0.1737375259399414,0.00039359596577273766,0.9982363315696648
wo_spectral,46,21,,,0.1752305030822754,0.0003160289435056816,0.9982363315696648
wo_spectral,46,22,,,0.17499160766601562,0.0002849188056730089,0.9982363315696648
wo_spectral,47,0,,,0.06461191177368164,1.3125362952640358,0.8289241622574955
wo_spectral,47,1,,,0.10833168029785156,0.24868815119124144,0.9700176366843033
wo_spectral,47,2,,,0.08756637573242188,0.06726132557837916,0.9920634920634921
wo_spectral,47,3,,,0.10241937637329102,0.030001188453092596,0.9938271604938271
wo_spectral,47,4,,,0.12846088409423828,0.020031086153344434,0.9964726631393298
wo_spectral,47,5,,,0.10830259323120117,0.01653898765705385,0.9955908289241623
wo_spectral,47,6,,,0.11938285827636719,0.007262055688901598,0.9964726631393298
wo_spectral,47,7,,,0.12992238998413086,0.00343857077020766,0.9982363315696648
wo_spectral,47,8,,,0.13376092910766602,0.0022394787627082243,0.9982363315696648
wo_spectral,47,9,,,0.1319875717163086,0.002056968484493782,0.9991181657848325
wo_spectral,47,10,,,0.1378040313720703,0.0014358638957894646,0.9991181657848325
wo_spectral,47,11,,,0.13901233673095703,0.0011655558193685348,0.9991181657848325
wo_spectral,47,12,,,0.13199281692504883,0.004735274198841661,0.9920634920634921
wo_spectral,47,13,,,0.15973949432373047,0.023722490582978373,0.9894179894179894
wo_spectral,47,14,,,0.1690382957458496,0.015670154420222498,0.9964726631393298
wo_spectral,47,15,,,0.16291189193725586,0.003264663405209577,0.9982363315696648
wo_spectral,47,16,,,0.16458511352539062,0.0008838137806476272,0.9982363315696648
wo_spectral,47,17,,,0.16607236862182617,0.0006555059938536688,0.9991181657848325
wo_spectral,47,18,,,0.16551971435546875,0.0005255681438167746,0.9991181657848325
wo_spectral,47,19,,,0.17157793045043945,0.0005240731272546931,0.9982363315696648
wo_spectral,48,0,,,0.05989646911621094,1.3621362632905005,0.8227513227513228
wo_spectral,48,1,,,0.15146541595458984,0.27719646284549593,0.9611992945326279
wo_spectral,48,2,,,0.1288285255432129,0.1019300171374734,0.9841269841269841
wo_spectral,48,3,,,0.11826848983764648,0.03951047830570852,0.9911816578483245
wo_spectral,48,4,,,0.14725875854492188,0.026279596768133764,0.9947089947089947
wo_spectral,48,5,,,0.1451888084411621,0.014117058283471286,0.9955908289241623
wo_spectral,48,6,,,0.1171255111694336,0.01231802516519736,0.9955908289241623
wo_spectral,48,7,,,0.1284337043762207,0.007717589163506518,0.9982363315696648
wo_spectral,48,8,,,0.13915252685546875,0.0030818744056604,0.9982363315696648
wo_spectral,48,9,,,0.123992919921875,0.0016932289975956478,0.9991181657848325
wo_spectral,48,10,,,0.14055871963500977,0.0013669552211104156,0.9982363315696648
wo_spectral,48,11,,,0.14365100860595703,0.001065290489009471,0.9964726631393298
wo_spectral,48,12,,,0.14382600784301758,0.000873415057875782,0.9964726631393298
wo_spectral,48,13,,,0.15157794952392578,0.0006541791024427081,0.9973544973544973
wo_spectral,48,14,,,0.14722204208374023,0.0005626054714294467,0.9964726631393298
wo_spectral,48,15,,,0.14763402938842773,0.0005427856583962005,0.9973544973544973
wo_spectral,48,16,,,0.1500701904296875,0.000485746154116568,0.9964726631393298
wo_spectral,48,17,,,0.15045785903930664,0.00039146978647264393,0.9973544973544973
wo_spectral,48,18,,,0.14936542510986328,0.00036362937971606753,0.9973544973544973
wo_spectral,48,19,,,0.15450477600097656,0.0003241665581766923,0.9973544973544973
wo_spectral,49,0,,,0.07164144515991211,1.303862465707443,0.8703703703703703
wo_spectral,49,1,,,0.14147329330444336,0.24588753090423793,0.9268077601410935
wo_spectral,49,2,,,0.12105083465576172,0.12080616958422455,0.9850088183421517
wo_spectral,49,3,,,0.12496328353881836,0.0434855695078973,0.9938271604938271
wo_spectral,49,4,,,0.12598323822021484,0.022024491899002706,0.9964726631393298
wo_spectral,49,5,,,0.1482834815979004,0.015820799757974985,0.9973544973544973
wo_spectral,49,6,,,0.15281963348388672,0.006211961635570756,0.9982363315696648
wo_spectral,49,7,,,0.15566110610961914,0.0028069467779716375,0.9973544973544973
wo_spectral,49,8,,,0.15343093872070312,0.002725228338163749,0.9991181657848325
wo_spectral,49,9,,,0.1609668731689453,0.0014816224769948194,0.9982363315696648
wo_spectral,49,10,,,0.1592721939086914,0.001059259372838658,0.9991181657848325
wo_spectral,49,11,,,0.16295289993286133,0.0008111133947014634,0.9982363315696648
wo_spectral,49,12,,,0.16526412963867188,0.000673687252564847,0.9991181657848325
wo_spectral,49,13,,,0.1717700958251953,0.0005701140429154433,0.9991181657848325
wo_spectral,49,14,,,0.17043828964233398,0.0004920607995837068,0.9991181657848325
wo_spectral,49,15,,,0.16993141174316406,0.00047471995902960824,0.9982363315696648
wo_spectral,49,16,,,0.16826391220092773,0.00039800217538211107,0.9982363315696648
wo_spectral,49,17,,,0.17321157455444336,0.0003488925854514972,0.9982363315696648
wo_spectral,49,18,,,0.17095947265625,0.00032340683762701434,0.9982363315696648
wo_spectral,50,0,,,0.060553550720214844,1.3209388394384607,0.8068783068783069
wo_spectral,50,1,,,0.13886260986328125,0.28524315999208394,0.9347442680776014
wo_spectral,50,2,,,0.13518047332763672,0.10438440522729495,0.9797178130511464
wo_spectral,50,3,,,0.12619495391845703,0.04162345215599373,0.9911816578483245
wo_spectral,50,4,,,0.14089345932006836,0.020292243128325664,0.9973544973544973
wo_spectral,50,5,,,0.14977598190307617,0.011896132729287264,0.9973544973544973
wo_spectral,50,6,,,0.1395406723022461,0.01179781950973622,0.9964726631393298
wo_spectral,50,7,,,0.15262079238891602,0.01267074226969832,0.9955908289241623
wo_spectral,50,8,,,0.1205897331237793,0.009392636090563504,0.9973544973544973
wo_spectral,50,9,,,0.14348554611206055,0.004160270156730909,0.9973544973544973
wo_spectral,50,10,,,0.14494800567626953,0.004090513002045751,0.9991181657848325
wo_spectral,50,11,,,0.15958404541015625,0.011659624095856918,0.9991181657848325
wo_spectral,50,12,,,0.1508040428161621,0.007501114466391611,0.9982363315696648
wo_spectral,50,13,,,0.16542482376098633,0.013569873038402005,0.9938271604938271
wo_spectral,50,14,,,0.17112207412719727,0.010785714076945976,0.9991181657848325
wo_spectral,50,15,,,0.17794132232666016,0.011830771232104085,0.9991181657848325
wo_spectral,50,16,,,0.15545892715454102,0.02339572430386272,0.9982363315696648
wo_spectral,50,17,,,0.16015911102294922,0.0022056067249532126,0.9982363315696648
wo_spectral,50,18,,,0.1650562286376953,0.001327393170897036,0.9982363315696648
wo_spectral,50,19,,,0.17644166946411133,0.001387147433053208,0.9982363315696648
wo_spectral,50,20,,,0.18053150177001953,0.0012505504906139507,0.9991181657848325
wo_spectral,51,0,,,0.08679580688476562,1.2905265147363427,0.8253968253968254
wo_spectral,51,1,,,0.1380023956298828,0.3045418361822764,0.9091710758377425
wo_spectral,51,2,,,0.1723484992980957,0.15988278564119196,0.9620811287477954
wo_spectral,51,3,,,0.15650510787963867,0.08285219103480863,0.9841269841269841
wo_spectral,51,4,,,0.16134929656982422,0.046333191265899035,0.9938271604938271
wo_spectral,51,5,,,0.17851018905639648,0.020046712123899413,0.9973544973544973
wo_spectral,51,6,,,0.18352556228637695,0.006311991634248606,0.9982363315696648
wo_spectral,51,7,,,0.18729496002197266,0.0034736291650057584,0.9991181657848325
wo_spectral,51,8,,,0.18320369720458984,0.0024329518837902134,0.9991181657848325
wo_spectral,51,9,,,0.19217157363891602,0.0016522444879674182,0.9973544973544973
wo_spectral,51,10,,,0.19220685958862305,0.0012112494898806534,0.9982363315696648
wo_spectral,51,11,,,0.14144611358642578,0.0303677327921072,0.9920634920634921
wo_spectral,51,12,,,0.17282819747924805,0.01729297426121643,0.9982363315696648
wo_spectral,51,13,,,0.19704055786132812,0.005009712385983739,0.9991181657848325
wo_spectral,51,14,,,0.17881536483764648,0.0026840254814361904,0.9982363315696648
wo_spectral,51,15,,,0.18594741821289062,0.002070712772474673,0.9991181657848325
wo_spectral,51,16,,,0.18599557876586914,0.001391055335852832,0.9991181657848325
wo_spectral,51,17,,,0.18125629425048828,0.0015045812008381509,0.9991181657848325
wo_temporal,42,0,,,0.0355677604675293,1.4047958587302642,0.8024691358024691
wo_temporal,42,1,,,0.027294635772705078,0.4252282125383998,0.8359788359788359
wo_temporal,42,2,,,0.028856754302978516,0.3160242134661541,0.8694885361552028
wo_temporal,42,3,,,0.03140974044799805,0.2500159708010096,0.8783068783068783
wo_temporal,42,4,,,0.03850698471069336,0.21877785466290386,0.8756613756613757
wo_temporal,42,5,,,0.02856588363647461,0.20213922411090754,0.8835978835978836
wo_temporal,42,6,,,0.03497123718261719,0.18485069309818142,0.8959435626102292
wo_temporal,42,7,,,0.023596763610839844,0.17390990012852603,0.8888888888888888
wo_temporal,42,8,,,0.03549957275390625,0.15897729663982232,0.8941798941798942
wo_temporal,42,9,,,0.031021595001220703,0.14955657157407776,0.8941798941798942
wo_temporal,42,10,,,0.032013893127441406,0.1343775260588119,0.8712522045855379
wo_temporal,42,11,,,0.03378915786743164,0.13894771348096527,0.8959435626102292
wo_temporal,42,12,,,0.029003143310546875,0.12895029157017185,0.8985890652557319
wo_temporal,42,13,,,0.048903465270996094,0.11234044289084057,0.8994708994708994
wo_temporal,42,14,,,0.04201173782348633,0.10167742290802283,0.8835978835978836
wo_temporal,42,15,,,0.034955501556396484,0.09821072519276057,0.8888888888888888
wo_temporal,42,16,,,0.036122798919677734,0.10504629507446865,0.8871252204585538
wo_temporal,42,17,,,0.04059791564941406,0.08483777718389025,0.9118165784832452
wo_temporal,42,18,,,0.03845643997192383,0.07692656742629911,0.9074074074074074
wo_temporal,42,19,,,0.0398097038269043,0.08524458602532597,0.9056437389770723
wo_temporal,42,20,,,0.03228044509887695,0.075234854003965,0.892416225749559
wo_temporal,42,21,,,0.053200721740722656,0.05822995781493025,0.8994708994708994
wo_temporal,42,22,,,0.04160594940185547,0.07331597594965251,0.5211640211640212
wo_temporal,42,23,,,0.04076051712036133,0.07882588592274163,0.9021164021164021
wo_temporal,42,24,,,0.0401158332824707,0.04890387285942844,0.8994708994708994
wo_temporal,42,25,,,0.041018009185791016,0.05962537258908502,0.91005291005291
wo_temporal,42,26,,,0.053415775299072266,0.04051406838377137,0.8959435626102292
wo_temporal,42,27,,,0.062099456787109375,0.03788910607947424,0.9021164021164021
wo_temporal,43,0,,,0.016914844512939453,1.3754446706083445,0.8306878306878307
wo_temporal,43,1,,,0.024703502655029297,0.37777441647678095,0.8562610229276896
wo_temporal,43,2,,,0.030362606048583984,0.29304093513313967,0.8827160493827161
wo_temporal,43,3,,,0.02518939971923828,0.24720616502376191,0.8968253968253969
wo_temporal,43,4,,,0.028560638427734375,0.20701933840820488,0.8835978835978836
wo_temporal,43,5,,,0.024826526641845703,0.20184470526170117,0.826278659611993
wo_temporal,43,6,,,0.028534412384033203,0.1922467173790265,0.8880070546737213
wo_temporal,43,7,,,0.023533344268798828,0.17282754429478764,0.8880070546737213
wo_temporal,43,8,,,0.025994300842285156,0.1571313724631355,0.8941798941798942
wo_temporal,43,9,,,0.017593860626220703,0.15921284644692033,0.8932980599647267
wo_temporal,43,10,,,0.024919509887695312,0.15961788069296315,0.8915343915343915
wo_temporal,43,11,,,0.02541637420654297,0.1544994863815949,0.900352733686067
wo_temporal,43,12,,,0.02182149887084961,0.12429504993055593,0.900352733686067
wo_temporal,43,13,,,0.021180152893066406,0.12020891717299312,0.8721340388007055
wo_temporal,43,14,,,0.03443145751953125,0.12277645454970797,0.8544973544973545
wo_temporal,43,15,,,0.03693199157714844,0.11044042685314821,0.8818342151675485
wo_temporal,43,16,,,0.03460359573364258,0.10678212897667629,0.8897707231040565
wo_temporal,43,17,,,0.028195858001708984,0.1121125840951526,0.892416225749559
wo_temporal,43,18,,,0.037146568298339844,0.0861134183785272,0.9038800705467372
wo_temporal,43,19,,,0.033542633056640625,0.07559535275787138,0.900352733686067
wo_temporal,43,20,,,0.034505367279052734,0.06270005004881732,0.9021164021164021
wo_temporal,43,21,,,0.05267047882080078,0.05858713524727234,0.8977072310405644
wo_temporal,43,22,,,0.026990413665771484,0.06496626352124023,0.8959435626102292
wo_temporal,43,23,,,0.04529380798339844,0.05984170160179596,0.8941798941798942
wo_temporal,43,24,,,0.046727657318115234,0.0682460589423066,0.8853615520282186
wo_temporal,43,25,,,0.03216695785522461,0.0512343632072796,0.8915343915343915
wo_temporal,43,26,,,0.04931354522705078,0.04674187462807873,0.900352733686067
wo_temporal,43,27,,,0.0460968017578125,0.03442046182822839,0.9021164021164021
wo_temporal,43,28,,,0.04109048843383789,0.03561982119988118,0.9047619047619048
wo_temporal,43,29,,,0.05778980255126953,0.01779896184768266,0.8950617283950617
wo_temporal,43,30,,,0.036055564880371094,0.024376909046497926,0.8932980599647267
wo_temporal,43,31,,,0.05625724792480469,0.02684531770034138,0.8959435626102292
wo_temporal,43,32,,,0.058691978454589844,0.020905314294236994,0.8871252204585538
wo_temporal,43,33,,,0.0450139045715332,0.01639244164947705,0.8888888888888888
wo_temporal,43,34,,,0.05159139633178711,0.02352199318254886,0.9065255731922398
wo_temporal,43,35,,,0.052440643310546875,0.03755928235000403,0.8641975308641975
wo_temporal,43,36,,,0.06083822250366211,0.05770248635330618,0.8888888888888888
wo_temporal,43,37,,,0.05795001983642578,0.03387623424173663,0.8994708994708994
wo_temporal,43,38,,,0.056195735931396484,0.012332112957439748,0.9109347442680776
wo_temporal,43,39,,,0.05997610092163086,0.005482777934009315,0.9091710758377425
wo_temporal,43,40,,,0.060156822204589844,0.002270655549720538,0.9065255731922398
wo_temporal,43,41,,,0.06304931640625,0.002066815491957211,0.9065255731922398
wo_temporal,43,42,,,0.06075572967529297,0.0017299486385082554,0.9047619047619048
wo_temporal,43,43,,,0.059680938720703125,0.0016697816638637107,0.9029982363315696
wo_temporal,43,44,,,0.06051158905029297,0.0010700828095022322,0.9047619047619048
wo_temporal,43,45,,,0.06392335891723633,0.0008810862604224561,0.9074074074074074
wo_temporal,43,46,,,0.07222414016723633,0.005316869359609874,0.9065255731922398
wo_temporal,43,47,,,0.07301664352416992,0.002752158850574344,0.8977072310405644
wo_temporal,43,48,,,0.07535219192504883,0.03062047466962336,0.9021164021164021
wo_temporal,44,0,,,0.021114349365234375,1.4001642743115703,0.8139329805996472
wo_temporal,44,1,,,0.034381866455078125,0.3932396818856263,0.8509700176366843
wo_temporal,44,2,,,0.027167320251464844,0.2885335676614209,0.8783068783068783
wo_temporal,44,3,,,0.025091171264648438,0.2532883387844579,0.8738977072310405
wo_temporal,44,4,,,0.023301124572753906,0.21881519461885512,0.8738977072310405
wo_temporal,44,5,,,0.026437759399414062,0.20080504106330943,0.8827160493827161
wo_temporal,44,6,,,0.03129243850708008,0.1918809575198369,0.8932980599647267
wo_temporal,44,7,,,0.03357267379760742,0.17952946037932588,0.8968253968253969
wo_temporal,44,8,,,0.02940988540649414,0.16526611936605975,0.892416225749559
wo_temporal,44,9,,,0.02429962158203125,0.1627253588860628,0.8765432098765432
wo_temporal,44,10,,,0.032862186431884766,0.16740614960838787,0.8853615520282186
wo_temporal,44,11,,,0.030102252960205078,0.14230723314139307,0.8968253968253969
wo_temporal,44,12,,,0.034392356872558594,0.13331016448755112,0.8932980599647267
wo_temporal,44,13,,,0.033046722412109375,0.13455862915375674,0.8985890652557319
wo_temporal,44,14,,,0.034438133239746094,0.11019848609231947,0.8994708994708994
wo_temporal,44,15,,,0.03972911834716797,0.10036463951037314,0.9074074074074074
wo_temporal,44,16,,,0.04751443862915039,0.09268097617210805,0.8968253968253969
wo_temporal,44,17,,,0.03448200225830078,0.11916280193754154,0.9012345679012346
wo_temporal,44,18,,,0.03708648681640625,0.10269964768502718,0.9012345679012346
wo_temporal,44,19,,,0.0463557243347168,0.09472351260793002,0.9074074074074074
wo_temporal,44,20,,,0.037999629974365234,0.07263685812440139,0.8994708994708994
wo_temporal,44,21,,,0.044562339782714844,0.06316926068459508,0.9012345679012346
wo_temporal,44,22,,,0.04913330078125,0.07179411931508252,0.890652557319224
wo_temporal,44,23,,,0.04148292541503906,0.06634833837717839,0.8994708994708994
wo_temporal,44,24,,,0.05528116226196289,0.05177395437152117,0.8932980599647267
wo_temporal,44,25,,,0.05312395095825195,0.18102030543918782,0.8818342151675485
wo_temporal,45,0,,,0.023348331451416016,1.393519707728045,0.7671957671957672
wo_temporal,45,1,,,0.018595218658447266,0.40507430613085976,0.8377425044091711
wo_temporal,45,2,,,0.018449783325195312,0.2984412563676106,0.8862433862433863
wo_temporal,45,3,,,0.01689767837524414,0.25514117260593766,0.873015873015873
wo_temporal,45,4,,,0.01662588119506836,0.22017286306786338,0.9038800705467372
wo_temporal,45,5,,,0.018949031829833984,0.2045465333842006,0.8818342151675485
wo_temporal,45,6,,,0.024213790893554688,0.1833384463891601,0.8968253968253969
wo_temporal,45,7,,,0.02945852279663086,0.17163639226738286,0.8800705467372134
wo_temporal,45,8,,,0.021493911743164062,0.1662109169379744,0.8985890652557319
wo_temporal,45,9,,,0.023570537567138672,0.15416972207374313,0.8994708994708994
wo_temporal,45,10,,,0.025726795196533203,0.14318871161339414,0.8756613756613757
wo_temporal,45,11,,,0.030773162841796875,0.14427929427348027,0.9047619047619048
wo_temporal,45,12,,,0.03190469741821289,0.12610278418815596,0.9047619047619048
wo_temporal,45,13,,,0.0349879264831543,0.1250615570009971,0.855379188712522
wo_temporal,45,14,,,0.03212308883666992,0.12293996322880346,0.8968253968253969
wo_temporal,45,15,,,0.032764434814453125,0.11252341736516354,0.8985890652557319
wo_temporal,45,16,,,0.03982067108154297,0.11720613061886165,0.900352733686067
wo_temporal,45,17,,,0.03490924835205078,0.08723105285781312,0.892416225749559
wo_temporal,45,18,,,0.031665802001953125,0.0855387274798172,0.9091710758377425
wo_temporal,45,19,,,0.04454517364501953,0.08641629246678077,0.9056437389770723
wo_temporal,45,20,,,0.034743309020996094,0.07984809847217748,0.9038800705467372
wo_temporal,45,21,,,0.03744792938232422,0.06162197126507849,0.9091710758377425
wo_temporal,45,22,,,0.043056488037109375,0.05687437619301557,0.8950617283950617
wo_temporal,45,23,,,0.044237613677978516,0.04836644099930967,0.8977072310405644
wo_temporal,45,24,,,0.04236745834350586,0.035789187568171586,0.8985890652557319
wo_temporal,45,25,,,0.05615711212158203,0.040393437838248024,0.8950617283950617
wo_temporal,45,26,,,0.04384183883666992,0.06548046011221471,0.9012345679012346
wo_temporal,45,27,,,0.04939603805541992,0.044926318373089025,0.8985890652557319
wo_temporal,45,28,,,0.0449824333190918,0.04490588455885446,0.9012345679012346
wo_temporal,46,0,,,0.02773761749267578,1.3562793969116873,0.7425044091710759
wo_temporal,46,1,,,0.029100894927978516,0.3952145710058133,0.8527336860670194
wo_temporal,46,2,,,0.025318145751953125,0.29764028856543456,0.8712522045855379
wo_temporal,46,3,,,0.042943477630615234,0.2475697215947795,0.8712522045855379
wo_temporal,46,4,,,0.028673648834228516,0.21964142586999288,0.8791887125220459
wo_temporal,46,5,,,0.03718280792236328,0.20461543580166608,0.8042328042328042
wo_temporal,46,6,,,0.03676652908325195,0.19278697068053308,0.8827160493827161
wo_temporal,46,7,,,0.03568696975708008,0.1776481598097541,0.8809523809523809
wo_temporal,46,8,,,0.03208780288696289,0.17258509873037345,0.8862433862433863
wo_temporal,46,9,,,0.0328984260559082,0.1529668254872118,0.8818342151675485
wo_temporal,46,10,,,0.03472614288330078,0.1584726135927173,0.8721340388007055
wo_temporal,46,11,,,0.026364803314208984,0.16330452597871117,0.8888888888888888
wo_temporal,46,12,,,0.044684410095214844,0.13924920477834687,0.8827160493827161
wo_temporal,46,13,,,0.04088926315307617,0.14612578496038464,0.8880070546737213
wo_temporal,46,14,,,0.037489891052246094,0.13038533263173144,0.8677248677248677
wo_temporal,46,15,,,0.037262916564941406,0.12539948848549923,0.8827160493827161
wo_temporal,46,16,,,0.037700653076171875,0.11473319238545943,0.8977072310405644
wo_temporal,46,17,,,0.029267311096191406,0.10040551871173957,0.8977072310405644
wo_temporal,46,18,,,0.05719566345214844,0.1195165728720768,0.8888888888888888
wo_temporal,46,19,,,0.05840921401977539,0.09842027509789168,0.8888888888888888
wo_temporal,46,20,,,0.04392862319946289,0.08049141279987017,0.890652557319224
wo_temporal,46,21,,,0.046624183654785156,0.07142016682450013,0.8950617283950617
wo_temporal,46,22,,,0.053994178771972656,0.06870493887503401,0.8888888888888888
wo_temporal,46,23,,,0.04356718063354492,0.06495988128941932,0.892416225749559
wo_temporal,46,24,,,0.050565242767333984,0.06841328221451398,0.86331569664903
wo_temporal,46,25,,,0.05837821960449219,0.08701983820689238,0.8932980599647267
wo_temporal,46,26,,,0.04142570495605469,0.06854257736008725,0.8915343915343915
wo_temporal,47,0,,,0.019203662872314453,1.3804291342121133,0.7901234567901234
wo_temporal,47,1,,,0.023512840270996094,0.39345973401203,0.8571428571428571
wo_temporal,47,2,,,0.021137714385986328,0.29020269382928054,0.8712522045855379
wo_temporal,47,3,,,0.02396392822265625,0.2533515237626575,0.8853615520282186
wo_temporal,47,4,,,0.02497577667236328,0.2174730145471707,0.8783068783068783
wo_temporal,47,5,,,0.024071216583251953,0.1992358752862126,0.8827160493827161
wo_temporal,47,6,,,0.020738601684570312,0.19611271983822096,0.8738977072310405
wo_temporal,47,7,,,0.016727447509765625,0.17773367214500227,0.8703703703703703
wo_temporal,47,8,,,0.02186107635498047,0.17715606821006838,0.8977072310405644
wo_temporal,47,9,,,0.022620677947998047,0.1664608388756228,0.8880070546737213
wo_temporal,47,10,,,0.027445316314697266,0.1549067150573341,0.8809523809523809
wo_temporal,47,11,,,0.044180870056152344,0.15255130209079404,0.890652557319224
wo_temporal,47,12,,,0.03596162796020508,0.14125582257050595,0.900352733686067
wo_temporal,47,13,,,0.035155296325683594,0.13265829448301686,0.8774250440917107
wo_temporal,47,14,,,0.024071693420410156,0.13292861061391736,0.8888888888888888
wo_temporal,47,15,,,0.029693603515625,0.11793156601178853,0.8994708994708994
wo_temporal,47,16,,,0.02562713623046875,0.10197554850839613,0.9038800705467372
wo_temporal,47,17,,,0.03342390060424805,0.08970992321194975,0.8977072310405644
wo_temporal,47,18,,,0.03377723693847656,0.11361508645843757,0.8712522045855379
wo_temporal,47,19,,,0.025739192962646484,0.10969980937891266,0.8941798941798942
wo_temporal,47,20,,,0.037003517150878906,0.08584588945182273,0.8765432098765432
wo_temporal,47,21,,,0.03198719024658203,0.08353948980592366,0.8977072310405644
wo_temporal,47,22,,,0.027472972869873047,0.069776216027688,0.9047619047619048
wo_temporal,47,23,,,0.030807971954345703,0.05217946400459031,0.9029982363315696
wo_temporal,47,24,,,0.04336977005004883,0.04868796213515221,0.8985890652557319
wo_temporal,47,25,,,0.04579877853393555,0.04551825576932793,0.8835978835978836
wo_temporal,47,26,,,0.03251934051513672,0.05890694501347282,0.890652557319224
wo_temporal,47,27,,,0.04501008987426758,0.062319202724497876,0.8897707231040565
wo_temporal,47,28,,,0.042256832122802734,0.05860089596279264,0.8932980599647267
wo_temporal,47,29,,,0.03660774230957031,0.03585912929516981,0.9047619047619048
wo_temporal,47,30,,,0.04311704635620117,0.028323949937647433,0.9153439153439153
wo_temporal,47,31,,,0.04179573059082031,0.032264380515690326,0.9029982363315696
wo_temporal,47,32,,,0.04828596115112305,0.018413408087089217,0.8985890652557319
wo_temporal,47,33,,,0.03950929641723633,0.018508844499251696,0.9047619047619048
wo_temporal,47,34,,,0.04823160171508789,0.03044225245105977,0.9047619047619048
wo_temporal,47,35,,,0.043383121490478516,0.043869447602256174,0.8880070546737213
wo_temporal,47,36,,,0.04774761199951172,0.03263882752888057,0.8765432098765432
wo_temporal,47,37,,,0.046889305114746094,0.028644384676907338,0.9021164021164021
wo_temporal,47,38,,,0.07799005508422852,0.02045682525981671,0.8783068783068783
wo_temporal,47,39,,,0.046231746673583984,0.045557843512086055,0.8941798941798942
wo_temporal,47,40,,,0.04766368865966797,0.014185992067826536,0.9029982363315696
wo_temporal,48,0,,,0.027655601501464844,1.366406934737078,0.7918871252204586
wo_temporal,48,1,,,0.03635597229003906,0.4070649410141118,0.8536155202821869
wo_temporal,48,2,,,0.03481292724609375,0.3076816328708998,0.873015873015873
wo_temporal,48,3,,,0.03996706008911133,0.259948479345326,0.8747795414462081
wo_temporal,48,4,,,0.021100997924804688,0.224432918366301,0.8835978835978836
wo_temporal,48,5,,,0.04061555862426758,0.21523534575827807,0.8827160493827161
wo_temporal,48,6,,,0.038290977478027344,0.19057924322395367,0.8977072310405644
wo_temporal,48,7,,,0.036226749420166016,0.17671317587453853,0.8994708994708994
wo_temporal,48,8,,,0.02748394012451172,0.1767576566854392,0.8932980599647267
wo_temporal,48,9,,,0.038763999938964844,0.16021852397999795,0.892416225749559
wo_temporal,48,10,,,0.02453756332397461,0.15102981348562133,0.8862433862433863
wo_temporal,48,11,,,0.030725955963134766,0.1521469416802162,0.8880070546737213
wo_temporal,48,12,,,0.042414188385009766,0.183565297297069,0.8941798941798942
wo_temporal,48,13,,,0.03577899932861328,0.13961229776894604,0.8932980599647267
wo_temporal,48,14,,,0.03832674026489258,0.1208466019703868,0.892416225749559
wo_temporal,48,15,,,0.03464555740356445,0.1030849169824309,0.9056437389770723
wo_temporal,48,16,,,0.044571876525878906,0.10515074782180497,0.8791887125220459
wo_temporal,48,17,,,0.04748249053955078,0.10002803207232208,0.8932980599647267
wo_temporal,48,18,,,0.04885673522949219,0.09129110781739178,0.8738977072310405
wo_temporal,48,19,,,0.03602313995361328,0.09335941381228754,0.8994708994708994
wo_temporal,48,20,,,0.03470802307128906,0.06811384456013966,0.8977072310405644
wo_temporal,48,21,,,0.05324840545654297,0.06207587755231,0.8994708994708994
wo_temporal,48,22,,,0.034789085388183594,0.1145732737092114,0.8641975308641975
wo_temporal,48,23,,,0.0498046875,0.1002259591491562,0.8977072310405644
wo_temporal,48,24,,,0.04152870178222656,0.0584600805808267,0.8959435626102292
wo_temporal,48,25,,,0.04871177673339844,0.04819234666285736,0.9029982363315696
wo_temporal,49,0,,,0.025682926177978516,1.3066961532141887,0.791005291005291
wo_temporal,49,1,,,0.0283355712890625,0.3871103267460633,0.8412698412698413
wo_temporal,49,2,,,0.031571388244628906,0.2982992069656346,0.873015873015873
wo_temporal,49,3,,,0.023795127868652344,0.2603343045134843,0.8871252204585538
wo_temporal,49,4,,,0.026293277740478516,0.2227565645833675,0.892416225749559
wo_temporal,49,5,,,0.040619850158691406,0.21213602301124723,0.8765432098765432
wo_temporal,49,6,,,0.032347679138183594,0.19218040927287222,0.8941798941798942
wo_temporal,49,7,,,0.03270673751831055,0.17942011422806406,0.8915343915343915
wo_temporal,49,8,,,0.038159847259521484,0.17484287169740134,0.8871252204585538
wo_temporal,49,9,,,0.030507564544677734,0.16584290466070717,0.8897707231040565
wo_temporal,49,10,,,0.03946065902709961,0.15508005577713274,0.8721340388007055
wo_temporal,49,11,,,0.038051605224609375,0.17057774444015658,0.8897707231040565
wo_temporal,49,12,,,0.04151344299316406,0.13955303385729873,0.9012345679012346
wo_temporal,49,13,,,0.045079708099365234,0.135838838675688,0.8941798941798942
wo_temporal,49,14,,,0.03521442413330078,0.12481522061724781,0.900352733686067
wo_temporal,49,15,,,0.04504060745239258,0.10838783559975801,0.9091710758377425
wo_temporal,49,16,,,0.03355550765991211,0.10729965302904537,0.9038800705467372
wo_temporal,49,17,,,0.030533790588378906,0.09538487059459123,0.9056437389770723
wo_temporal,49,18,,,0.03157806396484375,0.08156907524651681,0.9056437389770723
wo_temporal,49,19,,,0.045033931732177734,0.07784108135311421,0.8932980599647267
wo_temporal,49,20,,,0.045302391052246094,0.0811708347304518,0.8227513227513228
wo_temporal,49,21,,,0.05139923095703125,0.1260042926711921,0.8941798941798942
wo_temporal,49,22,,,0.04257059097290039,0.10081838025730483,0.8977072310405644
wo_temporal,49,23,,,0.053131103515625,0.06835471621896855,0.8959435626102292
wo_temporal,49,24,,,0.04445695877075195,0.05479163925416165,0.892416225749559
wo_temporal,49,25,,,0.05359792709350586,0.049517068260110694,0.8994708994708994
wo_temporal,50,0,,,0.015515804290771484,1.4149715364745235,0.7936507936507936
wo_temporal,50,1,,,0.024919986724853516,0.43143730337477415,0.8324514991181657
wo_temporal,50,2,,,0.018821239471435547,0.3022931410296794,0.8641975308641975
wo_temporal,50,3,,,0.03457450866699219,0.25049378310111287,0.8835978835978836
wo_temporal,50,4,,,0.020970821380615234,0.21927782225275436,0.8932980599647267
wo_temporal,50,5,,,0.022430419921875,0.20785543579363228,0.8774250440917107
wo_temporal,50,6,,,0.025831222534179688,0.19589039099910271,0.8853615520282186
wo_temporal,50,7,,,0.028044700622558594,0.18135768884704226,0.8765432098765432
wo_temporal,50,8,,,0.02489328384399414,0.17527571666312777,0.8977072310405644
wo_temporal,50,9,,,0.03188276290893555,0.15064731723462102,0.8977072310405644
wo_temporal,50,10,,,0.03025341033935547,0.15623068966067208,0.8827160493827161
wo_temporal,50,11,,,0.023734569549560547,0.15457533654712496,0.9091710758377425
wo_temporal,50,12,,,0.027360916137695312,0.15851213043599263,0.91005291005291
wo_temporal,50,13,,,0.02072620391845703,0.12690044859831115,0.9056437389770723
wo_temporal,50,14,,,0.023162364959716797,0.11738625544989911,0.9012345679012346
wo_temporal,50,15,,,0.03728342056274414,0.10017979632744893,0.900352733686067
wo_temporal,50,16,,,0.021880626678466797,0.09824820218758427,0.9012345679012346
wo_temporal,50,17,,,0.03092336654663086,0.08506096135867156,0.8968253968253969
wo_temporal,50,18,,,0.029177188873291016,0.08881241547187349,0.9012345679012346
wo_temporal,50,19,,,0.03783988952636719,0.07978542475135418,0.8862433862433863
wo_temporal,50,20,,,0.024734020233154297,0.07113361066926724,0.8985890652557319
wo_temporal,50,21,,,0.039700984954833984,0.0572161061952534,0.900352733686067
wo_temporal,50,22,,,0.03448486328125,0.05033162654780882,0.900352733686067
wo_temporal,51,0,,,0.022576332092285156,1.3677500361578083,0.7883597883597884
wo_temporal,51,1,,,0.03313779830932617,0.4064035558916814,0.8359788359788359
wo_temporal,51,2,,,0.037621498107910156,0.30265044100520655,0.8686067019400353
wo_temporal,51,3,,,0.034769535064697266,0.26880768702864555,0.8844797178130511
wo_temporal,51,4,,,0.03467702865600586,0.233375365873313,0.8738977072310405
wo_temporal,51,5,,,0.04071950912475586,0.21051158886107188,0.8950617283950617
wo_temporal,51,6,,,0.030408382415771484,0.1979047205983376,0.8783068783068783
wo_temporal,51,7,,,0.03290605545043945,0.1954441677246775,0.8959435626102292
wo_temporal,51,8,,,0.03782367706298828,0.17599577256791626,0.8818342151675485
wo_temporal,51,9,,,0.033423423767089844,0.16491732300904693,0.892416225749559
wo_temporal,51,10,,,0.03986501693725586,0.15882908072511265,0.8562610229276896
wo_temporal,51,11,,,0.03222036361694336,0.15035405091642884,0.890652557319224
wo_temporal,51,12,,,0.03794145584106445,0.14203322990230782,0.8888888888888888
wo_temporal,51,13,,,0.05024385452270508,0.13751585391305743,0.8853615520282186
wo_temporal,51,14,,,0.040268898010253906,0.13984691196220533,0.8677248677248677
wo_temporal,51,15,,,0.03371429443359375,0.1266013242400062,0.8968253968253969
wo_temporal,51,16,,,0.04027223587036133,0.11615832968814213,0.8985890652557319
wo_temporal,51,17,,,0.04488325119018555,0.09848468201636187,0.9021164021164021
wo_temporal,51,18,,,0.04236745834350586,0.09854964292463893,0.8959435626102292
wo_temporal,51,19,,,0.03603029251098633,0.08118779590397014,0.8915343915343915
wo_temporal,51,20,,,0.04025840759277344,0.06831752535347135,0.892416225749559
wo_temporal,51,21,,,0.04775571823120117,0.07374687374584259,0.8950617283950617
wo_temporal,51,22,,,0.036174774169921875,0.06159039606492986,0.890652557319224
wo_temporal,51,23,,,0.05103731155395508,0.055073834940909394,0.8809523809523809
wo_temporal,51,24,,,0.04265737533569336,0.060885348087648325,0.890652557319224
wo_temporal,51,25,,,0.05378103256225586,0.06933026097416427,0.8694885361552028
wo_temporal,51,26,,,0.06277608871459961,0.08556678831487195,0.8968253968253969
wo_temporal,51,27,,,0.04351997375488281,0.05726062238374084,0.8959435626102292
