config,seed,epoch,h_alpha,rho,s_tau,train_loss,val_acc
full,42,0,0.2697282896260415,2.630933319971182,0.06390571594238281,1.17715724753054,0.7962962962962963
full,42,1,0.34780416324067764,0.609613225927072,0.08503961563110352,0.2570368083291043,0.9206349206349206
full,42,2,0.359436466335287,0.5209788888768304,0.0779109001159668,0.10828488008685844,0.9858906525573192
full,42,3,0.35702352636358103,0.36467812660826404,0.10194635391235352,0.041402748151656274,0.9920634920634921
full,42,4,0.3661205529230331,0.2596980747431584,0.1039576530456543,0.028349877278815366,0.9603174603174603
full,42,5,0.36483032436849494,0.3590505011372862,0.11001873016357422,0.01763887823089811,0.982363315696649
full,42,6,0.4076418287357241,0.733529928145385,0.1262378692626953,0.037810890505249446,0.9647266313932981
full,42,7,0.3367001703350488,0.6156918624306215,0.114105224609375,0.03178346451887198,0.9805996472663139
full,42,8,0.30844321955102416,1.3607129205081347,0.1280674934387207,0.018182498605982405,0.9885361552028219
full,42,9,0.33653846822159633,1.793829064805301,0.12818384170532227,0.020977478635230595,0.9841269841269841
full,42,10,0.3454838218373491,0.5347853685441681,0.12911128997802734,0.020364145458994808,0.9832451499118166
full,42,11,0.33121989467787766,0.6392367095165067,0.12363576889038086,0.011096072395192072,0.9894179894179894
full,42,12,0.3652120500106566,0.5070917278609707,0.12042045593261719,0.011443302689298976,0.9867724867724867
full,42,13,0.3373893917049468,0.933110933529584,0.13943862915039062,0.010242089561462326,0.9700176366843033
full,43,0,0.2825584528105921,1.7171300371508689,0.06865787506103516,1.1453030999983609,0.9312169312169312
full,43,1,0.21723955036919906,0.5096399832535589,0.13593673706054688,0.13065218498602296,0.9858906525573192
full,43,2,0.21982300465662746,0.6247325748574758,0.13733720779418945,0.0488272295843807,0.9717813051146384
full,43,3,0.45107147114529067,0.8659687369042556,0.08267831802368164,0.038792377660221346,0.9902998236331569
full,43,4,0.3559104247323789,0.4027760512263569,0.11004161834716797,0.030702233301139158,0.9753086419753086
full,43,5,0.32653647757777504,0.1896619022128146,0.11503219604492188,0.018416377861483566,0.9797178130511464
full,43,6,0.2637397157480931,0.3655152424254695,0.1281142234802246,0.0293906806733738,0.9885361552028219
full,43,7,0.32373086641422705,0.4699098792919236,0.11449813842773438,0.019918616346519324,0.9841269841269841
full,43,8,0.264922493721566,1.2838832220262153,0.12166929244995117,0.01677947437766593,0.9902998236331569
full,43,9,0.3847511440559028,1.5994353531862782,0.11268091201782227,0.014386005081040666,0.9902998236331569
full,43,10,0.33339443052322626,0.39474921522272394,0.11601018905639648,0.011194143078950933,0.9902998236331569
full,43,11,0.3588456296989313,0.626977051061566,0.12458324432373047,0.0054805184399831595,0.9876543209876543
full,43,12,0.3931956817656415,0.3357465879410402,0.12563085556030273,0.01348794521318674,0.9894179894179894
full,43,13,0.32316980294905284,1.8630012496756347,0.1383228302001953,0.006682751211214554,0.9867724867724867
full,44,0,0.2513921876085265,1.7212089777631268,0.07235956192016602,1.0761624170989585,0.9400352733686067
full,44,1,0.34687879149439876,0.6268519588493126,0.10094261169433594,0.12381060260403634,0.9682539682539683
full,44,2,0.2548468649526279,0.7819107734264308,0.13773298263549805,0.0578497401632239,0.9805996472663139
full,44,3,0.2623868873922688,0.6965658212808438,0.11700677871704102,0.040899542620009936,0.9876543209876543
full,44,4,0.2719435636854306,0.5071800880840978,0.12052774429321289,0.029756133246094055,0.9761904761904762
full,44,5,0.29060998658822806,0.5164769464196857,0.1280965805053711,0.024169030774579027,0.9867724867724867
full,44,6,0.2617442806656423,1.136352973792862,0.1539154052734375,0.023570581923576125,0.9894179894179894
full,44,7,0.24256483906854062,0.6651031000676126,0.1457805633544922,0.02054645657171203,0.9814814814814815
full,44,8,0.2209752878811502,0.8030067878798918,0.15128231048583984,0.015103504438838799,0.9841269841269841
full,44,9,0.2962238527207168,2.2654878764837845,0.14460372924804688,0.012398617733509271,0.9576719576719577
full,44,10,0.25779792668663304,0.35148781473741686,0.13678455352783203,0.013549143072212071,0.9902998236331569
full,44,11,0.28042746370920396,0.570933466855862,0.14196157455444336,0.008496377875469485,0.9858906525573192
full,44,12,0.37754057548296754,0.6943545421436246,0.1458568572998047,0.013358894291383835,0.9753086419753086
full,44,13,0.25911290898297545,0.6737329790272432,0.1452465057373047,0.015284510278505522,0.9858906525573192
full,44,14,0.2352957436010397,0.9873373735887994,0.15779399871826172,0.009193344449290748,0.9938271604938271
full,44,15,0.3113707524025775,1.4456480968164969,0.14241886138916016,0.012244589326907447,0.9911816578483245
full,44,16,0.3199935193439865,1.5853985635583538,0.1327972412109375,0.007840350599718743,0.9902998236331569
full,44,17,0.3911372782160257,4.097796842893446,0.13201427459716797,0.010310802174568773,0.9894179894179894
full,44,18,0.39844305770587507,2.169374419915191,0.12672185897827148,0.01554458577485751,0.9920634920634921
full,44,19,0.38385518132314744,1.3062534428143868,0.13024282455444336,0.015444926101325794,0.982363315696649
full,44,20,0.3256749986756624,1.042721975025802,0.1612110137939453,0.009864902762949216,0.9911816578483245
full,44,21,0.3177796884300368,0.5773829378321069,0.15569639205932617,0.005459977758243027,0.9894179894179894
full,44,22,0.28804877038471455,1.3807486267432423,0.16648054122924805,0.0038383768793816366,0.9894179894179894
full,44,23,0.337967247300727,4.27165051038989,0.1528606414794922,0.0025362754576547016,0.9876543209876543
full,44,24,0.3566179035309949,0.644585872464356,0.1579732894897461,0.013284855649101908,0.9770723104056437
full,45,0,0.2927379597812235,1.4006635622327486,0.0788273811340332,1.1317713112202181,0.8500881834215167
full,45,1,0.3055750661457367,0.594742072273485,0.10151052474975586,0.19822141733119097,0.9629629629629629
full,45,2,0.24880531065469533,0.7986878409501954,0.11936092376708984,0.09358282189025,0.9338624338624338
full,45,3,0.34015929363190706,0.7172256388423043,0.12734699249267578,0.09025738063920923,0.9656084656084656
full,45,4,0.3577926554239091,0.5419360436470743,0.1126413345336914,0.03401886484953867,0.9717813051146384
full,45,5,0.31980269854414156,0.2550848739510806,0.13057613372802734,0.0201011943861065,0.982363315696649
full,45,6,0.32756454467522045,0.3770770737249601,0.12212657928466797,0.02178101826920959,0.9902998236331569
full,45,7,0.34060875723280704,0.4039023229380492,0.108184814453125,0.019724416959740768,0.9885361552028219
full,45,8,0.32897107357817945,1.1286067508739048,0.121002197265625,0.03195843701085423,0.9858906525573192
full,45,9,0.3743798691721253,0.7200970479624054,0.11371564865112305,0.021328404413265875,0.9876543209876543
full,45,10,0.34358461962434617,0.8187004286475977,0.10992097854614258,0.010317559035119016,0.9841269841269841
full,45,11,0.30401407360520294,0.7974771440208238,0.11520528793334961,0.012452113220379465,0.982363315696649
full,45,12,0.3187752014208947,0.3281052016390999,0.11412525177001953,0.01412938436713613,0.9894179894179894
full,45,13,0.2980060753577374,0.5740290734856738,0.12903213500976562,0.009401714327670873,0.9911816578483245
full,45,14,0.282358624584005,0.5080434605300295,0.1327524185180664,0.005012364057403055,0.9902998236331569
full,45,15,0.29549115201070486,0.4593714540225125,0.13906240463256836,0.008115878688398177,0.9876543209876543
full,45,16,0.2862758374700892,0.20039343048964436,0.12602567672729492,0.009971999610969213,0.9902998236331569
full,45,17,0.3368125813308041,0.29932256069088237,0.12247991561889648,0.005371735204934781,0.9902998236331569
full,45,18,0.29385119830954476,0.27777863556817933,0.12381219863891602,0.008661138253469156,0.9876543209876543
full,45,19,0.3154710233813479,0.5054465219878276,0.12624835968017578,0.007030414898490191,0.9876543209876543
full,45,20,0.2874159042499417,0.6316133792645279,0.15099143981933594,0.003785141729376647,0.9902998236331569
full,45,21,0.28589980184880565,1.3536787265283134,0.14690828323364258,0.002057208921422426,0.9920634920634921
full,45,22,0.29463367321488737,1.1079040822525976,0.1403651237487793,0.0028107379487390437,0.9885361552028219
full,45,23,0.29952256456086734,1.0675121025939238,0.1286458969116211,0.002540595071203373,0.9911816578483245
full,45,24,0.3021425748624408,0.7017252736630935,0.15415430068969727,0.0019652075074602184,0.9576719576719577
full,45,25,0.27006216445294157,8.890825025782783,0.1385650634765625,0.008996388638245669,0.9770723104056437
full,45,26,0.27364461526820416,1.0562757401694856,0.13744735717773438,0.01154222181989042,0.9770723104056437
full,45,27,0.27538306054406414,0.727780823494373,0.14107656478881836,0.007836097959627539,0.9885361552028219
full,45,28,0.3083312991320461,0.5901155955488339,0.1489276885986328,0.006394820281664136,0.9708994708994709
full,45,29,0.30302090608301757,0.8865676489513017,0.11768245697021484,0.010466568424167197,0.9876543209876543
full,45,30,0.27518270170340375,1.250972286379138,0.12363958358764648,0.009441306694308317,0.9867724867724867
full,45,31,0.30600720789568636,2.163785530577517,0.14390039443969727,0.01972357027981647,0.9902998236331569
full,46,0,0.32050769765395826,1.0600108742436456,0.09305715560913086,1.1491636317152916,0.8880070546737213
full,46,1,0.32444157823847464,0.302035292786287,0.09286737442016602,0.1949586088537539,0.9761904761904762
full,46,2,0.3734410648718558,0.5271841786412531,0.12140464782714844,0.07743787167429113,0.9841269841269841
full,46,3,0.39767009248892443,0.7828381221400365,0.09422874450683594,0.04600924880258621,0.9858906525573192
full,46,4,0.32303695555852874,0.2855481054204015,0.0988006591796875,0.021437734989160764,0.9744268077601411
full,46,5,0.36720048355099155,0.28690483191003535,0.10823297500610352,0.016261029217000813,0.9894179894179894
full,46,6,0.3375706153732565,0.6086934403661913,0.10963582992553711,0.02135509552429863,0.9876543209876543
full,46,7,0.33217345069109994,0.6157760336207753,0.10782480239868164,0.027184909348990642,0.9894179894179894
full,46,8,0.34792677353369533,0.4781643570620248,0.10453176498413086,0.016918342025529592,0.9858906525573192
full,46,9,0.34444060192601933,0.4789975909479444,0.11136722564697266,0.009531939376880523,0.9876543209876543
full,46,10,0.3506654331024455,0.22624875430582586,0.12850570678710938,0.01127653496758062,0.9876543209876543
full,46,11,0.3780017253133498,0.6788410732996332,0.13301515579223633,0.023686383505234283,0.9700176366843033
full,46,12,0.36602777958871724,0.6611031022259463,0.11956453323364258,0.025247406492886877,0.9885361552028219
full,46,13,0.40691274906734504,0.7414516376502716,0.13010501861572266,0.011088210425550119,0.9788359788359788
full,46,14,0.35261728258923114,0.3057826665316888,0.11829137802124023,0.015780047850735425,0.9858906525573192
full,46,15,0.2793007095452212,0.41865550562554593,0.14319181442260742,0.02111422793428644,0.9841269841269841
full,47,0,0.2646398238809727,1.3857772977794085,0.08078622817993164,1.2408754269191917,0.8236331569664903
full,47,1,0.3460260300332523,0.44524192260946843,0.1121516227722168,0.23355854161292067,0.9135802469135802
full,47,2,0.3278471753860535,0.29325584116900777,0.11702251434326172,0.13868498766142945,0.9576719576719577
full,47,3,0.294039102142648,0.4688287857804872,0.12335348129272461,0.06399688165204055,0.9902998236331569
full,47,4,0.33110840953216825,0.4643614445338344,0.11243486404418945,0.025855611110118783,0.9902998236331569
full,47,5,0.33796607105782434,0.2852267903321132,0.12282752990722656,0.026837090989793012,0.9894179894179894
full,47,6,0.38726799729636086,0.48586729217299857,0.11586475372314453,0.02771235873446837,0.9885361552028219
full,47,7,0.2965074006933301,0.42796165278360315,0.13654327392578125,0.019534865105968146,0.9885361552028219
full,47,8,0.3065408540164046,0.6145692994789376,0.13576602935791016,0.015516035803625372,0.9902998236331569
full,47,9,0.29253796281369515,0.47852238829014543,0.1339411735534668,0.011908357868636997,0.9902998236331569
full,47,10,0.3248389886259766,0.8799868216779247,0.13095426559448242,0.011238225783768391,0.9876543209876543
full,47,11,0.3363219525479746,0.8566120320913126,0.1438446044921875,0.025731444658707327,0.9647266313932981
full,47,12,0.41820876924240125,0.46261884198170017,0.12530946731567383,0.026164696357569864,0.9805996472663139
full,47,13,0.3445669020873899,0.9425293257692743,0.13797998428344727,0.012162216323165987,0.9832451499118166
full,48,0,0.25697063983880736,1.0121496766113538,0.07448148727416992,1.146672723132016,0.9038800705467372
full,48,1,0.2626365546551571,0.4806597202975191,0.12493419647216797,0.16353604695333826,0.9761904761904762
full,48,2,0.25551826511060666,0.4443843010211337,0.13624191284179688,0.056530108711965954,0.9850088183421517
full,48,3,0.2974787192858656,0.404281618105738,0.1284346580505371,0.034869604715155274,0.9885361552028219
full,48,4,0.29765109298303055,0.7150886225494112,0.12905502319335938,0.02909734057303369,0.9858906525573192
full,48,5,0.2525331918287226,0.32616776549561866,0.1386561393737793,0.03227802155960354,0.9920634920634921
full,48,6,0.28513046269373676,0.27632674408084273,0.12165307998657227,0.018051584063271005,0.9876543209876543
full,48,7,0.3072335499906379,0.33313103447374454,0.12726163864135742,0.01731276081470901,0.9735449735449735
full,48,8,0.2710777404632774,0.20492485299409055,0.14770984649658203,0.016030615921049905,0.95326278659612
full,48,9,0.31905903106530875,0.5071141591045873,0.13197708129882812,0.01705315787533829,0.9876543209876543
full,48,10,0.3267120207797772,0.3149962061482271,0.12668800354003906,0.014249187938162235,0.9858906525573192
full,48,11,0.3379520272213797,0.6337341683416018,0.1292858123779297,0.012740695119771377,0.9867724867724867
full,48,12,0.32372022411436474,0.6926214242033542,0.12078666687011719,0.016421667451513418,0.9885361552028219
full,48,13,0.3200495906836246,0.7572284432744706,0.1245570182800293,0.011330521491550484,0.9885361552028219
full,48,14,0.31035126668134694,0.528576065097328,0.15668010711669922,0.01581349134450822,0.9753086419753086
full,48,15,0.37158260725698034,0.44704745692779474,0.1305069923400879,0.010677081000944002,0.9894179894179894
full,49,0,0.2727350862224102,1.19064170316932,0.09538650512695312,1.1700956550224748,0.8236331569664903
full,49,1,0.2863083175170035,0.5747408594958118,0.14901971817016602,0.1881820087462596,0.9797178130511464
full,49,2,0.318888996413778,0.4526020835644561,0.14815282821655273,0.05984990125013767,0.9656084656084656
full,49,3,0.31146055595983246,0.299205692920248,0.1636357307434082,0.03408458811749767,0.9770723104056437
full,49,4,0.27350651499069534,0.7920471239213097,0.16196107864379883,0.02890602568233455,0.972663139329806
full,49,5,0.3013429410883647,0.5853552255247755,0.14473915100097656,0.028238527406392815,0.9717813051146384
full,49,6,0.3635085631321102,1.0349577184551488,0.15874052047729492,0.030574927648539266,0.9788359788359788
full,49,7,0.2561442111616688,0.7009964554729522,0.20427894592285156,0.03067136297790152,0.9832451499118166
full,49,8,0.25292501387384586,0.4118792261324029,0.21645879745483398,0.016967458493313495,0.9867724867724867
full,49,9,0.30767575776166617,0.6495167608201569,0.2081165313720703,0.009151807495900405,0.9902998236331569
full,49,10,0.24248913064223648,0.7284380203541562,0.21816396713256836,0.010052168141355004,0.9902998236331569
full,49,11,0.2877309671903806,0.8730343735689837,0.19948434829711914,0.012444145605812808,0.9858906525573192
full,49,12,0.33501317034296785,0.7843122300227819,0.19311046600341797,0.015365696063748113,0.9885361552028219
full,49,13,0.3281865664542889,0.9801296818660814,0.19056034088134766,0.016774205521744474,0.9814814814814815
full,49,14,0.3292877556111661,1.2925691215415738,0.1964120864868164,0.00715041492653142,0.9850088183421517
full,49,15,0.3343540404071945,1.1896629570932316,0.19387149810791016,0.011404492877542026,0.9902998236331569
full,49,16,0.3139905666528072,0.5417771768419668,0.19622325897216797,0.004817939569236667,0.9867724867724867
full,49,17,0.3096315456857104,1.134782692708716,0.19874143600463867,0.001776850684926066,0.9902998236331569
full,49,18,0.3463203994326486,0.46846343474727614,0.19409751892089844,0.0022614437974160517,0.9841269841269841
full,49,19,0.32722943300982726,0.5694602621994602,0.1985340118408203,0.002966736708673999,0.9920634920634921
full,49,20,0.2727212989193504,2.1099805176674633,0.23680353164672852,0.004239422012576643,0.9894179894179894
full,49,21,0.2902113108603892,1.5269818221293114,0.1930522918701172,0.013631238627443913,0.9850088183421517
full,49,22,0.3198100964820331,0.9297031083363612,0.20525836944580078,0.024819730079447034,0.9858906525573192
full,49,23,0.2728026167593067,0.9774046605171676,0.205108642578125,0.00748616408030323,0.9902998236331569
full,49,24,0.2589259279211486,0.9730181200036646,0.21262264251708984,0.0022289880620428655,0.9929453262786596
full,49,25,0.24502727831092908,1.617580421862211,0.21778154373168945,0.0022393494433683267,0.9911816578483245
full,49,26,0.2687473908545562,1.0674008016754035,0.20721673965454102,0.0013763603977140994,0.9920634920634921
full,49,27,0.2513960003804623,1.048971741092882,0.2149806022644043,0.0007075438708113049,0.9911816578483245
full,49,28,0.26364390338024146,1.170283651131042,0.20950555801391602,0.001973269258267496,0.9920634920634921
full,49,29,0.2753653245929767,0.6762462702671521,0.20829010009765625,0.005483141528625176,0.9858906525573192
full,49,30,0.2855791832153499,0.6701198846014345,0.21477460861206055,0.009404287362916118,0.9858906525573192
full,49,31,0.25973828674419835,0.4828908950274852,0.22105884552001953,0.005961779788650276,0.9920634920634921
full,49,32,0.2695037237793118,0.5278796213855755,0.22026824951171875,0.0010616658661987573,0.9920634920634921
full,49,33,0.2622269697194558,0.8679260631682287,0.2235727310180664,0.0006279457956419635,0.9947089947089947
full,49,34,0.2677711935948346,0.6883100169659461,0.21832561492919922,0.0002823880299155334,0.9947089947089947
full,49,35,0.2723776785182256,0.7421692585424322,0.21761035919189453,0.0002846037337530259,0.9947089947089947
full,49,36,0.2781570118880827,1.1727469632775807,0.21885395050048828,0.00021682280417028758,0.9947089947089947
full,49,37,0.2689147186802814,0.8824647285303687,0.21990537643432617,0.00021606830437042915,0.9947089947089947
full,49,38,0.27629194275506314,0.6508722338996155,0.2196788787841797,0.00016002679624123456,0.9947089947089947
full,49,39,0.2604273957671289,0.7667309644498403,0.22122955322265625,0.0001424974721591291,0.9947089947089947
full,49,40,0.2632034764987794,0.8755681164110248,0.22698307037353516,0.00011966582322350647,0.9947089947089947
full,49,41,0.25492890965806375,0.8908127439315339,0.22938966751098633,0.0001199132377295072,0.9947089947089947
full,49,42,0.260777526569798,0.7589067887797852,0.2221355438232422,0.00010571890115946108,0.9947089947089947
full,49,43,0.31650605946190435,1.3078027055453871,0.2161269187927246,0.002498067064543036,0.9788359788359788
full,50,0,0.3485068598524509,0.9651469623886291,0.06618642807006836,1.1569194998014902,0.8756613756613757
full,50,1,0.369939189794141,0.3189278159366481,0.07067728042602539,0.2337814607768012,0.9620811287477954
full,50,2,0.41015025976118014,0.3710067667303416,0.09059524536132812,0.08494442821855538,0.9735449735449735
full,50,3,0.36240457658610015,0.30336799801035497,0.1064157485961914,0.039509646503011205,0.9805996472663139
full,50,4,0.430129488015725,0.41131216799396514,0.08727169036865234,0.03281857150178107,0.9215167548500882
full,50,5,0.39677890762233115,0.22027448655045437,0.09891605377197266,0.020958109617300855,0.9735449735449735
full,50,6,0.5114576475246152,0.4375811070096478,0.07838964462280273,0.026247306171458325,0.9779541446208113
full,50,7,0.40871725546403503,0.5533232157237976,0.11853218078613281,0.03292628514171435,0.9805996472663139
full,50,8,0.42367685952045975,0.28317505558069,0.10829877853393555,0.01726685106284066,0.9894179894179894
full,50,9,0.4786688526870272,0.4132613576446632,0.10343790054321289,0.01392658563712309,0.9567901234567902
full,50,10,0.3979180022538567,0.43092225734149503,0.11864852905273438,0.010534392796507497,0.9850088183421517
full,50,11,0.5080119510532666,0.5140630429328156,0.1149148941040039,0.011252589935601569,0.9885361552028219
full,50,12,0.44952827783782145,0.8446819442690484,0.10423135757446289,0.019559908386190348,0.9920634920634921
full,50,13,0.3799039169802775,0.9306821643424938,0.16762971878051758,0.015310223552927047,0.9876543209876543
full,50,14,0.42540264795731786,0.8299108559734226,0.14071416854858398,0.0117700146324651,0.9858906525573192
full,50,15,0.46633491963450313,0.407945250223119,0.14087867736816406,0.016657554215061016,0.9911816578483245
full,50,16,0.43944590542295087,0.3543744318487951,0.1402115821838379,0.0066712068816898945,0.9902998236331569
full,50,17,0.4348827531102295,0.309002118244239,0.1413717269897461,0.003512992422594122,0.9911816578483245
full,50,18,0.4174025661482573,0.39392514231523357,0.14663028717041016,0.008586307730277942,0.9021164021164021
full,50,19,0.36980263887726594,0.4773768785165858,0.1585383415222168,0.01160430224507291,0.9885361552028219
full,50,20,0.3389244651778152,0.3499238584983072,0.17019081115722656,0.013682107860240057,0.9885361552028219
full,50,21,0.3427673961959996,1.322825920226707,0.16730213165283203,0.0035939969527883594,0.9876543209876543
full,50,22,0.3807715996497348,0.6397489121071114,0.1573643684387207,0.008607361438238566,0.9911816578483245
full,51,0,0.29127975364578507,1.2046422704818012,0.06258726119995117,1.1381058810181628,0.9056437389770723
full,51,1,0.3037000845219383,0.6438217378987673,0.12184762954711914,0.14614094309480644,0.9682539682539683
full,51,2,0.3396620347488783,0.6683145747442516,0.13641119003295898,0.07380901339575817,0.9788359788359788
full,51,3,0.334728900354702,0.5632333258429894,0.11128854751586914,0.044055999876848245,0.9832451499118166
full,51,4,0.3556532496641316,0.3010779676573847,0.10683870315551758,0.025096192216121915,0.9400352733686067
full,51,5,0.32615868029630046,0.43186900992753213,0.12929058074951172,0.03440604649782631,0.9814814814814815
full,51,6,0.35206773843847267,1.0862024782369055,0.12445735931396484,0.0190139034944597,0.9805996472663139
full,51,7,0.35757162431416045,0.5611406937162402,0.12839603424072266,0.014138251023531771,0.9779541446208113
full,51,8,0.3209455235976877,1.1893761504423752,0.13424396514892578,0.015083214604223284,0.9876543209876543
full,51,9,0.32974278127950374,0.48413682598008373,0.13164472579956055,0.007884306716644687,0.9911816578483245
full,51,10,0.33512318904274596,0.7328295875293652,0.12090301513671875,0.010787104966030234,0.9858906525573192
full,51,11,0.3529702880882387,0.8393021312411978,0.09613370895385742,0.010313719511032104,0.9876543209876543
full,51,12,0.35123873744567624,0.7519182750566081,0.10974836349487305,0.011177588313300929,0.9770723104056437
full,51,13,0.35957714313860023,0.581590149355436,0.12816858291625977,0.013334133033878265,0.9894179894179894
full,51,14,0.3382267691254005,1.889144111168305,0.12414026260375977,0.023116101750868878,0.9885361552028219
full,51,15,0.3471334166652608,1.5071589495485023,0.1281595230102539,0.016171609031111114,0.9902998236331569
full,51,16,0.4040593623810077,0.5963193370749273,0.12352228164672852,0.01208299926321289,0.9911816578483245
full,51,17,0.34733593212614655,1.0729714127215344,0.13151216506958008,0.007159817677243941,0.9894179894179894
full,51,18,0.34040087913384354,0.7545027069380363,0.12949514389038086,0.0033121271762776576,0.9885361552028219
full,51,19,0.2993960045239755,0.6883550242442313,0.13901567459106445,0.002156368395559474,0.9876543209876543
wo_fusion,42,0,,1.785124302646095,0.013596057891845703,1.2373476669316208,0.8571428571428571
wo_fusion,42,1,,0.8417542925558432,0.043768882751464844,0.20483539368920675,0.9462081128747796
wo_fusion,42,2,,0.7695938496733747,0.05853843688964844,0.1009109011785784,0.9735449735449735
wo_fusion,42,3,,0.5934253705281974,0.07667684555053711,0.06887775421345314,0.9761904761904762
wo_fusion,42,4,,0.4107928225567815,0.05034351348876953,0.048982756999367036,0.9735449735449735
wo_fusion,42,5,,0.45867833800104896,0.0680842399597168,0.029678003100828968,0.9770723104056437
wo_fusion,42,6,,0.548812695387047,0.05923271179199219,0.02479627214439737,0.9885361552028219
wo_fusion,42,7,,0.58989990429964,0.06411266326904297,0.01928401237370577,0.9735449735449735
wo_fusion,42,8,,0.5132532410710706,0.06512928009033203,0.01596592638172767,0.9867724867724867
wo_fusion,42,9,,0.6514804657044319,0.056987762451171875,0.01726678332689803,0.9805996472663139
wo_fusion,42,10,,0.44694200848894367,0.06201362609863281,0.017159128938931817,0.9779541446208113
wo_fusion,42,11,,0.43147993825072034,0.0517725944519043,0.009500793106389356,0.9867724867724867
wo_fusion,42,12,,0.5663255901609143,0.06185150146484375,0.011829817487128946,0.9753086419753086
wo_fusion,42,13,,0.3974077333368582,0.1011514663696289,0.012872765348972196,0.9656084656084656
wo_fusion,42,14,,0.8457694756099166,0.06961679458618164,0.033247791843112905,0.9797178130511464
wo_fusion,42,15,,0.7382250371677271,0.08283090591430664,0.022783464557144195,0.9867724867724867
wo_fusion,42,16,,0.9467110861116166,0.06885766983032227,0.012895629219450366,0.9885361552028219
wo_fusion,43,0,,1.8964966234495495,0.0135650634765625,1.272902698248332,0.8500881834215167
wo_fusion,43,1,,1.4541399194371725,0.08871889114379883,0.22391594765047548,0.9744268077601411
wo_fusion,43,2,,0.5726636599378521,0.06680059432983398,0.06809481325716299,0.9691358024691358
wo_fusion,43,3,,0.3645722857878811,0.08049774169921875,0.04042533276995428,0.9832451499118166
wo_fusion,43,4,,0.631821613593741,0.07190418243408203,0.036954191829431986,0.9850088183421517
wo_fusion,43,5,,0.3108673596898939,0.10137224197387695,0.030618271446214512,0.9611992945326279
wo_fusion,43,6,,0.6360606602718852,0.08478403091430664,0.03105762154736802,0.982363315696649
wo_fusion,43,7,,0.4415769689335858,0.09891700744628906,0.028996979271484792,0.917989417989418
wo_fusion,43,8,,0.5731449115054094,0.08550071716308594,0.021412568445615218,0.9885361552028219
wo_fusion,43,9,,0.4133767758811526,0.08118867874145508,0.009479242994697119,0.9902998236331569
wo_fusion,43,10,,0.42181685541319036,0.07933378219604492,0.006420083784653847,0.9902998236331569
wo_fusion,43,11,,0.44542234674263137,0.0803070068359375,0.005452242429992599,0.9911816578483245
wo_fusion,43,12,,0.6836478734686903,0.05975818634033203,0.025886759535041347,0.9920634920634921
wo_fusion,43,13,,0.6877282381461083,0.06810331344604492,0.009258052005181941,0.9858906525573192
wo_fusion,43,14,,0.5874628174801354,0.10792255401611328,0.01119931015021992,0.9805996472663139
wo_fusion,43,15,,0.6063622047890046,0.08331727981567383,0.02208505274385822,0.9761904761904762
wo_fusion,43,16,,0.46145074412062936,0.08590888977050781,0.009789897240603305,0.9902998236331569
wo_fusion,43,17,,0.5842275025085388,0.10114526748657227,0.011745213882579488,0.95326278659612
wo_fusion,43,18,,0.581227773964386,0.08601617813110352,0.004933835725144793,0.9938271604938271
wo_fusion,43,19,,0.5394674249410327,0.10662841796875,0.0038415612410475906,0.9911816578483245
wo_fusion,43,20,,0.3977974796119841,0.09532022476196289,0.0032739942175887375,0.972663139329806
wo_fusion,43,21,,0.4260317128396815,0.10228729248046875,0.00863812802477725,0.9867724867724867
wo_fusion,43,22,,0.5491660399933884,0.09948348999023438,0.0029583439883478237,0.9902998236331569
wo_fusion,43,23,,0.581850925010754,0.0965266227722168,0.0035946454420947636,0.9920634920634921
wo_fusion,43,24,,0.7441424043099815,0.10171985626220703,0.0011138235077945457,0.9902998236331569
wo_fusion,43,25,,0.5940582300666012,0.10317373275756836,0.0010931856043018028,0.9929453262786596
wo_fusion,43,26,,0.5283088316345924,0.09987068176269531,0.0004911895205211514,0.9929453262786596
wo_fusion,43,27,,0.4954100080569542,0.1047983169555664,0.00032969888230892727,0.9929453262786596
wo_fusion,43,28,,0.5101535715342614,0.1074533462524414,0.00032902006659120354,0.9920634920634921
wo_fusion,44,0,,1.159355628760924,0.02671051025390625,1.2441611423784373,0.8994708994708994
wo_fusion,44,1,,0.745784416711484,0.049784183502197266,0.19951242048543957,0.9541446208112875
wo_fusion,44,2,,0.5296001800348417,0.061524391174316406,0.09684636604353414,0.972663139329806
wo_fusion,44,3,,0.400312786487213,0.06536483764648438,0.04784651450919817,0.9761904761904762
wo_fusion,44,4,,0.3757110730671464,0.06725358963012695,0.041662309753820466,0.9850088183421517
wo_fusion,44,5,,0.674478650099525,0.06526899337768555,0.03714495306962697,0.9911816578483245
wo_fusion,44,6,,0.5176330560970435,0.06285667419433594,0.02170395998401076,0.9911816578483245
wo_fusion,44,7,,0.5373374106856353,0.07089948654174805,0.021482925988784454,0.9894179894179894
wo_fusion,44,8,,0.3819591471802417,0.0720667839050293,0.016672215172288854,0.9805996472663139
wo_fusion,44,9,,0.5979871482991376,0.08424091339111328,0.018771515776229375,0.9885361552028219
wo_fusion,44,10,,0.591504217627259,0.07234716415405273,0.016608357412609655,0.9902998236331569
wo_fusion,44,11,,0.5216655489847136,0.09999895095825195,0.007504046595608218,0.9779541446208113
wo_fusion,44,12,,0.5387205348538096,0.07482481002807617,0.006007852307760149,0.9876543209876543
wo_fusion,44,13,,0.5254528222084757,0.08635282516479492,0.005529325162936974,0.9885361552028219
wo_fusion,44,14,,0.4939315845530238,0.08330726623535156,0.004966159538420105,0.9902998236331569
wo_fusion,44,15,,0.43114823146371334,0.083709716796875,0.013637748840444483,0.9867724867724867
wo_fusion,45,0,,1.878918091456213,0.016744136810302734,1.29568560735709,0.8121693121693122
wo_fusion,45,1,,1.0721234215549535,0.08302164077758789,0.2526991609948563,0.9770723104056437
wo_fusion,45,2,,0.4849667814117556,0.07660865783691406,0.06438637749824845,0.9744268077601411
wo_fusion,45,3,,0.5358569466058956,0.08238077163696289,0.0447680679736314,0.9805996472663139
wo_fusion,45,4,,0.4851660859551423,0.08096790313720703,0.04173961075590198,0.9841269841269841
wo_fusion,45,5,,0.3833476652685565,0.07296228408813477,0.02527052893648973,0.9841269841269841
wo_fusion,45,6,,0.4475275456788263,0.08472919464111328,0.017822492465050223,0.9911816578483245
wo_fusion,45,7,,0.35862287951940575,0.0790257453918457,0.012885634905995853,0.9911816578483245
wo_fusion,45,8,,0.3802840147456663,0.08569669723510742,0.012596499634159057,0.9841269841269841
wo_fusion,45,9,,0.39320597463830026,0.08916664123535156,0.014368338233566733,0.9462081128747796
wo_fusion,45,10,,0.7862592463726202,0.0635685920715332,0.018617930369436157,0.9841269841269841
wo_fusion,45,11,,0.9152610944757824,0.05353212356567383,0.02126674074750008,0.9629629629629629
wo_fusion,45,12,,0.5649930534004849,0.07539844512939453,0.01998446372676238,0.9797178130511464
wo_fusion,45,13,,0.6347128453503597,0.09792613983154297,0.020104086049427632,0.9858906525573192
wo_fusion,45,14,,0.6425553747803395,0.09422683715820312,0.009376030902428242,0.9938271604938271
wo_fusion,45,15,,0.5300243163666568,0.09027624130249023,0.011033379380575022,0.9876543209876543
wo_fusion,45,16,,0.4583656127663111,0.07840394973754883,0.010778346373674967,0.9911816578483245
wo_fusion,45,17,,0.4869443984965917,0.08853435516357422,0.00405708039693326,0.9938271604938271
wo_fusion,45,18,,0.4955922234802882,0.08019638061523438,0.002113939460427856,0.9938271604938271
wo_fusion,45,19,,0.5315861618798757,0.09136104583740234,0.0014069608443326726,0.9947089947089947
wo_fusion,45,20,,0.6349537681581007,0.08396005630493164,0.0069520412711954575,0.9858906525573192
wo_fusion,45,21,,1.0335803059687696,0.1100153923034668,0.015977168213561998,0.982363315696649
wo_fusion,45,22,,0.7801804952194913,0.09644746780395508,0.012624247111021086,0.9938271604938271
wo_fusion,45,23,,0.8559257220831351,0.09966850280761719,0.015167967218008858,0.9902998236331569
wo_fusion,45,24,,0.5349831288518927,0.10444307327270508,0.00621219858949904,0.9938271604938271
wo_fusion,45,25,,0.4900559586077847,0.13312292098999023,0.006277890072731429,0.9038800705467372
wo_fusion,45,26,,0.4107114218886916,0.10833930969238281,0.012669393704579025,0.9894179894179894
wo_fusion,45,27,,0.5547788359569323,0.10625553131103516,0.002602743702983408,0.9911816578483245
wo_fusion,45,28,,0.5251206051904518,0.10894203186035156,0.005543134277313385,0.9920634920634921
wo_fusion,45,29,,0.6370626347530992,0.1057591438293457,0.0033744408047560234,0.9920634920634921
wo_fusion,46,0,,1.3106725240876673,0.020797252655029297,1.20580942258633,0.9197530864197531
wo_fusion,46,1,,0.6106677866302854,0.06559085845947266,0.1424464133433654,0.9594356261022927
wo_fusion,46,2,,0.44531502002124485,0.08632373809814453,0.055810346982624166,0.9797178130511464
wo_fusion,46,3,,0.41679522380602424,0.06754255294799805,0.033677620848447914,0.9858906525573192
wo_fusion,46,4,,0.3485974388566015,0.06769752502441406,0.038249282438085556,0.9488536155202821
wo_fusion,46,5,,0.454950931953843,0.06614542007446289,0.03128892456857841,0.9850088183421517
wo_fusion,46,6,,0.32659291688606407,0.06406927108764648,0.01796382707519033,0.9832451499118166
wo_fusion,46,7,,0.2707847668502426,0.07839250564575195,0.014128939003471739,0.9770723104056437
wo_fusion,46,8,,0.3883432669658723,0.07190465927124023,0.018212540977291667,0.9885361552028219
wo_fusion,46,9,,0.41635943457298114,0.09642362594604492,0.01293555477624217,0.9797178130511464
wo_fusion,46,10,,0.778811019542669,0.06565380096435547,0.015217880326311243,0.9885361552028219
wo_fusion,46,11,,0.5618443113479986,0.07051897048950195,0.016914612710059184,0.9894179894179894
wo_fusion,46,12,,0.31364962102294086,0.07194757461547852,0.015886723019361483,0.9894179894179894
wo_fusion,46,13,,0.363444379881035,0.08205413818359375,0.007255364008832481,0.9876543209876543
wo_fusion,46,14,,0.4548191907726866,0.1101999282836914,0.011638349575044775,0.9576719576719577
wo_fusion,46,15,,0.5321177993316102,0.08047103881835938,0.02635057521836152,0.9876543209876543
wo_fusion,46,16,,0.5293980764917053,0.08409357070922852,0.008512578249957556,0.9832451499118166
wo_fusion,46,17,,0.4349196738030443,0.08261251449584961,0.005740234717545089,0.9885361552028219
wo_fusion,46,18,,0.3778791147952245,0.09045696258544922,0.008674752375261276,0.9850088183421517
wo_fusion,46,19,,0.42958108061093025,0.09263801574707031,0.002474691303487718,0.9867724867724867
wo_fusion,46,20,,0.4390387895988466,0.09809160232543945,0.002545112059824732,0.9894179894179894
wo_fusion,46,21,,0.47327012400994595,0.09762144088745117,0.0009354904518573238,0.9894179894179894
wo_fusion,47,0,,1.1334463485874755,0.01874828338623047,1.274658798270395,0.8827160493827161
wo_fusion,47,1,,0.6558642574702575,0.08391380310058594,0.1725745449576158,0.955026455026455
wo_fusion,47,2,,0.44444264278582485,0.0733489990234375,0.06778211259224698,0.982363315696649
wo_fusion,47,3,,0.33650315433948197,0.07356405258178711,0.028489808628697426,0.9876543209876543
wo_fusion,47,4,,0.3532337974496494,0.08676767349243164,0.024188558840652533,0.9647266313932981
wo_fusion,47,5,,0.4554634216252833,0.06129264831542969,0.024569932181312114,0.9894179894179894
wo_fusion,47,6,,0.5921638143862861,0.07695436477661133,0.02661102186488614,0.9894179894179894
wo_fusion,47,7,,0.41457030993594673,0.08581113815307617,0.015512225934735818,0.9902998236331569
wo_fusion,47,8,,0.35418940351868844,0.10114192962646484,0.009436538676591907,0.9717813051146384
wo_fusion,47,9,,0.3971089221779743,0.09279680252075195,0.011471866396131193,0.9867724867724867
wo_fusion,47,10,,0.6835440933146864,0.0777273178100586,0.009310143505232247,0.9867724867724867
wo_fusion,47,11,,0.48391208094746013,0.08487892150878906,0.01683369687478919,0.9876543209876543
wo_fusion,47,12,,0.5507717857521511,0.06956291198730469,0.022908045644734622,0.9841269841269841
wo_fusion,47,13,,0.5963685301480128,0.09509563446044922,0.010495502184421805,0.9929453262786596
wo_fusion,47,14,,0.6435642930916087,0.08717966079711914,0.009458747901478591,0.9911816578483245
wo_fusion,47,15,,1.0699991239244446,0.1008610725402832,0.013429151813465136,0.9894179894179894
wo_fusion,47,16,,0.6644370054719433,0.09083700180053711,0.007985339298945002,0.9929453262786596
wo_fusion,47,17,,0.3960924479590853,0.08783864974975586,0.008115198801976269,0.9858906525573192
wo_fusion,47,18,,0.46599411490887926,0.08079195022583008,0.006778928434455314,0.9920634920634921
wo_fusion,47,19,,0.47295863783673286,0.09047889709472656,0.0018847077696322648,0.9894179894179894
wo_fusion,47,20,,0.610415350293069,0.08959627151489258,0.003116974684896225,0.9858906525573192
wo_fusion,47,21,,0.6804760613777197,0.09424638748168945,0.0025653392080012046,0.9920634920634921
wo_fusion,47,22,,0.5139762709267435,0.1033782958984375,0.002529133214630772,0.9902998236331569
wo_fusion,47,23,,0.4201576444388805,0.08965158462524414,0.008925919552699354,0.9832451499118166
wo_fusion,48,0,,1.340500764857441,0.03374958038330078,1.2614716154467582,0.8509700176366843
wo_fusion,48,1,,0.7209590246751515,0.06986427307128906,0.16864387962463132,0.972663139329806
wo_fusion,48,2,,0.45372191235009623,0.06446361541748047,0.068630324044488,0.9911816578483245
wo_fusion,48,3,,0.38782813213536294,0.05260038375854492,0.038929455246965,0.9867724867724867
wo_fusion,48,4,,0.36250203636947964,0.04538536071777344,0.0357032282220218,0.9920634920634921
wo_fusion,48,5,,0.30113591095617576,0.05150270462036133,0.01902364443168213,0.9805996472663139
wo_fusion,48,6,,0.5094208943194657,0.043047428131103516,0.01736663486238341,0.9938271604938271
wo_fusion,48,7,,0.37072890341989245,0.06154823303222656,0.01815411591380046,0.9911816578483245
wo_fusion,48,8,,0.4990382406814763,0.06422853469848633,0.0183570948841215,0.9850088183421517
wo_fusion,48,9,,0.9630796067107513,0.04533863067626953,0.017471243378875928,0.9867724867724867
wo_fusion,48,10,,0.680228874049468,0.057089805603027344,0.019296427001826075,0.9611992945326279
wo_fusion,48,11,,0.5071031348740286,0.0529475212097168,0.014170862956765198,0.9902998236331569
wo_fusion,48,12,,0.3740208078270299,0.05846261978149414,0.007514487497507822,0.9682539682539683
wo_fusion,48,13,,0.4013750196450882,0.0661306381225586,0.004053025813181958,0.9929453262786596
wo_fusion,48,14,,0.5632692545894138,0.0779261589050293,0.004033225395442891,0.9832451499118166
wo_fusion,48,15,,0.5763884273662125,0.06453657150268555,0.01759417268809407,0.9894179894179894
wo_fusion,48,16,,0.39559803450385184,0.07808494567871094,0.0061231468742057255,0.9885361552028219
wo_fusion,49,0,,1.1701105193921053,0.020222187042236328,1.2453385618088018,0.9118165784832452
wo_fusion,49,1,,0.6129552143247552,0.05590534210205078,0.1405457804262503,0.935626102292769
wo_fusion,49,2,,0.3587314126671316,0.07192134857177734,0.06054089102367515,0.9832451499118166
wo_fusion,49,3,,0.39692050991636435,0.053743839263916016,0.03190896686698709,0.9841269841269841
wo_fusion,49,4,,0.3692271143413106,0.06177997589111328,0.023089421997501466,0.9850088183421517
wo_fusion,49,5,,0.44237500578805694,0.05771493911743164,0.018274684891369384,0.9947089947089947
wo_fusion,49,6,,0.4568428165041943,0.06177806854248047,0.017012577195590586,0.9920634920634921
wo_fusion,49,7,,0.41554571714480515,0.06544303894042969,0.014430297553421014,0.9911816578483245
wo_fusion,49,8,,0.46997420360796527,0.06502008438110352,0.009786063986137026,0.9911816578483245
wo_fusion,49,9,,0.751387524742783,0.058724403381347656,0.018915304442472018,0.9894179894179894
wo_fusion,49,10,,0.3853523539541342,0.06544065475463867,0.018421805753053723,0.9788359788359788
wo_fusion,49,11,,0.436734618172009,0.051845550537109375,0.02178878279843523,0.9894179894179894
wo_fusion,49,12,,0.3314901212854221,0.05580615997314453,0.014303596793249452,0.9920634920634921
wo_fusion,49,13,,0.5317721218155442,0.06389141082763672,0.0055239655701154935,0.9920634920634921
wo_fusion,49,14,,0.9194552028085601,0.07082748413085938,0.007388710501890289,0.9770723104056437
wo_fusion,49,15,,0.6633066243141236,0.07274293899536133,0.02228691787701818,0.9894179894179894
wo_fusion,50,0,,1.6675078202769942,0.023061275482177734,1.235356987108359,0.86331569664903
wo_fusion,50,1,,0.8775379707129134,0.07702493667602539,0.18051449234793787,0.9462081128747796
wo_fusion,50,2,,0.5092338247220481,0.07202720642089844,0.08234414659322255,0.9735449735449735
wo_fusion,50,3,,0.47625791862148625,0.07949066162109375,0.050421365951374454,0.9691358024691358
wo_fusion,50,4,,0.49175857091979963,0.06172370910644531,0.0332073009011877,0.9753086419753086
wo_fusion,50,5,,0.40226579625635955,0.0877523422241211,0.026497088627536372,0.9841269841269841
wo_fusion,50,6,,0.36101070593713197,0.09024190902709961,0.01738142818268825,0.9885361552028219
wo_fusion,50,7,,0.45264748174600017,0.07630491256713867,0.01638385077033161,0.9841269841269841
wo_fusion,50,8,,0.6964795676880496,0.08369922637939453,0.034323623639025296,0.9841269841269841
wo_fusion,50,9,,0.8182069752250066,0.07195138931274414,0.02557243147121569,0.9876543209876543
wo_fusion,50,10,,0.4689762347075487,0.08589839935302734,0.01531226872621373,0.9858906525573192
wo_fusion,50,11,,0.4922558527685458,0.0857090950012207,0.011743786483608857,0.9911816578483245
wo_fusion,50,12,,0.42970920091874437,0.0927734375,0.01162511943027311,0.9902998236331569
wo_fusion,50,13,,0.7570215302028634,0.07623529434204102,0.010660078120118715,0.9894179894179894
wo_fusion,50,14,,0.7063019232058578,0.09798431396484375,0.012370211729049141,0.9876543209876543
wo_fusion,50,15,,0.5382315318203706,0.08004426956176758,0.011160050611115867,0.9814814814814815
wo_fusion,50,16,,0.48971304310959585,0.08574771881103516,0.013941998875088207,0.9894179894179894
wo_fusion,50,17,,0.6016759855570155,0.07941436767578125,0.004966672965714698,0.9929453262786596
wo_fusion,50,18,,0.560529425122691,0.08101367950439453,0.002364769995860891,0.9894179894179894
wo_fusion,50,19,,0.5341917745391519,0.08057117462158203,0.001349970257245511,0.9911816578483245
wo_fusion,50,20,,0.5249117850703886,0.09289693832397461,0.0013158292650316933,0.9885361552028219
wo_fusion,50,21,,0.6430823131008792,0.09093952178955078,0.001941859287449855,0.9911816578483245
wo_fusion,50,22,,0.6553806200804231,0.08902549743652344,0.0010249049509069457,0.9911816578483245
wo_fusion,50,23,,0.5702817642239566,0.08132791519165039,0.0006419618555766306,0.9911816578483245
wo_fusion,50,24,,0.5595677848298009,0.07697439193725586,0.003488487895256618,0.9885361552028219
wo_fusion,50,25,,0.549325261606739,0.09026050567626953,0.006542269581329086,0.9902998236331569
wo_fusion,50,26,,0.5564599625472935,0.10023832321166992,0.009336067640799143,0.9876543209876543
wo_fusion,50,27,,0.4891686766874898,0.10028266906738281,0.003031800278953121,0.9902998236331569
wo_fusion,51,0,,1.2743728921557964,0.022512435913085938,1.2409291375070832,0.8941798941798942
wo_fusion,51,1,,0.7204082562983526,0.07089757919311523,0.1877753508874889,0.9347442680776014
wo_fusion,51,2,,0.36021631078775096,0.06332206726074219,0.0793214753151886,0.972663139329806
wo_fusion,51,3,,0.37302274805947666,0.06700944900512695,0.0393058008831825,0.9841269841269841
wo_fusion,51,4,,0.41595567046615767,0.053574562072753906,0.03723982962035628,0.9858906525573192
wo_fusion,51,5,,0.49890626506866675,0.06088447570800781,0.02709347661232642,0.9788359788359788
wo_fusion,51,6,,0.4482377959613937,0.06519651412963867,0.021168141275607698,0.9894179894179894
wo_fusion,51,7,,0.5906033933273381,0.06984615325927734,0.023397983622033984,0.9902998236331569
wo_fusion,51,8,,0.461076014635721,0.08557558059692383,0.0159064428662587,0.9920634920634921
wo_fusion,51,9,,0.3628608905681844,0.06884145736694336,0.009555989992012884,0.9885361552028219
wo_fusion,51,10,,0.4490367924002622,0.07298088073730469,0.0070363085332255495,0.9841269841269841
wo_fusion,51,11,,0.37750557420135167,0.07480621337890625,0.010819379085405974,0.9876543209876543
wo_fusion,51,12,,0.3706981247980485,0.06513071060180664,0.017013386254799315,0.9885361552028219
wo_fusion,51,13,,0.3986317954047285,0.06580495834350586,0.011379550132993398,0.9894179894179894
wo_fusion,51,14,,0.39626633642201153,0.07837772369384766,0.008651095233401475,0.9902998236331569
wo_fusion,51,15,,0.43637656629399485,0.0715017318725586,0.00910463114990624,0.9920634920634921
wo_fusion,51,16,,0.3086501648183281,0.06527900695800781,0.02186438587204872,0.9805996472663139
wo_fusion,51,17,,0.651773873515915,0.068939208984375,0.012146201868170559,0.9885361552028219
wo_fusion,51,18,,0.48473424846740837,0.0688939094543457,0.006479660804592529,0.9938271604938271
wo_fusion,51,19,,0.42398087128346146,0.07005071640014648,0.0016846535926026897,0.9947089947089947
wo_fusion,51,20,,0.5202281318721736,0.07573795318603516,0.0014614272115256522,0.9938271604938271
wo_fusion,51,21,,0.6590646874402172,0.06745386123657227,0.0029336526692167026,0.9929453262786596
wo_fusion,51,22,,0.686812393289432,0.0644378662109375,0.0014540018430732906,0.9920634920634921
wo_fusion,51,23,,0.7449431154505376,0.06701469421386719,0.0011730230104872283,0.9938271604938271
wo_fusion,51,24,,0.699623046532949,0.0680851936340332,0.0007942505513010962,0.9938271604938271
wo_fusion,51,25,,0.7283278553630395,0.07285642623901367,0.0006045518924400508,0.9929453262786596
wo_fusion,51,26,,0.6572442378747659,0.07516860961914062,0.0007897899131290967,0.9929453262786596
wo_fusion,51,27,,0.7239021037013383,0.07654714584350586,0.000526589116704413,0.9929453262786596
wo_fusion,51,28,,0.6597526746991837,0.07885169982910156,0.0003420674336210241,0.9929453262786596
wo_fusion,51,29,,0.5928132445871754,0.07590484619140625,0.00025405726410374286,0.9929453262786596
wo_gating,42,0,0.40313840824729696,3.1336985795812353,,1.0868241137297696,0.8492063492063492
wo_gating,42,1,0.4111564548170976,1.1924183358422078,,0.17930028697395542,0.9647266313932981
wo_gating,42,2,0.3974353149063668,0.7433155740918989,,0.05831577035000805,0.9761904761904762
wo_gating,42,3,0.33208955512760363,0.8609269360050351,,0.03785762927429476,0.9805996472663139
wo_gating,42,4,0.3749781729165093,0.43993022771974133,,0.026087022428024204,0.9805996472663139
wo_gating,42,5,0.34041631531128685,0.9887834346938456,,0.0246888239468847,0.9638447971781305
wo_gating,42,6,0.3452666696722457,0.7148975530687203,,0.03098526934741835,0.9858906525573192
wo_gating,42,7,0.3505524540097391,0.5310941358595671,,0.021515826399713327,0.9938271604938271
wo_gating,42,8,0.2673741111210527,1.507615838553566,,0.015370887195239533,0.9911816578483245
wo_gating,42,9,0.30558112393083964,3.702840268106628,,0.014778078309853736,0.9911816578483245
wo_gating,42,10,0.37192587158184437,0.774576698926017,,0.01668138383061978,0.9814814814814815
wo_gating,42,11,0.3290665475516502,0.6201229914334035,,0.015731116939119244,0.9947089947089947
wo_gating,42,12,0.37195306749558465,0.5084550537970373,,0.009967840771797624,0.9947089947089947
wo_gating,42,13,0.2499401951491086,0.7017976271760554,,0.011122909379110743,0.9832451499118166
wo_gating,42,14,0.3474694219352803,0.6973877270899156,,0.007430023838606123,0.9911816578483245
wo_gating,42,15,0.4495781061953391,0.6787808084151223,,0.007350961836822224,0.9911816578483245
wo_gating,42,16,0.3821657619536373,0.6062375240101846,,0.00588805698321531,0.9911816578483245
wo_gating,42,17,0.33226161927013853,0.9622914757342372,,0.0032103859730774446,0.9894179894179894
wo_gating,42,18,0.3797438905803465,0.36119421127697343,,0.013831003279964076,0.9867724867724867
wo_gating,42,19,0.42899756919810894,0.3039091059352082,,0.008591421924308661,0.9902998236331569
wo_gating,42,20,0.34011226846818826,0.39970568904937914,,0.0030613982843556136,0.9920634920634921
wo_gating,42,21,0.3432718881732424,1.6175955929064487,,0.02817666302459738,0.9911816578483245
wo_gating,43,0,0.30208193362302066,1.7709226138691905,,1.0735822476542365,0.9153439153439153
wo_gating,43,1,0.4257868700893065,1.0028001928000017,,0.15853794095918075,0.9656084656084656
wo_gating,43,2,0.3302007728649544,0.3471137730054319,,0.05954989094289973,0.9761904761904762
wo_gating,43,3,0.31165766044619725,0.5201139090115744,,0.038088856632409455,0.9832451499118166
wo_gating,43,4,0.3551256995904889,0.8306667005566465,,0.034161679449513024,0.9761904761904762
wo_gating,43,5,0.31102261790785024,0.35878789644217113,,0.02027155117934974,0.9876543209876543
wo_gating,43,6,0.3862388287586024,0.690418677948899,,0.020172927286461816,0.9911816578483245
wo_gating,43,7,0.37185648487757494,0.5507023213689811,,0.018537996542370417,0.9814814814814815
wo_gating,43,8,0.37927899929189923,0.8764754477133234,,0.031969904690524756,0.9894179894179894
wo_gating,43,9,0.372507931788404,1.222202514405035,,0.013852033367097514,0.9911816578483245
wo_gating,43,10,0.37824910288641267,1.1328245814353757,,0.019046779001133062,0.9929453262786596
wo_gating,43,11,0.2963504360569612,0.9634699112907379,,0.014982053475033489,0.9885361552028219
wo_gating,43,12,0.3400542364180058,0.8953225955871924,,0.015580654972129397,0.9876543209876543
wo_gating,43,13,0.36701909137859756,0.9902053246382209,,0.008904898551196628,0.9788359788359788
wo_gating,43,14,0.32014633568550743,0.5082569709924969,,0.005274024665304998,0.9894179894179894
wo_gating,43,15,0.41526664256414636,0.578280987949913,,0.009471509545106647,0.982363315696649
wo_gating,43,16,0.2694365018893513,0.6261949966972911,,0.014900292130767911,0.9797178130511464
wo_gating,43,17,0.32026372996133495,0.7352228992780615,,0.004624395892594238,0.9929453262786596
wo_gating,43,18,0.21630064818450265,0.4576465336980985,,0.010012474229759224,0.9312169312169312
wo_gating,43,19,0.3336170031471709,1.3966926593724822,,0.023634902049980224,0.9885361552028219
wo_gating,43,20,0.23769006890067143,1.0444599326722965,,0.010479123692555482,0.9902998236331569
wo_gating,44,0,0.3154505670136087,1.9661566952979546,,1.035428355272665,0.908289241622575
wo_gating,44,1,0.27724316576848557,1.3985360637234272,,0.16722221301976967,0.9559082892416225
wo_gating,44,2,0.28541288835646844,1.253376812573511,,0.09984034583963684,0.972663139329806
wo_gating,44,3,0.37400709177580505,1.1628716028525934,,0.05202958602472318,0.9761904761904762
wo_gating,44,4,0.3375525079638858,1.7185333810640404,,0.029498672321191,0.9779541446208113
wo_gating,44,5,0.35018789105824627,2.0072517619780386,,0.016953983337450167,0.9911816578483245
wo_gating,44,6,0.33947063436588404,2.401709761707104,,0.014473633168586223,0.9920634920634921
wo_gating,44,7,0.32460629117338746,1.9483330467443452,,0.008896205305718082,0.9955908289241623
wo_gating,44,8,0.2646724804822186,1.6913242131404242,,0.011730219822486782,0.9929453262786596
wo_gating,44,9,0.32643634382682735,2.062157450153094,,0.015394870168582247,0.9938271604938271
wo_gating,44,10,0.3264876157028612,2.8561426174574955,,0.005914195054594374,0.9947089947089947
wo_gating,44,11,0.3233400325630273,2.4136171092952954,,0.004831484264732167,0.9955908289241623
wo_gating,44,12,0.3475641988309123,1.4478452712173666,,0.005239695073362336,0.9920634920634921
wo_gating,44,13,0.3021073793340337,2.049093604622064,,0.003523165110653711,0.9955908289241623
wo_gating,44,14,0.3229817025885381,2.4449837967874744,,0.0014142513018469618,0.9964726631393298
wo_gating,44,15,0.3472831670375367,3.28122371118443,,0.0012316544422667224,0.9955908289241623
wo_gating,44,16,0.3190245606287558,3.1832807383054313,,0.0021760635085784756,0.9964726631393298
wo_gating,44,17,0.3200721724473906,2.292346839262599,,0.019167526630728376,0.9947089947089947
wo_gating,44,18,0.3990961465803817,1.9467135158943754,,0.009552331013043248,0.9929453262786596
wo_gating,44,19,0.38322795820238176,3.7104970987534225,,0.0031140268658332174,0.9947089947089947
wo_gating,44,20,0.3624973353615527,3.018591101098734,,0.0012852426531048137,0.9955908289241623
wo_gating,44,21,0.36248477146924823,2.881496081615045,,0.0012874195875933652,0.9955908289241623
wo_gating,44,22,0.3386686601458164,2.176367854724613,,0.0044240438782709255,0.9938271604938271
wo_gating,44,23,0.35147752977780355,3.3196028539430773,,0.0026962591366151115,0.9929453262786596
wo_gating,44,24,0.3920584441263482,2.8660581614376293,,0.015643699863011853,0.9955908289241623
wo_gating,45,0,0.23457787633304056,1.1622605644512265,,1.0660117656690824,0.9162257495590829
wo_gating,45,1,0.35715551786049043,0.6609343724883088,,0.14632811248077196,0.9647266313932981
wo_gating,45,2,0.32476549181548486,0.38440418623985356,,0.0672719701167227,0.9629629629629629
wo_gating,45,3,0.2978672459328059,0.735970412002804,,0.04315765195991492,0.9876543209876543
wo_gating,45,4,0.3245777723920843,0.5242752684576976,,0.03248567048260324,0.9567901234567902
wo_gating,45,5,0.2817505254312333,0.43770532177381166,,0.02641016602212069,0.9850088183421517
wo_gating,45,6,0.3203295285237735,0.7417883053153264,,0.017749786642341343,0.9902998236331569
wo_gating,45,7,0.4259578444363101,0.6521773722001112,,0.01625081395008126,0.9268077601410935
wo_gating,45,8,0.29095182556566423,0.7067061061801999,,0.017050052472782334,0.9867724867724867
wo_gating,45,9,0.33620356185434624,0.5036771805498975,,0.009459211708920095,0.9841269841269841
wo_gating,45,10,0.2815343224495616,0.9468289548311918,,0.006868796644821053,0.9761904761904762
wo_gating,45,11,0.3152722800834758,1.6542025142538104,,0.015288992550502829,0.9902998236331569
wo_gating,45,12,0.30437521813539936,1.183614613733288,,0.021554622788598883,0.9929453262786596
wo_gating,45,13,0.27801230359542184,1.0581351660153155,,0.013255441360716241,0.9744268077601411
wo_gating,45,14,0.31997119716131756,0.8062573650151775,,0.015612670063454367,0.9867724867724867
wo_gating,45,15,0.3208165474161231,2.1122613187940997,,0.014020353440231927,0.9911816578483245
wo_gating,45,16,0.33321393228990526,0.9474103577948932,,0.0059106621193648155,0.9902998236331569
wo_gating,45,17,0.32732409695010634,1.7787501221816697,,0.005530902477740137,0.9753086419753086
wo_gating,45,18,0.3424691352392588,1.3982530687032104,,0.0063762209508941145,0.9920634920634921
wo_gating,45,19,0.3292054552080711,0.9241887662010567,,0.002570583537620973,0.9911816578483245
wo_gating,45,20,0.28219787396427753,1.199680303906934,,0.0011762688198205696,0.9911816578483245
wo_gating,45,21,0.2992878561648253,0.740134422895963,,0.0005908707196902391,0.9920634920634921
wo_gating,45,22,0.2912793473723001,1.467104949175426,,0.0004085841712218766,0.9911816578483245
wo_gating,46,0,0.2857684132320243,1.1761521195782227,,1.0737500065037993,0.8395061728395061
wo_gating,46,1,0.30889529406938687,0.7894259750489633,,0.16532970773434874,0.9603174603174603
wo_gating,46,2,0.3499834074704195,0.3240112010869912,,0.05956410031233515,0.9841269841269841
wo_gating,46,3,0.4043859170336441,0.4489666069201108,,0.038989386331917925,0.9761904761904762
wo_gating,46,4,0.37012259873002695,0.3166417342401957,,0.034547805113158976,0.9259259259259259
wo_gating,46,5,0.3414703924608259,0.36245697656058945,,0.02621922794608392,0.9876543209876543
wo_gating,46,6,0.3267452874443508,0.6334282372104064,,0.023139277267187428,0.982363315696649
wo_gating,46,7,0.35320056488657536,0.7228358586912995,,0.022257830035321568,0.9867724867724867
wo_gating,46,8,0.35352174026700056,0.32393506990498117,,0.023109107050560386,0.9894179894179894
wo_gating,46,9,0.4031005669612602,1.9602317799429507,,0.012722667954293328,0.9850088183421517
wo_gating,46,10,0.37731856144039055,1.0524460750628217,,0.008516690590315394,0.9876543209876543
wo_gating,46,11,0.3866137408152061,0.6118809947634873,,0.004477178147140094,0.9902998236331569
wo_gating,46,12,0.4287702728027798,0.34136389381332666,,0.008478471263820758,0.9735449735449735
wo_gating,46,13,0.37961391889724716,0.8334548411414052,,0.008253863260886637,0.9858906525573192
wo_gating,46,14,0.36232036802083545,0.7354469133451665,,0.006788953868087975,0.9929453262786596
wo_gating,46,15,0.3637213913277032,1.5885592057583293,,0.043532660026145496,0.9894179894179894
wo_gating,46,16,0.39066721439994195,0.8491670534437118,,0.01231702916559609,0.9902998236331569
wo_gating,46,17,0.3542440898892698,0.45322552656655013,,0.005418584701757898,0.9911816578483245
wo_gating,46,18,0.3708134988028269,0.29822097043702633,,0.011094733604384151,0.9858906525573192
wo_gating,46,19,0.37830301272336353,1.8187392455735392,,0.012075000508911542,0.9797178130511464
wo_gating,46,20,0.368410942375499,0.646443182169973,,0.011126008954037118,0.9911816578483245
wo_gating,46,21,0.3715991652228763,0.5697836576205269,,0.0049451525532165355,0.9902998236331569
wo_gating,46,22,0.370361944355807,2.4649856548045137,,0.006884555196456783,0.9920634920634921
wo_gating,46,23,0.34474927879216755,1.978235578243688,,0.0034976085921248263,0.9920634920634921
wo_gating,46,24,0.3440751004867437,2.3599823960681694,,0.0013104722533438028,0.9920634920634921
wo_gating,47,0,0.3331787382426593,2.2399617351398002,,1.1202915915240867,0.8377425044091711
wo_gating,47,1,0.33767855584322337,1.0443400112093708,,0.19076225222373494,0.9594356261022927
wo_gating,47,2,0.3970831228615784,2.099486523914169,,0.08201889380902751,0.9867724867724867
wo_gating,47,3,0.37402033568042337,3.4728793679113004,,0.042098708253688916,0.9770723104056437
wo_gating,47,4,0.32985137084631144,4.050069412171625,,0.026915864930266424,0.9885361552028219
wo_gating,47,5,0.352844056715633,2.9013473039749536,,0.030265196187820115,0.9894179894179894
wo_gating,47,6,0.3220744267846576,1.6141043410372118,,0.01232914809994287,0.9938271604938271
wo_gating,47,7,0.32832872432794546,1.4071931586171411,,0.00861993695884515,0.9938271604938271
wo_gating,47,8,0.31291220170276685,1.6066244678960093,,0.008361751454507824,0.9911816578483245
wo_gating,47,9,0.33930944568430876,3.374474725783263,,0.02223047910177924,0.9761904761904762
wo_gating,47,10,0.32921958556238384,2.3152338377756276,,0.04420917427120836,0.9911816578483245
wo_gating,47,11,0.35137704432564343,2.3795604217920516,,0.008674149596479384,0.9911816578483245
wo_gating,47,12,0.3553757120223592,1.6856192696308607,,0.005746220282503514,0.9938271604938271
wo_gating,47,13,0.3354405653355881,2.089763148571113,,0.003108969817294592,0.9955908289241623
wo_gating,47,14,0.3215304588102632,1.7383290553938797,,0.0014253153542858475,0.9955908289241623
wo_gating,47,15,0.32806431269432385,2.497841906441994,,0.0009265112405000867,0.9955908289241623
wo_gating,47,16,0.3255156815202206,2.615084378886841,,0.0019477666071890652,0.9947089947089947
wo_gating,47,17,0.33735294507512925,4.150719267108802,,0.0012454069531026408,0.9947089947089947
wo_gating,47,18,0.3392397570518659,5.588811919611851,,0.0009475971408609303,0.9947089947089947
wo_gating,47,19,0.3367996625788887,2.7656745311000805,,0.0008018652893809104,0.9947089947089947
wo_gating,47,20,0.317774960474413,3.7266433741641727,,0.0020913305219497956,0.9938271604938271
wo_gating,47,21,0.3161046927580591,3.300358374016115,,0.007792523311337038,0.9938271604938271
wo_gating,47,22,0.38322278411596405,1.936753399103346,,0.022321674641389302,0.9832451499118166
wo_gating,47,23,0.31915312267094886,2.289333886334611,,0.012220792610336232,0.9876543209876543
wo_gating,48,0,0.2987870533482585,1.309379047182879,,1.0904485960170704,0.9135802469135802
wo_gating,48,1,0.31440671642651496,0.7025772211809361,,0.15158023193579953,0.9770723104056437
wo_gating,48,2,0.33485051978710845,0.24343508263766436,,0.06032178103811166,0.9858906525573192
wo_gating,48,3,0.3494546441987809,0.18550010831144265,,0.033999045166163755,0.9664902998236331
wo_gating,48,4,0.3452751669278247,0.38348299664167407,,0.025279820734777192,0.9850088183421517
wo_gating,48,5,0.3641792824341159,1.3186857314655196,,0.033333190312033245,0.9753086419753086
wo_gating,48,6,0.3429637771784588,0.5353507289751684,,0.020541712801512093,0.9938271604938271
wo_gating,48,7,0.3901270212896612,0.7055268175751607,,0.01805140413604367,0.9850088183421517
wo_gating,48,8,0.34038675895984005,0.5780244813424062,,0.011833992259272811,0.9902998236331569
wo_gating,48,9,0.34804047754991185,0.5108924999623867,,0.007877249384717065,0.982363315696649
wo_gating,48,10,0.3132064600583858,0.4756772676338017,,0.020269334523214236,0.9885361552028219
wo_gating,48,11,0.33666264275803415,0.5143809164934403,,0.010253599181050435,0.9876543209876543
wo_gating,48,12,0.3969384934829374,0.8354225051417682,,0.01996489165640117,0.9911816578483245
wo_gating,48,13,0.324653263266311,0.516377775488972,,0.01073200905516755,0.9797178130511464
wo_gating,48,14,0.32037968364381225,0.4561935077165615,,0.008388604135312372,0.9911816578483245
wo_gating,48,15,0.347581468894817,0.8657846471025711,,0.005234657454171351,0.9920634920634921
wo_gating,48,16,0.39034185608338906,0.7432814507018378,,0.006889210371165068,0.972663139329806
wo_gating,49,0,0.32931436808840314,2.594111476772402,,1.0947636802225336,0.8985890652557319
wo_gating,49,1,0.30407058729354147,3.241714981089055,,0.1900330215399678,0.9206349206349206
wo_gating,49,2,0.3418396481062645,2.6194148914857265,,0.09363307688703433,0.9753086419753086
wo_gating,49,3,0.3418943943174319,5.358014254634137,,0.03680548297406054,0.9920634920634921
wo_gating,49,4,0.3447269659750514,4.984035905131356,,0.015514100708196943,0.9902998236331569
wo_gating,49,5,0.30535931177944337,5.719306307686057,,0.018743406661637606,0.9929453262786596
wo_gating,49,6,0.35248586819499517,4.6418286417400285,,0.014382154597018762,0.9955908289241623
wo_gating,49,7,0.29199449311480263,5.461906410783677,,0.008642264012844271,0.9964726631393298
wo_gating,49,8,0.29547360189030714,6.005460024757308,,0.004684515537194998,0.9938271604938271
wo_gating,49,9,0.2824183554300793,6.1410445896786054,,0.006932047518316546,0.9938271604938271
wo_gating,49,10,0.3051959872733404,6.802847472414787,,0.004255697225837863,0.9964726631393298
wo_gating,49,11,0.28562648971702853,10.766515821316446,,0.004368754081605445,0.9955908289241623
wo_gating,49,12,0.3523489908982558,5.527928715583166,,0.012944947136953214,0.9947089947089947
wo_gating,49,13,0.3586858496810197,6.675910374628246,,0.01426527248679654,0.9955908289241623
wo_gating,49,14,0.3403230611537397,6.787560022574338,,0.009804941934849489,0.9947089947089947
wo_gating,49,15,0.3120286856030648,5.143884284196844,,0.0044932735188795885,0.9964726631393298
wo_gating,49,16,0.33276003425907197,5.334309476412621,,0.0018723424028577768,0.9973544973544973
wo_gating,49,17,0.23177070881574005,5.554374309207316,,0.020855711465764815,0.9964726631393298
wo_gating,49,18,0.21764073946181117,8.18618955943935,,0.005546925806962038,0.9964726631393298
wo_gating,49,19,0.2739234979707659,8.93236307884515,,0.00440220961512474,0.9973544973544973
wo_gating,49,20,0.22586622111076238,10.036583153807461,,0.002388378631644576,0.9955908289241623
wo_gating,49,21,0.2502574208036576,9.478438835965937,,0.0022486987262746025,0.9964726631393298
wo_gating,49,22,0.24099380894247943,5.4759346393841755,,0.002429665130889008,0.9973544973544973
wo_gating,49,23,0.22845390763264425,6.2034885170770755,,0.001401719612378989,0.9982363315696648
wo_gating,49,24,0.22920449525390602,5.28475553901324,,0.000972567382182814,0.9982363315696648
wo_gating,49,25,0.2289103946130522,10.270174395612358,,0.0010528289789079814,0.9982363315696648
wo_gating,49,26,0.24096158289861552,10.418405300096842,,0.0012054816132696636,0.9973544973544973
wo_gating,49,27,0.22775448019875832,9.426097557098327,,0.0003913494235120935,0.9982363315696648
wo_gating,49,28,0.22013505410687267,7.096848397517382,,0.0002446391705029559,0.9973544973544973
wo_gating,49,29,0.22948589712778827,7.364619442011783,,0.0002122045445581687,0.9982363315696648
wo_gating,49,30,0.2309246742940245,6.88045115036819,,0.00019087328038395551,0.9973544973544973
wo_gating,49,31,0.2208732503381277,8.517466522808027,,0.00015503301352346265,0.9973544973544973
wo_gating,49,32,0.23347909958527277,6.355481745467276,,0.00014501170247148383,0.9973544973544973
wo_gating,49,33,0.20669529858396377,7.460421123889402,,0.0018689712309745794,0.9973544973544973
wo_gating,50,0,0.43569313235047463,1.6302768863944954,,1.0755999521243238,0.8862433862433863
wo_gating,50,1,0.4951486370161102,0.9143542353748431,,0.20325659775229357,0.9382716049382716
wo_gating,50,2,0.48214049707146256,0.7547652486004565,,0.07885524139472777,0.9744268077601411
wo_gating,50,3,0.4380517709903615,0.516790206548201,,0.039877759249077,0.9805996472663139
wo_gating,50,4,0.5356392913143357,1.005305929125485,,0.04292074287801598,0.9514991181657848
wo_gating,50,5,0.4762848693840253,0.610503316988617,,0.023791890107067084,0.9885361552028219
wo_gating,50,6,0.5652439011578871,0.7502492379710857,,0.02247601419543666,0.9911816578483245
wo_gating,50,7,0.40492551279247435,0.5176286255146029,,0.0184067663661319,0.9805996472663139
wo_gating,50,8,0.4307994356290913,0.4585760984342151,,0.01248289181415107,0.9902998236331569
wo_gating,50,9,0.43769018811712224,2.0836516801196963,,0.007443613717677417,0.9929453262786596
wo_gating,50,10,0.44797301901457887,0.7477106812304016,,0.003805086674141956,0.9929453262786596
wo_gating,50,11,0.42291365063177555,1.6969864630424063,,0.00711249615729576,0.9876543209876543
wo_gating,50,12,0.46975708122179105,1.0456726506842438,,0.020365909835885442,0.9850088183421517
wo_gating,50,13,0.4215861833618567,0.4291048557366483,,0.012903845943623165,0.9902998236331569
wo_gating,50,14,0.4179326327003621,0.6722897993100172,,0.007285986094962938,0.9920634920634921
wo_gating,50,15,0.5494191345316831,0.530157687835951,,0.016781432685060025,0.9902998236331569
wo_gating,50,16,0.44149150330710535,1.1292857340718543,,0.03222075430148381,0.9603174603174603
wo_gating,50,17,0.40201105126029335,0.88687912600903,,0.018860035419649954,0.9929453262786596
wo_gating,50,18,0.4167632337977727,0.9557481771962032,,0.0059433844679993315,0.9938271604938271
wo_gating,50,19,0.44332629406471946,0.7983521690297418,,0.0037050855132903923,0.9876543209876543
wo_gating,50,20,0.3805187839097489,0.804371696293912,,0.004695169245774941,0.9902998236331569
wo_gating,50,21,0.5089953037562256,1.9436157309392204,,0.026960780805375256,0.9523809523809523
wo_gating,50,22,0.3992866083814094,0.7448101704039422,,0.012167035511575882,0.9920634920634921
wo_gating,50,23,0.4159125619323885,2.1825303512872862,,0.0034995250109894987,0.9911816578483245
wo_gating,50,24,0.41979222987761056,1.2698468920965686,,0.0020131708914026877,0.9894179894179894
wo_gating,50,25,0.3841320599153738,9.34397284337403,,0.002010261341962873,0.9894179894179894
wo_gating,50,26,0.4015683109059722,1.1375874224386875,,0.004226696111708147,0.9920634920634921
wo_gating,50,27,0.34218074942348126,0.7861733886811936,,0.001937426014159942,0.9867724867724867
wo_gating,50,28,0.37067057061211617,1.3600134387807565,,0.001534973121778258,0.9920634920634921
wo_gating,51,0,0.3171929835737997,1.2236139085415578,,1.0170280034467296,0.9638447971781305
wo_gating,51,1,0.31612100273883453,0.39027873827920223,,0.10979137187281614,0.9744268077601411
wo_gating,51,2,0.3788789966125209,0.6174172122641193,,0.06068399955130668,0.9876543209876543
wo_gating,51,3,0.3586605654213892,0.7336017206798358,,0.0301442835691159,0.9911816578483245
wo_gating,51,4,0.29972692762511866,0.6865181078824685,,0.024060024141431845,0.9929453262786596
wo_gating,51,5,0.3522256015095766,0.8643311187749383,,0.029084076125031156,0.9902998236331569
wo_gating,51,6,0.34261209347955407,0.7200868291808786,,0.022054933809104376,0.9920634920634921
wo_gating,51,7,0.3435798799053482,1.213433944518668,,0.014299757773716929,0.9894179894179894
wo_gating,51,8,0.358728544940472,0.47205054909860283,,0.021745694515408663,0.9920634920634921
wo_gating,51,9,0.35109763628683416,1.2576545169293567,,0.011986065784769129,0.9929453262786596
wo_gating,51,10,0.3688697502080742,1.2286849963857687,,0.019231904296659198,0.9858906525573192
wo_gating,51,11,0.3796104650412411,1.8023778540097812,,0.013943460687589483,0.9567901234567902
wo_gating,51,12,0.3309841614256639,0.8588452176427128,,0.02031629410053541,0.9929453262786596
wo_gating,51,13,0.3064704966022495,0.8059191749756675,,0.01437086995531969,0.9929453262786596
wo_gating,51,14,0.3034760263381501,0.7018179425905332,,0.008789120508003796,0.9902998236331569
wo_spectral,42,0,,,0.07335376739501953,1.3346316586456242,0.8818342151675485
wo_spectral,42,1,,,0.13513898849487305,0.28445515543425165,0.9109347442680776
wo_spectral,42,2,,,0.13595867156982422,0.15372785276543977,0.9744268077601411
wo_spectral,42,3,,,0.14398574829101562,0.06919010346494925,0.9929453262786596
wo_spectral,42,4,,,0.15495920181274414,0.024383853593713076,0.9947089947089947
wo_spectral,42,5,,,0.14044618606567383,0.011842190378112542,0.9929453262786596
wo_spectral,42,6,,,0.12744903564453125,0.01472206413921867,0.9973544973544973
wo_spectral,42,7,,,0.15229034423828125,0.009569087950618359,0.9955908289241623
wo_spectral,42,8,,,0.16080141067504883,0.004383925768424977,0.9973544973544973
wo_spectral,42,9,,,0.16298532485961914,0.002163224014909748,0.9982363315696648
wo_spectral,42,10,,,0.16531085968017578,0.0016062104803857057,0.9973544973544973
wo_spectral,42,11,,,0.16628265380859375,0.0015138795004329747,0.9973544973544973
wo_spectral,42,12,,,0.1612691879272461,0.001843320180465575,0.9938271604938271
wo_spectral,42,13,,,0.15967130661010742,0.007948098301208907,0.9991181657848325
wo_spectral,42,14,,,0.1518993377685547,0.00564746777101146,0.9973544973544973
wo_spectral,42,15,,,0.1634540557861328,0.015552815522235492,0.9955908289241623
wo_spectral,42,16,,,0.15703153610229492,0.0032634534238195657,0.9982363315696648
wo_spectral,42,17,,,0.16059207916259766,0.0008660307031660534,0.9991181657848325
wo_spectral,42,18,,,0.16298961639404297,0.0005618574171711057,0.9991181657848325
wo_spectral,42,19,,,0.16745662689208984,0.0003925719135546478,0.9982363315696648
wo_spectral,42,20,,,0.1685805320739746,0.00039674420841918163,0.9982363315696648
wo_spectral,42,21,,,0.17002630233764648,0.00029317438502134987,0.9982363315696648
wo_spectral,42,22,,,0.16911029815673828,0.0002678297005373089,0.9991181657848325
wo_spectral,42,23,,,0.16950416564941406,0.00023210461514362065,0.9982363315696648
wo_spectral,43,0,,,0.06244659423828125,1.3534320509983389,0.8641975308641975
wo_spectral,43,1,,,0.10498189926147461,0.2640711866313548,0.9470899470899471
wo_spectral,43,2,,,0.09743928909301758,0.10262279961756568,0.9885361552028219
wo_spectral,43,3,,,0.10469722747802734,0.04427495519810118,0.9929453262786596
wo_spectral,43,4,,,0.09739255905151367,0.021238189499307135,0.9955908289241623
wo_spectral,43,5,,,0.09470939636230469,0.01152060255274537,0.9964726631393298
wo_spectral,43,6,,,0.10043096542358398,0.003891260489168171,0.9964726631393298
wo_spectral,43,7,,,0.10033798217773438,0.005711851559173899,0.9964726631393298
wo_spectral,43,8,,,0.0997781753540039,0.003993843394635739,0.9973544973544973
wo_spectral,43,9,,,0.13133573532104492,0.015328473419243876,0.9947089947089947
wo_spectral,43,10,,,0.11742687225341797,0.013389048529106023,0.9964726631393298
wo_spectral,43,11,,,0.11919307708740234,0.0075885124138689464,0.9982363315696648
wo_spectral,43,12,,,0.11504650115966797,0.0028826665571533164,0.9991181657848325
wo_spectral,43,13,,,0.1282353401184082,0.0010236512791458306,0.9991181657848325
wo_spectral,43,14,,,0.12207794189453125,0.0006600004076478666,0.9991181657848325
wo_spectral,43,15,,,0.12269163131713867,0.0005181115287836874,0.9982363315696648
wo_spectral,43,16,,,0.12392902374267578,0.00043341676338180867,0.9982363315696648
wo_spectral,43,17,,,0.12588930130004883,0.0003762160021470661,0.9982363315696648
wo_spectral,43,18,,,0.12576723098754883,0.0003349994776843683,0.9982363315696648
wo_spectral,43,19,,,0.12750530242919922,0.00030139424873411075,0.9982363315696648
wo_spectral,43,20,,,0.12620067596435547,0.00033972955397112,0.9982363315696648
wo_spectral,43,21,,,0.12645864486694336,0.00026886139117999287,0.9982363315696648
wo_spectral,43,22,,,0.12545299530029297,0.00023908472024411167,0.9982363315696648
wo_spectral,44,0,,,0.0833888053894043,1.2932918226052124,0.855379188712522
wo_spectral,44,1,,,0.11983537673950195,0.27483291774199753,0.9365079365079365
wo_spectral,44,2,,,0.12728214263916016,0.10965649966074496,0.9858906525573192
wo_spectral,44,3,,,0.1262345314025879,0.04677533409582875,0.9964726631393298
wo_spectral,44,4,,,0.1279902458190918,0.015449573293621127,0.9929453262786596
wo_spectral,44,5,,,0.13499927520751953,0.007103775145355063,0.9973544973544973
wo_spectral,44,6,,,0.131988525390625,0.005646625047096263,0.9973544973544973
wo_spectral,44,7,,,0.1304001808166504,0.011887300646218358,0.9947089947089947
wo_spectral,44,8,,,0.14153289794921875,0.019783952225735996,0.9982363315696648
wo_spectral,44,9,,,0.15099477767944336,0.012543027465198631,0.9973544973544973
wo_spectral,44,10,,,0.14583969116210938,0.005640897629198281,0.9982363315696648
wo_spectral,44,11,,,0.14107179641723633,0.002913792436704524,0.9973544973544973
wo_spectral,44,12,,,0.15596342086791992,0.0026761319591943247,0.9991181657848325
wo_spectral,44,13,,,0.16013860702514648,0.0008464128946503927,0.9991181657848325
wo_spectral,44,14,,,0.1532292366027832,0.0006271323593645212,0.9991181657848325
wo_spectral,44,15,,,0.15425634384155273,0.0005696513399676063,0.9991181657848325
wo_spectral,44,16,,,0.15462398529052734,0.00045851434204633785,0.9991181657848325
wo_spectral,44,17,,,0.15564250946044922,0.00040802244949738833,0.9991181657848325
wo_spectral,44,18,,,0.15541410446166992,0.00035531446234307595,0.9991181657848325
wo_spectral,44,19,,,0.1602935791015625,0.0003262133753238329,0.9991181657848325
wo_spectral,44,20,,,0.16102886199951172,0.0002977761013386877,0.9991181657848325
wo_spectral,44,21,,,0.16219425201416016,0.0002817425792866111,0.9991181657848325
wo_spectral,44,22,,,0.1614704132080078,0.0002512483145397168,0.9991181657848325
wo_spectral,45,0,,,0.08504104614257812,1.3456942618839325,0.8350970017636684
wo_spectral,45,1,,,0.13044166564941406,0.3283111243111026,0.9056437389770723
wo_spectral,45,2,,,0.15400362014770508,0.14592286394747117,0.9470899470899471
wo_spectral,45,3,,,0.16038131713867188,0.07187858496202003,0.9929453262786596
wo_spectral,45,4,,,0.1858210563659668,0.029388958848703114,0.9947089947089947
wo_spectral,45,5,,,0.1703481674194336,0.011271363270672451,0.9982363315696648
wo_spectral,45,6,,,0.1668710708618164,0.0051927974575022495,0.9982363315696648
wo_spectral,45,7,,,0.17424821853637695,0.003629822235146871,0.9982363315696648
wo_spectral,45,8,,,0.17949151992797852,0.0028660977602452714,0.9991181657848325
wo_spectral,45,9,,,0.17628717422485352,0.0024147951525466367,0.9991181657848325
wo_spectral,45,10,,,0.17920303344726562,0.0020762824244693044,0.9991181657848325
wo_spectral,45,11,,,0.18226003646850586,0.0018826864534131592,0.9991181657848325
wo_spectral,45,12,,,0.18542766571044922,0.0014148721102208394,0.9991181657848325
wo_spectral,45,13,,,0.1905045509338379,0.0013631468454695455,0.9991181657848325
wo_spectral,45,14,,,0.1871485710144043,0.001233833755085981,0.9991181657848325
wo_spectral,45,15,,,0.18442296981811523,0.0010640191692839224,0.9991181657848325
wo_spectral,45,16,,,0.1792006492614746,0.0009548882808193468,0.9991181657848325
wo_spectral,45,17,,,0.18747472763061523,0.0008553012996147868,0.9991181657848325
wo_spectral,45,18,,,0.18883991241455078,0.000455898627716603,0.9964726631393298
wo_spectral,46,0,,,0.09777593612670898,1.2880637019940244,0.8686067019400353
wo_spectral,46,1,,,0.11703109741210938,0.2386628627461731,0.9409171075837742
wo_spectral,46,2,,,0.11313581466674805,0.11024635716518126,0.9867724867724867
wo_spectral,46,3,,,0.11950540542602539,0.03771129396947513,0.9938271604938271
wo_spectral,46,4,,,0.1116642951965332,0.028670791232464264,0.9682539682539683
wo_spectral,46,5,,,0.1297473907470703,0.02057432989978449,0.9982363315696648
wo_spectral,46,6,,,0.12692832946777344,0.003920467850067234,0.9991181657848325
wo_spectral,46,7,,,0.1344141960144043,0.0024598576391583206,0.9991181657848325
wo_spectral,46,8,,,0.13420915603637695,0.0018625814586107703,0.9991181657848325
wo_spectral,46,9,,,0.13497352600097656,0.001334635248792781,0.9991181657848325
wo_spectral,46,10,,,0.13600587844848633,0.0010217675857896369,0.9991181657848325
wo_spectral,46,11,,,0.1383962631225586,0.0008479809297093149,0.9991181657848325
wo_spectral,46,12,,,0.1407313346862793,0.0007308799464069729,0.9991181657848325
wo_spectral,46,13,,,0.14356470108032227,0.0006248805896225593,0.9991181657848325
wo_spectral,46,14,,,0.13902521133422852,0.0005236198543218962,0.9991181657848325
wo_spectral,46,15,,,0.14179754257202148,0.00048159309631200876,0.9991181657848325
wo_spectral,46,16,,,0.13956499099731445,0.0004145654241717403,0.9991181657848325
wo_spectral,47,0,,,0.0747370719909668,1.3366385907588,0.86331569664903
wo_spectral,47,1,,,0.1275477409362793,0.2564132261348329,0.9708994708994709
wo_spectral,47,2,,,0.11702537536621094,0.07434561400366659,0.9938271604938271
wo_spectral,47,3,,,0.1284351348876953,0.030349908727457013,0.9973544973544973
wo_spectral,47,4,,,0.12297630310058594,0.01913197110290903,0.9973544973544973
wo_spectral,47,5,,,0.13653802871704102,0.008973659859521093,0.9973544973544973
wo_spectral,47,6,,,0.14118576049804688,0.003449485021997426,0.9964726631393298
wo_spectral,47,7,,,0.14754438400268555,0.003638232557647893,0.9982363315696648
wo_spectral,47,8,,,0.1481032371520996,0.0017527681919700345,0.9982363315696648
wo_spectral,47,9,,,0.15078258514404297,0.0013033198579446815,0.9973544973544973
wo_spectral,47,10,,,0.15213871002197266,0.0010347245137882295,0.9973544973544973
wo_spectral,47,11,,,0.15272188186645508,0.0009245623546516634,0.9982363315696648
wo_spectral,47,12,,,0.15465259552001953,0.0007885945814810214,0.9982363315696648
wo_spectral,47,13,,,0.16181135177612305,0.0006701413440443815,0.9982363315696648
wo_spectral,47,14,,,0.16136598587036133,0.0005592413497896892,0.9982363315696648
wo_spectral,47,15,,,0.16232681274414062,0.000504970073084701,0.9982363315696648
wo_spectral,47,16,,,0.16159868240356445,0.00044617878694354064,0.9982363315696648
wo_spectral,47,17,,,0.16265249252319336,0.0004001040443604163,0.9982363315696648
wo_spectral,48,0,,,0.09317922592163086,1.3090775882711216,0.900352733686067
wo_spectral,48,1,,,0.13736820220947266,0.21373679044565647,0.9611992945326279
wo_spectral,48,2,,,0.1592402458190918,0.07494142324926271,0.9876543209876543
wo_spectral,48,3,,,0.15563583374023438,0.0292802290020909,0.9982363315696648
wo_spectral,48,4,,,0.16449689865112305,0.012332589672463055,0.9947089947089947
wo_spectral,48,5,,,0.158233642578125,0.005118829836662034,0.9982363315696648
wo_spectral,48,6,,,0.1533207893371582,0.0027139629198636686,0.9973544973544973
wo_spectral,48,7,,,0.16070127487182617,0.004421230185057514,0.9991181657848325
wo_spectral,48,8,,,0.16628789901733398,0.0017526764644398576,0.9982363315696648
wo_spectral,48,9,,,0.16784143447875977,0.0012083308430630023,0.9982363315696648
wo_spectral,48,10,,,0.16901397705078125,0.0008961778753229437,0.9982363315696648
wo_spectral,48,11,,,0.1705470085144043,0.0007643491334284677,0.9982363315696648
wo_spectral,48,12,,,0.17595577239990234,0.0006322790602400184,0.9982363315696648
wo_spectral,48,13,,,0.18135881423950195,0.0005412283742878493,0.9982363315696648
wo_spectral,48,14,,,0.17699480056762695,0.00047228403023577163,0.9982363315696648
wo_spectral,48,15,,,0.17723560333251953,0.0004299152172603507,0.9982363315696648
wo_spectral,48,16,,,0.17594099044799805,0.00038084686052801056,0.9982363315696648
wo_spectral,48,17,,,0.1790142059326172,0.0003301300929103593,0.9982363315696648
wo_spectral,49,0,,,0.08633565902709961,1.3055273090135122,0.8377425044091711
wo_spectral,49,1,,,0.13150405883789062,0.3004417134926162,0.9250440917107584
wo_spectral,49,2,,,0.1338663101196289,0.11749508564704671,0.9841269841269841
wo_spectral,49,3,,,0.14580821990966797,0.04520586386424343,0.9858906525573192
wo_spectral,49,4,,,0.1409320831298828,0.019727885050844128,0.9955908289241623
wo_spectral,49,5,,,0.14106178283691406,0.009880607893503217,0.9938271604938271
wo_spectral,49,6,,,0.14394235610961914,0.016411694735344935,0.9973544973544973
wo_spectral,49,7,,,0.1471543312072754,0.012254174107098594,0.9991181657848325
wo_spectral,49,8,,,0.1550741195678711,0.005592109719858007,0.9982363315696648
wo_spectral,49,9,,,0.15515613555908203,0.003140842066271736,0.9982363315696648
wo_spectral,49,10,,,0.15912437438964844,0.0019870765796015694,0.9982363315696648
wo_spectral,49,11,,,0.16533803939819336,0.0024639141027134924,0.9973544973544973
wo_spectral,49,12,,,0.14617204666137695,0.006564456242673769,0.9991181657848325
wo_spectral,49,13,,,0.15499258041381836,0.0025471973639278646,0.9982363315696648
wo_spectral,49,14,,,0.15113115310668945,0.0013641272569008352,0.9991181657848325
wo_spectral,49,15,,,0.15184926986694336,0.0010302606167571615,0.9982363315696648
wo_spectral,49,16,,,0.15141963958740234,0.0008265227479321667,0.9982363315696648
wo_spectral,49,17,,,0.15414094924926758,0.0006291785647262674,0.9982363315696648
wo_spectral,50,0,,,0.11390924453735352,1.1904464399868668,0.8915343915343915
wo_spectral,50,1,,,0.13925886154174805,0.22151372077693926,0.937389770723104
wo_spectral,50,2,,,0.1198892593383789,0.09602298314429014,0.9920634920634921
wo_spectral,50,3,,,0.1644611358642578,0.031218438150920114,0.9911816578483245
wo_spectral,50,4,,,0.1539020538330078,0.013544155172482752,0.9973544973544973
wo_spectral,50,5,,,0.1499948501586914,0.016015860420325805,0.9964726631393298
wo_spectral,50,6,,,0.15230607986450195,0.008603028916470138,0.9947089947089947
wo_spectral,50,7,,,0.14697885513305664,0.016234733193524278,0.9964726631393298
wo_spectral,50,8,,,0.15411043167114258,0.005331404773956299,0.9991181657848325
wo_spectral,50,9,,,0.1533980369567871,0.002637738660648423,0.9991181657848325
wo_spectral,50,10,,,0.1513500213623047,0.0027592461506919888,0.9982363315696648
wo_spectral,50,11,,,0.15984582901000977,0.0017585492129201803,0.9982363315696648
wo_spectral,50,12,,,0.16451072692871094,0.011659879874485916,0.9991181657848325
wo_spectral,50,13,,,0.18291187286376953,0.007916192574115386,0.9938271604938271
wo_spectral,50,14,,,0.1421656608581543,0.01650324004448145,0.9991181657848325
wo_spectral,50,15,,,0.17052268981933594,0.003211090456657759,0.9973544973544973
wo_spectral,50,16,,,0.1569509506225586,0.0014277221634764032,0.9991181657848325
wo_spectral,50,17,,,0.16543340682983398,0.0007284575175007879,0.9991181657848325
wo_spectral,50,18,,,0.16547298431396484,0.0004798751581356053,0.9991181657848325
wo_spectral,51,0,,,0.08292341232299805,1.2660271403966126,0.845679012345679
wo_spectral,51,1,,,0.11430168151855469,0.24843148444515237,0.9435626102292769
wo_spectral,51,2,,,0.13194513320922852,0.09552321832230032,0.9920634920634921
wo_spectral,51,3,,,0.13086986541748047,0.02879988034386033,0.9955908289241623
wo_spectral,51,4,,,0.1520700454711914,0.01835037451885072,0.9902998236331569
wo_spectral,51,5,,,0.13868236541748047,0.017068066596928548,0.9902998236331569
wo_spectral,51,6,,,0.14672231674194336,0.013290116472982113,0.9973544973544973
wo_spectral,51,7,,,0.15123653411865234,0.0050815633890231,0.9973544973544973
wo_spectral,51,8,,,0.14590120315551758,0.00817930281094683,0.9973544973544973
wo_spectral,51,9,,,0.14543390274047852,0.0045092536431462,0.9982363315696648
wo_spectral,51,10,,,0.15173673629760742,0.002239946739146949,0.9991181657848325
wo_spectral,51,11,,,0.15909624099731445,0.0013790608328983233,0.9991181657848325
wo_spectral,51,12,,,0.16347885131835938,0.000756433764175186,0.9991181657848325
wo_spectral,51,13,,,0.16850662231445312,0.0006125075829715855,0.9991181657848325
wo_spectral,51,14,,,0.1629338264465332,0.0005137731788797165,0.9991181657848325
wo_spectral,51,15,,,0.16171598434448242,0.0004586331116986614,0.9991181657848325
wo_spectral,51,16,,,0.16163110733032227,0.0003911343666964907,0.9991181657848325
wo_spectral,51,17,,,0.16379499435424805,0.0003517197380315805,0.9991181657848325
wo_spectral,51,18,,,0.16632080078125,0.00031227247715323673,0.9991181657848325
wo_spectral,51,19,,,0.1691598892211914,0.0002828605310539648,0.9991181657848325
wo_spectral,51,20,,,0.17270183563232422,0.00027107679037319515,0.9991181657848325
wo_temporal,42,0,,,0.0355677604675293,1.4047958587302642,0.8024691358024691
wo_temporal,42,1,,,0.027294635772705078,0.4252282125383998,0.8359788359788359
wo_temporal,42,2,,,0.028856754302978516,0.3160242134661541,0.8694885361552028
wo_temporal,42,3,,,0.03140974044799805,0.2500159708010096,0.8783068783068783
wo_temporal,42,4,,,0.03850698471069336,0.21877785466290386,0.8756613756613757
wo_temporal,42,5,,,0.02856588363647461,0.20213922411090754,0.8835978835978836
wo_temporal,42,6,,,0.03497123718261719,0.18485069309818142,0.8959435626102292
wo_temporal,42,7,,,0.023596763610839844,0.17390990012852603,0.8888888888888888
wo_temporal,42,8,,,0.03549957275390625,0.15897729663982232,0.8941798941798942
wo_temporal,42,9,,,0.031021595001220703,0.14955657157407776,0.8941798941798942
wo_temporal,42,10,,,0.032013893127441406,0.1343775260588119,0.8712522045855379
wo_temporal,42,11,,,0.03378915786743164,0.13894771348096527,0.8959435626102292
wo_temporal,42,12,,,0.029003143310546875,0.12895029157017185,0.8985890652557319
wo_temporal,42,13,,,0.048903465270996094,0.11234044289084057,0.8994708994708994
wo_temporal,42,14,,,0.04201173782348633,0.10167742290802283,0.8835978835978836
wo_temporal,42,15,,,0.034955501556396484,0.09821072519276057,0.8888888888888888
wo_temporal,42,16,,,0.036122798919677734,0.10504629507446865,0.8871252204585538
wo_temporal,42,17,,,0.04059791564941406,0.08483777718389025,0.9118165784832452
wo_temporal,42,18,,,0.03845643997192383,0.07692656742629911,0.9074074074074074
wo_temporal,42,19,,,0.0398097038269043,0.08524458602532597,0.9056437389770723
wo_temporal,42,20,,,0.03228044509887695,0.075234854003965,0.892416225749559
wo_temporal,42,21,,,0.053200721740722656,0.05822995781493025,0.8994708994708994
wo_temporal,42,22,,,0.04160594940185547,0.07331597594965251,0.5211640211640212
wo_temporal,42,23,,,0.04076051712036133,0.07882588592274163,0.9021164021164021
wo_temporal,42,24,,,0.0401158332824707,0.04890387285942844,0.8994708994708994
wo_temporal,42,25,,,0.041018009185791016,0.05962537258908502,0.91005291005291
wo_temporal,42,26,,,0.053415775299072266,0.04051406838377137,0.8959435626102292
wo_temporal,42,27,,,0.062099456787109375,0.03788910607947424,0.9021164021164021
wo_temporal,43,0,,,0.016914844512939453,1.3754446706083445,0.8306878306878307
wo_temporal,43,1,,,0.024703502655029297,0.37777441647678095,0.8562610229276896
wo_temporal,43,2,,,0.030362606048583984,0.29304093513313967,0.8827160493827161
wo_temporal,43,3,,,0.02518939971923828,0.24720616502376191,0.8968253968253969
wo_temporal,43,4,,,0.028560638427734375,0.20701933840820488,0.8835978835978836
wo_temporal,43,5,,,0.024826526641845703,0.20184470526170117,0.826278659611993
wo_temporal,43,6,,,0.028534412384033203,0.1922467173790265,0.8880070546737213
wo_temporal,43,7,,,0.023533344268798828,0.17282754429478764,0.8880070546737213
wo_temporal,43,8,,,0.025994300842285156,0.1571313724631355,0.8941798941798942
wo_temporal,43,9,,,0.017593860626220703,0.15921284644692033,0.8932980599647267
wo_temporal,43,10,,,0.024919509887695312,0.15961788069296315,0.8915343915343915
wo_temporal,43,11,,,0.02541637420654297,0.1544994863815949,0.900352733686067
wo_temporal,43,12,,,0.02182149887084961,0.12429504993055593,0.900352733686067
wo_temporal,43,13,,,0.021180152893066406,0.12020891717299312,0.8721340388007055
wo_temporal,43,14,,,0.03443145751953125,0.12277645454970797,0.8544973544973545
wo_temporal,43,15,,,0.03693199157714844,0.11044042685314821,0.8818342151675485
wo_temporal,43,16,,,0.03460359573364258,0.10678212897667629,0.8897707231040565
wo_temporal,43,17,,,0.028195858001708984,0.1121125840951526,0.892416225749559
wo_temporal,43,18,,,0.037146568298339844,0.0861134183785272,0.9038800705467372
wo_temporal,43,19,,,0.033542633056640625,0.07559535275787138,0.900352733686067
wo_temporal,43,20,,,0.034505367279052734,0.06270005004881732,0.9021164021164021
wo_temporal,43,21,,,0.05267047882080078,0.05858713524727234,0.8977072310405644
wo_temporal,43,22,,,0.026990413665771484,0.06496626352124023,0.8959435626102292
wo_temporal,43,23,,,0.04529380798339844,0.05984170160179596,0.8941798941798942
wo_temporal,43,24,,,0.046727657318115234,0.0682460589423066,0.8853615520282186
wo_temporal,43,25,,,0.03216695785522461,0.0512343632072796,0.8915343915343915
wo_temporal,43,26,,,0.04931354522705078,0.04674187462807873,0.900352733686067
wo_temporal,43,27,,,0.0460968017578125,0.03442046182822839,0.9021164021164021
wo_temporal,43,28,,,0.04109048843383789,0.03561982119988118,0.9047619047619048
wo_temporal,43,29,,,0.05778980255126953,0.01779896184768266,0.8950617283950617
wo_temporal,43,30,,,0.036055564880371094,0.024376909046497926,0.8932980599647267
wo_temporal,43,31,,,0.05625724792480469,0.02684531770034138,0.8959435626102292
wo_temporal,43,32,,,0.058691978454589844,0.020905314294236994,0.8871252204585538
wo_temporal,43,33,,,0.0450139045715332,0.01639244164947705,0.8888888888888888
wo_temporal,43,34,,,0.05159139633178711,0.02352199318254886,0.9065255731922398
wo_temporal,43,35,,,0.052440643310546875,0.03755928235000403,0.8641975308641975
wo_temporal,43,36,,,0.06083822250366211,0.05770248635330618,0.8888888888888888
wo_temporal,43,37,,,0.05795001983642578,0.03387623424173663,0.8994708994708994
wo_temporal,43,38,,,0.056195735931396484,0.012332112957439748,0.9109347442680776
wo_temporal,43,39,,,0.05997610092163086,0.005482777934009315,0.9091710758377425
wo_temporal,43,40,,,0.060156822204589844,0.002270655549720538,0.9065255731922398
wo_temporal,43,41,,,0.06304931640625,0.002066815491957211,0.9065255731922398
wo_temporal,43,42,,,0.06075572967529297,0.0017299486385082554,0.9047619047619048
wo_temporal,43,43,,,0.059680938720703125,0.0016697816638637107,0.9029982363315696
wo_temporal,43,44,,,0.06051158905029297,0.0010700828095022322,0.9047619047619048
wo_temporal,43,45,,,0.06392335891723633,0.0008810862604224561,0.9074074074074074
wo_temporal,43,46,,,0.07222414016723633,0.005316869359609874,0.9065255731922398
wo_temporal,43,47,,,0.07301664352416992,0.002752158850574344,0.8977072310405644
wo_temporal,43,48,,,0.07535219192504883,0.03062047466962336,0.9021164021164021
wo_temporal,44,0,,,0.021114349365234375,1.4001642743115703,0.8139329805996472
wo_temporal,44,1,,,0.034381866455078125,0.3932396818856263,0.8509700176366843
wo_temporal,44,2,,,0.027167320251464844,0.2885335676614209,0.8783068783068783
wo_temporal,44,3,,,0.025091171264648438,0.2532883387844579,0.8738977072310405
wo_temporal,44,4,,,0.023301124572753906,0.21881519461885512,0.8738977072310405
wo_temporal,44,5,,,0.026437759399414062,0.20080504106330943,0.8827160493827161
wo_temporal,44,6,,,0.03129243850708008,0.1918809575198369,0.8932980599647267
wo_temporal,44,7,,,0.03357267379760742,0.17952946037932588,0.8968253968253969
wo_temporal,44,8,,,0.02940988540649414,0.16526611936605975,0.892416225749559
wo_temporal,44,9,,,0.02429962158203125,0.1627253588860628,0.8765432098765432
wo_temporal,44,10,,,0.032862186431884766,0.16740614960838787,0.8853615520282186
wo_temporal,44,11,,,0.030102252960205078,0.14230723314139307,0.8968253968253969
wo_temporal,44,12,,,0.034392356872558594,0.13331016448755112,0.8932980599647267
wo_temporal,44,13,,,0.033046722412109375,0.13455862915375674,0.8985890652557319
wo_temporal,44,14,,,0.034438133239746094,0.11019848609231947,0.8994708994708994
wo_temporal,44,15,,,0.03972911834716797,0.10036463951037314,0.9074074074074074
wo_temporal,44,16,,,0.04751443862915039,0.09268097617210805,0.8968253968253969
wo_temporal,44,17,,,0.03448200225830078,0.11916280193754154,0.9012345679012346
wo_temporal,44,18,,,0.03708648681640625,0.10269964768502718,0.9012345679012346
wo_temporal,44,19,,,0.0463557243347168,0.09472351260793002,0.9074074074074074
wo_temporal,44,20,,,0.037999629974365234,0.07263685812440139,0.8994708994708994
wo_temporal,44,21,,,0.044562339782714844,0.06316926068459508,0.9012345679012346
wo_temporal,44,22,,,0.04913330078125,0.07179411931508252,0.890652557319224
wo_temporal,44,23,,,0.04148292541503906,0.06634833837717839,0.8994708994708994
wo_temporal,44,24,,,0.05528116226196289,0.05177395437152117,0.8932980599647267
wo_temporal,44,25,,,0.05312395095825195,0.18102030543918782,0.8818342151675485
wo_temporal,45,0,,,0.023348331451416016,1.393519707728045,0.7671957671957672
wo_temporal,45,1,,,0.018595218658447266,0.40507430613085976,0.8377425044091711
wo_temporal,45,2,,,0.018449783325195312,0.2984412563676106,0.8862433862433863
wo_temporal,45,3,,,0.01689767837524414,0.25514117260593766,0.873015873015873
wo_temporal,45,4,,,0.01662588119506836,0.22017286306786338,0.9038800705467372
wo_temporal,45,5,,,0.018949031829833984,0.2045465333842006,0.8818342151675485
wo_temporal,45,6,,,0.024213790893554688,0.1833384463891601,0.8968253968253969
wo_temporal,45,7,,,0.02945852279663086,0.17163639226738286,0.8800705467372134
wo_temporal,45,8,,,0.021493911743164062,0.1662109169379744,0.8985890652557319
wo_temporal,45,9,,,0.023570537567138672,0.15416972207374313,0.8994708994708994
wo_temporal,45,10,,,0.025726795196533203,0.14318871161339414,0.8756613756613757
wo_temporal,45,11,,,0.030773162841796875,0.14427929427348027,0.9047619047619048
wo_temporal,45,12,,,0.03190469741821289,0.12610278418815596,0.9047619047619048
wo_temporal,45,13,,,0.0349879264831543,0.1250615570009971,0.855379188712522
wo_temporal,45,14,,,0.03212308883666992,0.12293996322880346,0.8968253968253969
wo_temporal,45,15,,,0.032764434814453125,0.11252341736516354,0.8985890652557319
wo_temporal,45,16,,,0.03982067108154297,0.11720613061886165,0.900352733686067
wo_temporal,45,17,,,0.03490924835205078,0.08723105285781312,0.892416225749559
wo_temporal,45,18,,,0.031665802001953125,0.0855387274798172,0.9091710758377425
wo_temporal,45,19,,,0.04454517364501953,0.08641629246678077,0.9056437389770723
wo_temporal,45,20,,,0.034743309020996094,0.07984809847217748,0.9038800705467372
wo_temporal,45,21,,,0.03744792938232422,0.06162197126507849,0.9091710758377425
wo_temporal,45,22,,,0.043056488037109375,0.05687437619301557,0.8950617283950617
wo_temporal,45,23,,,0.044237613677978516,0.04836644099930967,0.8977072310405644
wo_temporal,45,24,,,0.04236745834350586,0.035789187568171586,0.8985890652557319
wo_temporal,45,25,,,0.05615711212158203,0.040393437838248024,0.8950617283950617
wo_temporal,45,26,,,0.04384183883666992,0.06548046011221471,0.9012345679012346
wo_temporal,45,27,,,0.04939603805541992,0.044926318373089025,0.8985890652557319
wo_temporal,45,28,,,0.0449824333190918,0.04490588455885446,0.9012345679012346
wo_temporal,46,0,,,0.02773761749267578,1.3562793969116873,0.7425044091710759
wo_temporal,46,1,,,0.029100894927978516,0.3952145710058133,0.8527336860670194
wo_temporal,46,2,,,0.025318145751953125,0.29764028856543456,0.8712522045855379
wo_temporal,46,3,,,0.042943477630615234,0.2475697215947795,0.8712522045855379
wo_temporal,46,4,,,0.028673648834228516,0.21964142586999288,0.8791887125220459
wo_temporal,46,5,,,0.03718280792236328,0.20461543580166608,0.8042328042328042
wo_temporal,46,6,,,0.03676652908325195,0.19278697068053308,0.8827160493827161
wo_temporal,46,7,,,0.03568696975708008,0.1776481598097541,0.8809523809523809
wo_temporal,46,8,,,0.03208780288696289,0.17258509873037345,0.8862433862433863
wo_temporal,46,9,,,0.0328984260559082,0.1529668254872118,0.8818342151675485
wo_temporal,46,10,,,0.03472614288330078,0.1584726135927173,0.8721340388007055
wo_temporal,46,11,,,0.026364803314208984,0.16330452597871117,0.8888888888888888
wo_temporal,46,12,,,0.044684410095214844,0.13924920477834687,0.8827160493827161
wo_temporal,46,13,,,0.04088926315307617,0.14612578496038464,0.8880070546737213
wo_temporal,46,14,,,0.037489891052246094,0.13038533263173144,0.8677248677248677
wo_temporal,46,15,,,0.037262916564941406,0.12539948848549923,0.8827160493827161
wo_temporal,46,16,,,0.037700653076171875,0.11473319238545943,0.8977072310405644
wo_temporal,46,17,,,0.029267311096191406,0.10040551871173957,0.8977072310405644
wo_temporal,46,18,,,0.05719566345214844,0.1195165728720768,0.8888888888888888
wo_temporal,46,19,,,0.05840921401977539,0.09842027509789168,0.8888888888888888
wo_temporal,46,20,,,0.04392862319946289,0.08049141279987017,0.890652557319224
wo_temporal,46,21,,,0.046624183654785156,0.07142016682450013,0.8950617283950617
wo_temporal,46,22,,,0.053994178771972656,0.06870493887503401,0.8888888888888888
wo_temporal,46,23,,,0.04356718063354492,0.06495988128941932,0.892416225749559
wo_temporal,46,24,,,0.050565242767333984,0.06841328221451398,0.86331569664903
wo_temporal,46,25,,,0.05837821960449219,0.08701983820689238,0.8932980599647267
wo_temporal,46,26,,,0.04142570495605469,0.06854257736008725,0.8915343915343915
wo_temporal,47,0,,,0.019203662872314453,1.3804291342121133,0.7901234567901234
wo_temporal,47,1,,,0.023512840270996094,0.39345973401203,0.8571428571428571
wo_temporal,47,2,,,0.021137714385986328,0.29020269382928054,0.8712522045855379
wo_temporal,47,3,,,0.02396392822265625,0.2533515237626575,0.8853615520282186
wo_temporal,47,4,,,0.02497577667236328,0.2174730145471707,0.8783068783068783
wo_temporal,47,5,,,0.024071216583251953,0.1992358752862126,0.8827160493827161
wo_temporal,47,6,,,0.020738601684570312,0.19611271983822096,0.8738977072310405
wo_temporal,47,7,,,0.016727447509765625,0.17773367214500227,0.8703703703703703
wo_temporal,47,8,,,0.02186107635498047,0.17715606821006838,0.8977072310405644
wo_temporal,47,9,,,0.022620677947998047,0.1664608388756228,0.8880070546737213
wo_temporal,47,10,,,0.027445316314697266,0.1549067150573341,0.8809523809523809
wo_temporal,47,11,,,0.044180870056152344,0.15255130209079404,0.890652557319224
wo_temporal,47,12,,,0.03596162796020508,0.14125582257050595,0.900352733686067
wo_temporal,47,13,,,0.035155296325683594,0.13265829448301686,0.8774250440917107
wo_temporal,47,14,,,0.024071693420410156,0.13292861061391736,0.8888888888888888
wo_temporal,47,15,,,0.029693603515625,0.11793156601178853,0.8994708994708994
wo_temporal,47,16,,,0.02562713623046875,0.10197554850839613,0.9038800705467372
wo_temporal,47,17,,,0.03342390060424805,0.08970992321194975,0.8977072310405644
wo_temporal,47,18,,,0.03377723693847656,0.11361508645843757,0.8712522045855379
wo_temporal,47,19,,,0.025739192962646484,0.10969980937891266,0.8941798941798942
wo_temporal,47,20,,,0.037003517150878906,0.08584588945182273,0.8765432098765432
wo_temporal,47,21,,,0.03198719024658203,0.08353948980592366,0.8977072310405644
wo_temporal,47,22,,,0.027472972869873047,0.069776216027688,0.9047619047619048
wo_temporal,47,23,,,0.030807971954345703,0.05217946400459031,0.9029982363315696
wo_temporal,47,24,,,0.04336977005004883,0.04868796213515221,0.8985890652557319
wo_temporal,47,25,,,0.04579877853393555,0.04551825576932793,0.8835978835978836
wo_temporal,47,26,,,0.03251934051513672,0.05890694501347282,0.890652557319224
wo_temporal,47,27,,,0.04501008987426758,0.062319202724497876,0.8897707231040565
wo_temporal,47,28,,,0.042256832122802734,0.05860089596279264,0.8932980599647267
wo_temporal,47,29,,,0.03660774230957031,0.03585912929516981,0.9047619047619048
wo_temporal,47,30,,,0.04311704635620117,0.028323949937647433,0.9153439153439153
wo_temporal,47,31,,,0.04179573059082031,0.032264380515690326,0.9029982363315696
wo_temporal,47,32,,,0.04828596115112305,0.018413408087089217,0.8985890652557319
wo_temporal,47,33,,,0.03950929641723633,0.018508844499251696,0.9047619047619048
wo_temporal,47,34,,,0.04823160171508789,0.03044225245105977,0.9047619047619048
wo_temporal,47,35,,,0.043383121490478516,0.043869447602256174,0.8880070546737213
wo_temporal,47,36,,,0.04774761199951172,0.03263882752888057,0.8765432098765432
wo_temporal,47,37,,,0.046889305114746094,0.028644384676907338,0.9021164021164021
wo_temporal,47,38,,,0.07799005508422852,0.02045682525981671,0.8783068783068783
wo_temporal,47,39,,,0.046231746673583984,0.045557843512086055,0.8941798941798942
wo_temporal,47,40,,,0.04766368865966797,0.014185992067826536,0.9029982363315696
wo_temporal,48,0,,,0.027655601501464844,1.366406934737078,0.7918871252204586
wo_temporal,48,1,,,0.03635597229003906,0.4070649410141118,0.8536155202821869
wo_temporal,48,2,,,0.03481292724609375,0.3076816328708998,0.873015873015873
wo_temporal,48,3,,,0.03996706008911133,0.259948479345326,0.8747795414462081
wo_temporal,48,4,,,0.021100997924804688,0.224432918366301,0.8835978835978836
wo_temporal,48,5,,,0.04061555862426758,0.21523534575827807,0.8827160493827161
wo_temporal,48,6,,,0.038290977478027344,0.19057924322395367,0.8977072310405644
wo_temporal,48,7,,,0.036226749420166016,0.17671317587453853,0.8994708994708994
wo_temporal,48,8,,,0.02748394012451172,0.1767576566854392,0.8932980599647267
wo_temporal,48,9,,,0.038763999938964844,0.16021852397999795,0.892416225749559
wo_temporal,48,10,,,0.02453756332397461,0.15102981348562133,0.8862433862433863
wo_temporal,48,11,,,0.030725955963134766,0.1521469416802162,0.8880070546737213
wo_temporal,48,12,,,0.042414188385009766,0.183565297297069,0.8941798941798942
wo_temporal,48,13,,,0.03577899932861328,0.13961229776894604,0.8932980599647267
wo_temporal,48,14,,,0.03832674026489258,0.1208466019703868,0.892416225749559
wo_temporal,48,15,,,0.03464555740356445,0.1030849169824309,0.9056437389770723
wo_temporal,48,16,,,0.044571876525878906,0.10515074782180497,0.8791887125220459
wo_temporal,48,17,,,0.04748249053955078,0.10002803207232208,0.8932980599647267
wo_temporal,48,18,,,0.04885673522949219,0.09129110781739178,0.8738977072310405
wo_temporal,48,19,,,0.03602313995361328,0.09335941381228754,0.8994708994708994
wo_temporal,48,20,,,0.03470802307128906,0.06811384456013966,0.8977072310405644
wo_temporal,48,21,,,0.05324840545654297,0.06207587755231,0.8994708994708994
wo_temporal,48,22,,,0.034789085388183594,0.1145732737092114,0.8641975308641975
wo_temporal,48,23,,,0.0498046875,0.1002259591491562,0.8977072310405644
wo_temporal,48,24,,,0.04152870178222656,0.0584600805808267,0.8959435626102292
wo_temporal,48,25,,,0.04871177673339844,0.04819234666285736,0.9029982363315696
wo_temporal,49,0,,,0.025682926177978516,1.3066961532141887,0.791005291005291
wo_temporal,49,1,,,0.0283355712890625,0.3871103267460633,0.8412698412698413
wo_temporal,49,2,,,0.031571388244628906,0.2982992069656346,0.873015873015873
wo_temporal,49,3,,,0.023795127868652344,0.2603343045134843,0.8871252204585538
wo_temporal,49,4,,,0.026293277740478516,0.2227565645833675,0.892416225749559
wo_temporal,49,5,,,0.040619850158691406,0.21213602301124723,0.8765432098765432
wo_temporal,49,6,,,0.032347679138183594,0.19218040927287222,0.8941798941798942
wo_temporal,49,7,,,0.03270673751831055,0.17942011422806406,0.8915343915343915
wo_temporal,49,8,,,0.038159847259521484,0.17484287169740134,0.8871252204585538
wo_temporal,49,9,,,0.030507564544677734,0.16584290466070717,0.8897707231040565
wo_temporal,49,10,,,0.03946065902709961,0.15508005577713274,0.8721340388007055
wo_temporal,49,11,,,0.038051605224609375,0.17057774444015658,0.8897707231040565
wo_temporal,49,12,,,0.04151344299316406,0.13955303385729873,0.9012345679012346
wo_temporal,49,13,,,0.045079708099365234,0.135838838675688,0.8941798941798942
wo_temporal,49,14,,,0.03521442413330078,0.12481522061724781,0.900352733686067
wo_temporal,49,15,,,0.04504060745239258,0.10838783559975801,0.9091710758377425
wo_temporal,49,16,,,0.03355550765991211,0.10729965302904537,0.9038800705467372
wo_temporal,49,17,,,0.030533790588378906,0.09538487059459123,0.9056437389770723
wo_temporal,49,18,,,0.03157806396484375,0.08156907524651681,0.9056437389770723
wo_temporal,49,19,,,0.045033931732177734,0.07784108135311421,0.8932980599647267
wo_temporal,49,20,,,0.045302391052246094,0.0811708347304518,0.8227513227513228
wo_temporal,49,21,,,0.05139923095703125,0.1260042926711921,0.8941798941798942
wo_temporal,49,22,,,0.04257059097290039,0.10081838025730483,0.8977072310405644
wo_temporal,49,23,,,0.053131103515625,0.06835471621896855,0.8959435626102292
wo_temporal,49,24,,,0.04445695877075195,0.05479163925416165,0.892416225749559
wo_temporal,49,25,,,0.05359792709350586,0.049517068260110694,0.8994708994708994
wo_temporal,50,0,,,0.015515804290771484,1.4149715364745235,0.7936507936507936
wo_temporal,50,1,,,0.024919986724853516,0.43143730337477415,0.8324514991181657
wo_temporal,50,2,,,0.018821239471435547,0.3022931410296794,0.8641975308641975
wo_temporal,50,3,,,0.03457450866699219,0.25049378310111287,0.8835978835978836
wo_temporal,50,4,,,0.020970821380615234,0.21927782225275436,0.8932980599647267
wo_temporal,50,5,,,0.022430419921875,0.20785543579363228,0.8774250440917107
wo_temporal,50,6,,,0.025831222534179688,0.19589039099910271,0.8853615520282186
wo_temporal,50,7,,,0.028044700622558594,0.18135768884704226,0.8765432098765432
wo_temporal,50,8,,,0.02489328384399414,0.17527571666312777,0.8977072310405644
wo_temporal,50,9,,,0.03188276290893555,0.15064731723462102,0.8977072310405644
wo_temporal,50,10,,,0.03025341033935547,0.15623068966067208,0.8827160493827161
wo_temporal,50,11,,,0.023734569549560547,0.15457533654712496,0.9091710758377425
wo_temporal,50,12,,,0.027360916137695312,0.15851213043599263,0.91005291005291
wo_temporal,50,13,,,0.02072620391845703,0.12690044859831115,0.9056437389770723
wo_temporal,50,14,,,0.023162364959716797,0.11738625544989911,0.9012345679012346
wo_temporal,50,15,,,0.03728342056274414,0.10017979632744893,0.900352733686067
wo_temporal,50,16,,,0.021880626678466797,0.09824820218758427,0.9012345679012346
wo_temporal,50,17,,,0.03092336654663086,0.08506096135867156,0.8968253968253969
wo_temporal,50,18,,,0.029177188873291016,0.08881241547187349,0.9012345679012346
wo_temporal,50,19,,,0.03783988952636719,0.07978542475135418,0.8862433862433863
wo_temporal,50,20,,,0.024734020233154297,0.07113361066926724,0.8985890652557319
wo_temporal,50,21,,,0.039700984954833984,0.0572161061952534,0.900352733686067
wo_temporal,50,22,,,0.03448486328125,0.05033162654780882,0.900352733686067
wo_temporal,51,0,,,0.022576332092285156,1.3677500361578083,0.7883597883597884
wo_temporal,51,1,,,0.03313779830932617,0.4064035558916814,0.8359788359788359
wo_temporal,51,2,,,0.037621498107910156,0.30265044100520655,0.8686067019400353
wo_temporal,51,3,,,0.034769535064697266,0.26880768702864555,0.8844797178130511
wo_temporal,51,4,,,0.03467702865600586,0.233375365873313,0.8738977072310405
wo_temporal,51,5,,,0.04071950912475586,0.21051158886107188,0.8950617283950617
wo_temporal,51,6,,,0.030408382415771484,0.1979047205983376,0.8783068783068783
wo_temporal,51,7,,,0.03290605545043945,0.1954441677246775,0.8959435626102292
wo_temporal,51,8,,,0.03782367706298828,0.17599577256791626,0.8818342151675485
wo_temporal,51,9,,,0.033423423767089844,0.16491732300904693,0.892416225749559
wo_temporal,51,10,,,0.03986501693725586,0.15882908072511265,0.8562610229276896
wo_temporal,51,11,,,0.03222036361694336,0.15035405091642884,0.890652557319224
wo_temporal,51,12,,,0.03794145584106445,0.14203322990230782,0.8888888888888888
wo_temporal,51,13,,,0.05024385452270508,0.13751585391305743,0.8853615520282186
wo_temporal,51,14,,,0.040268898010253906,0.13984691196220533,0.8677248677248677
wo_temporal,51,15,,,0.03371429443359375,0.1266013242400062,0.8968253968253969
wo_temporal,51,16,,,0.04027223587036133,0.11615832968814213,0.8985890652557319
wo_temporal,51,17,,,0.04488325119018555,0.09848468201636187,0.9021164021164021
wo_temporal,51,18,,,0.04236745834350586,0.09854964292463893,0.8959435626102292
wo_temporal,51,19,,,0.03603029251098633,0.08118779590397014,0.8915343915343915
wo_temporal,51,20,,,0.04025840759277344,0.06831752535347135,0.892416225749559
wo_temporal,51,21,,,0.04775571823120117,0.07374687374584259,0.8950617283950617
wo_temporal,51,22,,,0.036174774169921875,0.06159039606492986,0.890652557319224
wo_temporal,51,23,,,0.05103731155395508,0.055073834940909394,0.8809523809523809
wo_temporal,51,24,,,0.04265737533569336,0.060885348087648325,0.890652557319224
wo_temporal,51,25,,,0.05378103256225586,0.06933026097416427,0.8694885361552028
wo_temporal,51,26,,,0.06277608871459961,0.08556678831487195,0.8968253968253969
wo_temporal,51,27,,,0.04351997375488281,0.05726062238374084,0.8959435626102292
