config,seed,epoch,h_alpha,rho,s_tau,train_loss,val_acc
full,42,0,0.651605720163172,1.9428755465551297,0.13005781173706055,0.19061626816943988,0.9858098393448772
full,42,1,0.610487299433739,2.5800870450196536,0.16474390029907227,0.04118171044452639,0.984090767018816
full,42,2,0.6591692048825472,3.081254534666016,0.18444156646728516,0.026945604289842422,0.9944364568356567
full,42,3,0.5754904494309423,3.5555151028068397,0.2132720947265625,0.019144249884361697,0.9956085516034257
full,42,4,0.5730442725469753,3.709279045261681,0.23096847534179688,0.014539835032194274,0.9971557166968806
full,42,5,0.5794911183070833,3.9011973062122287,0.24745559692382812,0.012539174690306366,0.9976558104644621
full,42,6,0.5718156876521491,4.0330076624555335,0.2616691589355469,0.010353246937604824,0.9983590673251235
full,42,7,0.5081018891898482,3.9239022492853253,0.26915836334228516,0.008504860038114747,0.9989373007438895
full,42,8,0.5053507581833128,3.831483804995842,0.27353715896606445,0.008036794893528723,0.9983746952553604
full,42,9,0.4457220715383088,3.957932769596752,0.2888221740722656,0.0068268104261935076,0.9981715321622804
full,42,10,0.4888738900725401,4.420771397266346,0.2852902412414551,0.006556964017865917,0.9975151590923298
full,42,11,0.5017444083615775,4.608138606656398,0.28810930252075195,0.005526856053664566,0.9982340438832281
full,42,12,0.4180775623213543,4.616286273826103,0.313201904296875,0.005965550061874204,0.9951084578358442
full,42,13,0.41947352371701385,4.316758490339726,0.3088512420654297,0.004197571696327134,0.999234231418391
full,42,14,0.36007402594125415,4.443983978711027,0.31864118576049805,0.004618963783640209,0.9988279052322311
full,42,15,0.3019877344421835,4.320492560400714,0.32265138626098633,0.004054034381898054,0.9915765456023005
full,42,16,0.4098445793898494,4.491824401120955,0.318819522857666,0.004405559104449696,0.998843533162468
full,42,17,0.43513843291822374,4.634706766393171,0.31554174423217773,0.003825847739370734,0.9991560917672063
full,42,18,0.39337005382947143,3.990391578304266,0.3217020034790039,0.003912761721776952,0.9982340438832281
full,42,19,0.4081551140223396,3.9059607879400895,0.32943105697631836,0.0032747125201649436,0.9965462274176408
full,42,20,0.3381616168405397,3.7967491832668085,0.3351616859436035,0.003249430888877824,0.998249671813465
full,42,21,0.3875490977758967,4.2944401180451806,0.3322134017944336,0.0024226261801290473,0.9991717196974432
full,42,22,0.35356903006615636,3.7646412305142647,0.3341226577758789,0.003585998290117042,0.9992967431393386
full,42,23,0.33755693660727426,4.180341603565578,0.33728647232055664,0.003093606371432646,0.9995624179533663
full,42,24,0.30405205215758413,4.412697619611301,0.3445281982421875,0.002738843882354893,0.9989998124648372
full,42,25,0.30297057884104805,4.309608358319925,0.3490176200866699,0.003004814737930193,0.9977026942551729
full,42,26,0.26573300800631233,4.100866948783778,0.345761775970459,0.0026757883805290784,0.999437394511471
full,42,27,0.3351985867283883,4.114067247022184,0.3476524353027344,0.0029193193893066864,0.999609301744077
full,42,28,0.28284125581521447,4.233796547473427,0.34806108474731445,0.00283105150076372,0.9987653935112834
full,42,29,0.27891695965310204,4.006095056816405,0.3564414978027344,0.0021955908726386214,0.9978433456273051
full,42,30,0.3049381262171357,3.9323247369446475,0.3507828712463379,0.0024979707486257638,0.9989841845346003
full,42,31,0.297743494909674,3.8019732628424334,0.35630369186401367,0.002282412391483301,0.9996249296743139
full,42,32,0.27288853496996723,4.343377065632688,0.35026979446411133,0.0020868889423773505,0.9993279989998125
full,42,33,0.33169749092985257,3.8572695524401475,0.34694528579711914,0.0024658201594917346,0.998452834906545
full,42,34,0.2549300402952127,3.8524268346119013,0.34894847869873047,0.001961072630690137,0.999609301744077
full,42,35,0.27392113221313985,4.10410337651709,0.3555912971496582,0.0024217559144009493,0.9989685566043633
full,42,36,0.27964874614209667,3.969305129636692,0.35147762298583984,0.0017176183120065937,0.9992498593486279
full,42,37,0.3561268080143457,3.944253253863396,0.35167551040649414,0.00255188635646395,0.9991404638369694
full,42,38,0.3772397088138598,3.7943658289822317,0.34984397888183594,0.0021714392104715706,0.9993905107207601
full,42,39,0.34787597887043786,3.836444412018263,0.36053895950317383,0.0014706758388364357,0.9995624179533663
full,42,40,0.3058145857607146,3.96115820637573,0.35895586013793945,0.0018686063401140978,0.9993748827905232
full,42,41,0.3455860687685615,3.8529297523090476,0.35714054107666016,0.0020577888851957935,0.9995467900231293
full,43,0,0.6544372575842363,1.9560965974008233,0.10537481307983398,0.17881782986415914,0.9842314183909483
full,43,1,0.6486183759537686,3.1302799772402783,0.1349625587463379,0.04618373847701824,0.9735887978996062
full,43,2,0.6611464817654901,3.595623358370598,0.18161392211914062,0.029163031111073188,0.9900918922297931
full,43,3,0.6544428306001493,3.5580688007063226,0.19893789291381836,0.02219393915095007,0.9970150653247484
full,43,4,0.6534830376100758,4.106553426040386,0.21358442306518555,0.016892710248551136,0.99629618053385
full,43,5,0.6718249878775955,4.077103292607812,0.22849225997924805,0.014745065108987746,0.9967806463711946
full,43,6,0.6144187814746733,4.462174673950173,0.24578380584716797,0.01167168770782549,0.9956241795336626
full,43,7,0.6450217693905462,4.232855833693689,0.24379730224609375,0.011144207643938196,0.9976558104644621
full,43,8,0.6486595353538004,4.002414117609784,0.251924991607666,0.008823622307494082,0.9982652997437019
full,43,9,0.6029141018499198,3.8563981597183212,0.2562737464904785,0.0077094378642137045,0.9985309745577295
full,43,10,0.656051585362997,4.0051963391154475,0.25830936431884766,0.008154107410013883,0.9985153466274926
full,43,11,0.6377127702338348,3.890245856615937,0.258425235748291,0.006725606977153367,0.9979214852784897
full,43,12,0.5999803179790111,4.392100569238568,0.27687501907348633,0.006544185281022297,0.9966712508595361
full,43,13,0.597123926487088,4.005553393492544,0.28067684173583984,0.005664953550787588,0.9977339501156467
full,43,14,0.5867724109234805,4.209529931810686,0.28098583221435547,0.005379114937584728,0.9982027880227543
full,43,15,0.6137714668591625,4.073214644668545,0.28351497650146484,0.004681424336004467,0.9983590673251235
full,43,16,0.5246792264052426,4.557297447698133,0.2938065528869629,0.004720759511851354,0.9991717196974432
full,43,17,0.5206758951479468,4.732594663893022,0.3021211624145508,0.004309277068664944,0.9989373007438895
full,43,18,0.598186749908698,4.256549721752954,0.28810644149780273,0.004540899968196622,0.9988904169531787
full,43,19,0.5471615277841195,4.334194316662666,0.2958827018737793,0.004202143121966285,0.9986559979996249
full,43,20,0.522826878358981,4.55499870646602,0.2915072441101074,0.003676110581702367,0.997671438394699
full,43,21,0.5104823062783312,4.161149929030973,0.2933659553527832,0.0037665820297973834,0.9987653935112834
full,43,22,0.5554332484909548,3.8776262960610253,0.3032255172729492,0.0037287156041232302,0.99649934362693
full,43,23,0.5342470064549588,3.8480345049855402,0.3069477081298828,0.0035470362771160362,0.9987341376508095
full,43,24,0.4724069809499901,4.347220665462391,0.30906057357788086,0.0034938167925983215,0.9978902294180159
full,43,25,0.5218566444912169,3.814866437888868,0.3147416114807129,0.003334588061151409,0.999609301744077
full,43,26,0.5303604911435966,3.9142856709878653,0.32072019577026367,0.002999909378678434,0.9977339501156467
full,43,27,0.534769156556935,3.575671590862144,0.31281137466430664,0.0034689912813615745,0.999609301744077
full,43,28,0.499592669247492,3.644146064561777,0.31589269638061523,0.002558084603952762,0.9993436269300494
full,43,29,0.5294278954318882,3.9877331894561916,0.3162975311279297,0.0026836786036136067,0.9994842783021817
full,43,30,0.5550357988371788,3.9868886670469466,0.3220787048339844,0.0024694444416069063,0.999031068325311
full,43,31,0.45618265939910324,4.04724586740662,0.3315272331237793,0.002937008961254774,0.9987810214415203
full,43,32,0.45143667151799993,3.8374074588821565,0.3326840400695801,0.002933385987058322,0.999437394511471
full,43,33,0.4380149704574575,4.001197987467658,0.33106136322021484,0.0025333246313609488,0.9995155341626555
full,43,34,0.43416494193178007,3.718912414169116,0.33640432357788086,0.002073745188523472,0.9992654872788648
full,43,35,0.5589372038778786,4.013809226506705,0.3199467658996582,0.002599675379791298,0.9990935800462587
full,44,0,0.7479521516781447,1.694624697950036,0.1133427619934082,0.1749173328706041,0.9838719759954991
full,44,1,0.7182111500992847,2.7806164399140862,0.16368961334228516,0.04130224949763902,0.9924673376258049
full,44,2,0.7592106563656229,3.268578200235244,0.1813368797302246,0.02526664337860809,0.9889666812527349
full,44,3,0.7321887057363539,3.5063699203257195,0.20685529708862305,0.019677680355698675,0.9973901356504344
full,44,4,0.6932758233292616,3.595784993587905,0.2323603630065918,0.014953002195634259,0.9973745077201975
full,44,5,0.7110662967949258,3.805825973398753,0.2548065185546875,0.011326572187575688,0.9980308807901481
full,44,6,0.6376858075623175,3.9051456389423436,0.2680935859680176,0.010015664486441537,0.998046508720385
full,44,7,0.6423634302643519,4.0154164309491005,0.2774524688720703,0.008511686716654534,0.9950928299056073
full,44,8,0.6814166819460243,3.9641833826602157,0.2641911506652832,0.007806457686627276,0.9972651122085391
full,44,9,0.6270649991380217,3.9252237023081906,0.2865314483642578,0.007207468274316573,0.9990466962555479
full,44,10,0.5671264696874941,4.158928725883851,0.2932758331298828,0.005844582149188854,0.9987028817903357
full,44,11,0.6560331522682776,3.8495241349399767,0.2891502380371094,0.005370548480898154,0.9994686503719448
full,44,12,0.6154060663439941,3.6819109959844627,0.29460668563842773,0.006271398326508999,0.9983434393948866
full,44,13,0.5811561435405941,3.6668601105830954,0.30604124069213867,0.004751745208928564,0.9989841845346003
full,44,14,0.6496591996162777,3.6128016699703567,0.294008731842041,0.004348354223837474,0.9966868787897731
full,44,15,0.5679554760994338,3.557816117487545,0.313018798828125,0.0048105957971808335,0.9964055760455085
full,44,16,0.6205978776181773,3.3369927620600977,0.303194522857666,0.004548700635932914,0.9991560917672063
full,44,17,0.6171686148188074,3.5119540976104187,0.3051776885986328,0.004069294391836587,0.9984997186972557
full,44,18,0.5563374907505712,3.465582983319212,0.3167128562927246,0.00336881518839525,0.999031068325311
full,44,19,0.5610900376079277,3.592747301885151,0.3175935745239258,0.004104409066646604,0.9966399949990623
full,44,20,0.6124997160049045,3.316373452315,0.3082127571105957,0.0038106022903581344,0.9991248359067325
full,44,21,0.5632756839918707,3.248221116719111,0.31261777877807617,0.003168864280339904,0.9990154403950741
full,45,0,0.6865509529219638,1.6510406367921473,0.11310148239135742,0.18615826662588486,0.9847471400887666
full,45,1,0.749637630768802,2.325078939037208,0.1466836929321289,0.04597302322908549,0.9903575670438207
full,45,2,0.7125168562484626,2.6823831449877042,0.18259382247924805,0.02816384241226448,0.9930924548352816
full,45,3,0.7033543963185223,2.851691945570045,0.1982712745666504,0.021892370687217232,0.9960305057198224
full,45,4,0.7242316441129024,3.0242217025537297,0.21155881881713867,0.016880876437813847,0.9979214852784897
full,45,5,0.6503933571357122,3.1483805302936827,0.23352766036987305,0.013395612383642938,0.9967337625804839
full,45,6,0.7067598305674017,3.1158682767080195,0.24780941009521484,0.01072291272046252,0.9975464149528036
full,45,7,0.6986105637114972,2.9673065833013084,0.2528553009033203,0.010583211901480906,0.9988904169531787
full,45,8,0.6626825187159497,3.1841739692890543,0.2630276679992676,0.00802280048655857,0.9982652997437019
full,45,9,0.6431553287317713,3.1700408714397486,0.2710127830505371,0.008997551863101144,0.9986091142089142
full,45,10,0.5962863416480929,3.2859700032678547,0.28044843673706055,0.00718584083459579,0.996124273301244
full,45,11,0.6453722986655203,3.178145392292313,0.2804374694824219,0.006771250990483838,0.9988747890229418
full,45,12,0.6157663317154513,3.294684521930136,0.2982597351074219,0.006218885494447154,0.9981402763018066
full,45,13,0.6249451018031664,3.295930581051172,0.2968006134033203,0.0054723061273050455,0.9958585984872164
full,45,14,0.563155902092212,3.189343330305491,0.3003425598144531,0.005471606503554983,0.9982965556041757
full,45,15,0.5985442713937236,3.1344332868282647,0.2979159355163574,0.005401077884946085,0.9978902294180159
full,45,16,0.4951392302793022,3.1759654121059206,0.3162870407104492,0.0046380201361055804,0.9987966493717572
full,45,17,0.5986784607110772,3.2537907439703626,0.3130507469177246,0.004530136473961217,0.9986872538600988
full,46,0,0.6807342299160042,3.081192809844327,0.12102890014648438,0.18069578968992284,0.9904357066950054
full,46,1,0.7003405057463097,4.6661850190498475,0.17702531814575195,0.041216497007698596,0.9910295680440082
full,46,2,0.6944136999436094,5.2537292186267806,0.19392728805541992,0.023134261761436358,0.9954835281615303
full,46,3,0.6762217560931179,5.219129442674674,0.21793794631958008,0.01888979503554493,0.9953272488591611
full,46,4,0.6512879942724521,5.643596271143979,0.23045873641967773,0.014408508613576279,0.9921078952303557
full,46,5,0.6305608484842645,5.705784892443736,0.25034523010253906,0.011815693319513586,0.9982809276739388
full,46,6,0.6418614222763082,5.888001208140521,0.2614889144897461,0.009570595128518024,0.9982027880227543
full,46,7,0.5510073233261596,5.978123648955472,0.28490543365478516,0.009089950161401265,0.9984215790460711
full,46,8,0.594597578486302,6.057613354903786,0.28489160537719727,0.007930617847761359,0.9982652997437019
full,46,9,0.5706598591308374,6.0506069580897055,0.28726959228515625,0.007007847070814008,0.9987497655810464
full,46,10,0.6200296201041244,6.083086875538367,0.29433298110961914,0.00626904136559342,0.99649934362693
full,46,11,0.6209186025233626,6.6049192839269475,0.2977733612060547,0.0058621246392720995,0.9986091142089142
full,46,12,0.44746786918279136,6.015029071590111,0.32741546630859375,0.005463244914686305,0.9979839969994374
full,46,13,0.47165303239025413,6.178726286405898,0.3260784149169922,0.004840397383888555,0.997671438394699
full,46,14,0.4129584469219802,6.310914151115993,0.33176612854003906,0.004347438873216576,0.9929986872538601
full,46,15,0.42193688691071357,5.494197679016233,0.3209114074707031,0.004628563041712262,0.9972963680690129
full,46,16,0.4699409804114438,5.815677060573909,0.32312917709350586,0.0048940089135456845,0.99629618053385
full,46,17,0.4400851972519535,6.441556085759438,0.325439453125,0.003926788696944481,0.997671438394699
full,46,18,0.4840508836310784,6.3065148780459825,0.3373246192932129,0.003554045291681348,0.9990466962555479
full,46,19,0.5288287525508691,6.305740131778796,0.3266587257385254,0.003947302193003138,0.9994999062324186
full,46,20,0.40982541856102944,5.824271492255862,0.33966732025146484,0.0038057708778511516,0.9984840907670188
full,46,21,0.4466175540099596,6.045217109450257,0.3339505195617676,0.0026824429596121893,0.998046508720385
full,46,22,0.4232532370477054,5.734932831618155,0.34482765197753906,0.003738697166420146,0.9983121835344128
full,46,23,0.543144317313311,5.4815635483573075,0.33565425872802734,0.0030558339086572046,0.9976245546039882
full,46,24,0.49667871228353594,5.525490455358626,0.3389420509338379,0.0037854146668902236,0.9989529286741264
full,46,25,0.47438973323905265,5.965132992429727,0.3399620056152344,0.002593566380190508,0.9990779521160218
full,46,26,0.5208224548236771,5.645706546360854,0.3379702568054199,0.0028792949710825405,0.9991404638369694
full,46,27,0.5305453293086433,5.986739701015923,0.335390567779541,0.002647010064669088,0.9995780458836032
full,46,28,0.5051236703227089,6.111132903271896,0.33704137802124023,0.003018235163756461,0.9990154403950741
full,46,29,0.46363293864984895,5.602478327381324,0.33991050720214844,0.0023391950661805993,0.9985622304182035
full,46,30,0.4394884305019965,6.101888157739318,0.35172510147094727,0.0024664261985404942,0.999234231418391
full,46,31,0.4316322509532814,6.346799773729832,0.3515801429748535,0.001982434302060835,0.9983590673251235
full,46,32,0.40219986937331303,5.920306502082147,0.3498415946960449,0.002480742029368592,0.9995467900231293
full,46,33,0.38013107242441,5.410476496326466,0.3543825149536133,0.00221607659253292,0.9985622304182035
full,46,34,0.38484964588345083,5.3159031208042435,0.3486771583557129,0.0020687909108938027,0.9984997186972557
full,46,35,0.4267796070193649,5.9596029135622235,0.3477005958557129,0.002210360747993585,0.9989998124648372
full,46,36,0.3965748644892082,5.112661602374717,0.35741472244262695,0.0025776088061151255,0.999437394511471
full,46,37,0.3166401718332538,5.149368051882282,0.3518996238708496,0.0022760244827349117,0.998843533162468
full,47,0,0.7318570483868845,2.4142771905133262,0.10562801361083984,0.18677581212628333,0.9728855410389448
full,47,1,0.6704305297349151,3.1260830760642935,0.1452007293701172,0.047942241577525434,0.9882009126711259
full,47,2,0.7049814823810531,3.3754041219194306,0.16742229461669922,0.027835765889210263,0.9948115271613428
full,47,3,0.6896494872455594,4.022785321189833,0.1792912483215332,0.021573139342750305,0.9970775770456961
full,47,4,0.6996097057548052,4.13577282371224,0.19873714447021484,0.0158078278529215,0.994373945114709
full,47,5,0.6841469938081766,4.049777591324107,0.20413780212402344,0.012643203285638817,0.9761830343189348
full,47,6,0.6150217027060401,4.081303962786324,0.2320265769958496,0.010937432364919902,0.9959679939988748
full,47,7,0.5920859070947359,4.069128015086769,0.24294519424438477,0.010123916724538032,0.9984215790460711
full,47,8,0.7332720203596479,3.9094726363722265,0.22995471954345703,0.008460026352093603,0.995733575045321
full,47,9,0.5635523584159379,4.190257569981007,0.25875329971313477,0.00684655958485175,0.9987341376508095
full,47,10,0.6274321490181163,4.048839558911992,0.2557969093322754,0.007337259329044011,0.9977183221854098
full,47,11,0.6265258942391879,4.103619882956409,0.2675485610961914,0.006791336066091998,0.9988279052322311
full,47,12,0.7018102438194542,3.832234228280215,0.2609696388244629,0.005939519817401025,0.9992029755579172
full,47,13,0.6193000897533564,4.029335031636217,0.271881103515625,0.005383665987541317,0.9991248359067325
full,47,14,0.6135491172844828,4.29643524408348,0.2824249267578125,0.0054206268618169715,0.9981090204413328
full,47,15,0.5859378468101049,4.052188267285621,0.28421974182128906,0.004943889011972159,0.9993279989998125
full,47,16,0.6582803789373052,3.9334423496215445,0.28081321716308594,0.004044601725163044,0.9977652059761205
full,47,17,0.5916642738961118,3.553437599817342,0.2937150001525879,0.00474830335691401,0.9983590673251235
full,47,18,0.5181875801797473,3.8404265167872382,0.3066377639770508,0.004684926972836332,0.9985778583484404
full,47,19,0.47833098631443577,3.7494475890390624,0.3098006248474121,0.003397318133073317,0.9984684628367819
full,47,20,0.4761876599908377,4.025294096387422,0.31376123428344727,0.003968271538698077,0.9936394323935738
full,47,21,0.4597744751147714,3.84355139502919,0.31079959869384766,0.003782978704033955,0.9991404638369694
full,47,22,0.537507145384245,3.9418820042060916,0.31016016006469727,0.0031109731755063017,0.9989998124648372
full,47,23,0.6693122964856737,4.007095849744531,0.30022335052490234,0.002948774275734144,0.9990935800462587
full,47,24,0.5589390244766569,4.003285310114015,0.31151294708251953,0.0032581711549557637,0.9988122773019942
full,47,25,0.5639453014482785,4.302443746488111,0.3105196952819824,0.003306814399383448,0.9988747890229418
full,48,0,0.6767058358411842,1.796511347919202,0.11383581161499023,0.17677617731989098,0.9851222104144527
full,48,1,0.7101591663468031,3.0681326699101334,0.14244747161865234,0.04438058227532079,0.988185284740889
full,48,2,0.6353160608122215,3.7733699627962216,0.18628692626953125,0.028769544992610863,0.9919359879977496
full,48,3,0.7022490101939265,3.8611217867034076,0.19859075546264648,0.018817397864126652,0.9912796149277989
full,48,4,0.60941372196828,4.424952289110041,0.22762489318847656,0.01675566141569097,0.9968431580921423
full,48,5,0.554117829370097,4.483796721170989,0.24322223663330078,0.01303214831930581,0.9947490154403951
full,48,6,0.5765118755210155,4.6354986529927205,0.2537260055541992,0.011109917950197334,0.9968431580921423
full,48,7,0.664272125183706,5.0650647145978756,0.2585487365722656,0.009858349475257504,0.9986559979996249
full,48,8,0.5303693106767741,5.097778714429454,0.2697029113769531,0.00786062301415933,0.9976558104644621
full,48,9,0.5814948460856797,4.947369055223662,0.2720632553100586,0.007479658100685024,0.9990779521160218
full,48,10,0.56138814130134,5.025695473065608,0.2824559211730957,0.0072608041329339295,0.9987341376508095
full,48,11,0.6195847729535819,5.181281907327771,0.27561140060424805,0.005586986822086966,0.9994842783021817
full,48,12,0.5437368740330525,5.16223734308448,0.30003881454467773,0.006876819611227035,0.9986247421391511
full,48,13,0.5826274389606153,4.6158172239223445,0.3088498115539551,0.005603911051582462,0.9974213915109083
full,48,14,0.4748251321912664,4.3110739213204665,0.3123164176940918,0.005334915325272798,0.9932487341376508
full,48,15,0.506998450349704,4.9037726529331955,0.31470775604248047,0.004623844545066119,0.9991404638369694
full,48,16,0.5533662526722538,5.010654153931728,0.31573057174682617,0.004217159719001624,0.9984215790460711
full,48,17,0.45334022060568746,4.509748318834459,0.3203725814819336,0.004257002000845135,0.9988747890229418
full,48,18,0.46426277723701903,5.1112164946005185,0.3222322463989258,0.004038818023967077,0.9988904169531787
full,48,19,0.41915278457890415,5.194233068865466,0.32899904251098633,0.004476512168627623,0.9984059511158342
full,48,20,0.4360907596701813,5.221831527472854,0.33380842208862305,0.003731313851735253,0.9992029755579172
full,48,21,0.41252063400679545,4.9790172385209255,0.33505964279174805,0.0031537569360890966,0.9973588797899606
full,49,0,0.6680021410386956,2.1004597567733008,0.09937191009521484,0.18105416870939792,0.9882165406013628
full,49,1,0.6973453833470645,3.4391461420145677,0.13322162628173828,0.03752535894412557,0.984090767018816
full,49,2,0.648706854724012,3.9627177850113213,0.1641826629638672,0.023531738228201066,0.991857848346565
full,49,3,0.6561290546421907,4.455444209913773,0.1785130500793457,0.018817404838422543,0.9979839969994374
full,49,4,0.6918592714931409,4.548858018984788,0.19849681854248047,0.013976226888002454,0.9985778583484404
full,49,5,0.6419156472973507,4.900415370050242,0.22410154342651367,0.012121556094893907,0.9979371132087267
full,49,6,0.6527026271989,4.952740213183935,0.24106597900390625,0.010152470662542325,0.9972182284178284
full,49,7,0.6707058590331559,5.149228044558808,0.2482318878173828,0.00870698490222858,0.9988591610927049
full,49,8,0.6193129384402116,5.0387767646689126,0.2503848075866699,0.0076587151489089745,0.9955616678127149
full,49,9,0.5412690495094234,5.004767226108237,0.2666473388671875,0.006936285805672426,0.9987810214415203
full,49,10,0.6050043335263567,5.367198124036079,0.26061010360717773,0.00694101908019917,0.9979683690692005
full,49,11,0.5185023347669335,4.914569287390093,0.27629566192626953,0.005577146733457418,0.9974370194411453
full,49,12,0.6198261843643016,4.591021025710356,0.2676057815551758,0.005836135012504852,0.9991873476276802
full,49,13,0.5231276850509419,4.700151143683096,0.28844785690307617,0.004369069770820534,0.9988591610927049
full,49,14,0.5595002830760367,4.5929937839076045,0.2839832305908203,0.004494480180844192,0.998640370069388
full,49,15,0.5654622896507193,4.906411263892033,0.29387474060058594,0.004591911876260237,0.9987185097205726
full,49,16,0.538081089445446,5.268343822606914,0.2986154556274414,0.004005905585454094,0.9988747890229418
full,49,17,0.5990421335606755,4.9512846667106265,0.2915220260620117,0.003840032522722549,0.9987497655810464
full,49,18,0.47187959857451567,4.839332449009793,0.30266618728637695,0.00307730533303268,0.9989060448834156
full,49,19,0.5706684785204175,5.053645834761578,0.30332326889038086,0.0037721195627520906,0.9978277176970682
full,49,20,0.5862607829124227,4.948199630567609,0.30188417434692383,0.0036122143652384292,0.9988747890229418
full,49,21,0.47717836645538625,4.455750286368927,0.3183279037475586,0.0032552469182545157,0.9995467900231293
full,49,22,0.5410966666364414,4.205642666412817,0.3159193992614746,0.0033852999075495035,0.9991873476276802
full,49,23,0.5751447937437588,4.234606771244476,0.3119845390319824,0.002727111330994806,0.999234231418391
full,49,24,0.5678492960034793,3.813096664323998,0.3183755874633789,0.002813356015862244,0.9993592548602863
full,49,25,0.5376662866228598,4.199287838959663,0.3256702423095703,0.0025247130107330274,0.9990154403950741
full,49,26,0.4457297667091862,3.903862535019742,0.3325924873352051,0.002660722407672237,0.9995155341626555
full,49,27,0.4105026415156443,4.234609561755846,0.339599609375,0.00274479963569269,0.9989841845346003
full,49,28,0.4608088121065259,4.425848986682078,0.34226560592651367,0.002461793091202728,0.9991092079764956
full,49,29,0.5002937612684454,4.535608914594055,0.33617401123046875,0.0022017055055354325,0.9988904169531787
full,49,30,0.5511452507677019,4.276683172019348,0.3323097229003906,0.0027870973448355335,0.9992811152091017
full,49,31,0.44367302166923817,4.392027528505798,0.337221622467041,0.0024956881849851615,0.9986091142089142
full,50,0,0.6194789697933976,2.239203353380471,0.09167957305908203,0.17867563769703593,0.9878258423454398
full,50,1,0.661874644512204,3.45256384552478,0.12127542495727539,0.04467427338833029,0.9919984997186972
full,50,2,0.5917458069668895,3.6802142115312155,0.1722273826599121,0.026568201197553105,0.9814340188785398
full,50,3,0.5825898740921104,3.9935941122255048,0.1917877197265625,0.020477420433855004,0.9953116209289242
full,50,4,0.589640806368891,4.183136151264975,0.2008495330810547,0.01496523218713592,0.996890041882853
full,50,5,0.5963058142527272,4.416560273506501,0.21733570098876953,0.0131655016644957,0.997671438394699
full,50,6,0.6184172374774074,4.539173261750233,0.22731494903564453,0.01051312454408305,0.9966087391385885
full,50,7,0.5876659270204799,4.617938110963354,0.24237966537475586,0.008959077979272513,0.9936081765331
full,50,8,0.5863378067696209,4.309539636886861,0.2492389678955078,0.008504277671728417,0.9977026942551729
full,50,9,0.5862455921887688,4.21950956636789,0.2518653869628906,0.007612230567388604,0.9988122773019942
full,50,10,0.48338662236075036,4.299987177560126,0.26830577850341797,0.00705772768760872,0.9976245546039882
full,50,11,0.551692397346885,4.460593343196218,0.26741456985473633,0.005878419934780279,0.9955772957429518
full,50,12,0.557373694380451,4.480171508595293,0.2741847038269043,0.005912829298085033,0.9992029755579172
full,50,13,0.5056193965030004,4.391538475724588,0.2849769592285156,0.005030896673758234,0.9988904169531787
full,50,14,0.5254488687634447,4.59163774541343,0.2810492515563965,0.004874827108557475,0.9984684628367819
full,50,15,0.4880700433014077,4.291711082783338,0.2912263870239258,0.004813778213613595,0.9981246483715697
full,50,16,0.44047020332658304,4.283999396725931,0.29936981201171875,0.004663097069899599,0.9995311620928924
full,50,17,0.5159492655543796,4.567486769866339,0.2974553108215332,0.0039059504792510183,0.9990466962555479
full,50,18,0.490737210568054,4.40463387030447,0.29784107208251953,0.0036509276838817832,0.9994530224417079
full,50,19,0.47960176183301706,4.4575862351632995,0.30269527435302734,0.003573953520612272,0.9991717196974432
full,50,20,0.3902414115780116,4.569472759279703,0.30815553665161133,0.003508320146415442,0.9993592548602863
full,50,21,0.4025626010638102,4.703740406848827,0.3117508888244629,0.003572824025019068,0.9989373007438895
full,50,22,0.4459216666778912,4.760956887841939,0.31021642684936523,0.0029108042092572716,0.9995936738138401
full,50,23,0.5237742589522902,4.29762688957356,0.3058619499206543,0.0032641380628926136,0.9989841845346003
full,50,24,0.45402404346478864,4.014624127888064,0.31835174560546875,0.002971707485904285,0.9986247421391511
full,50,25,0.39127030469678653,4.223185806263406,0.324582576751709,0.0031917718405387653,0.9994217665812339
full,50,26,0.4581360156009666,4.414077723256999,0.31694602966308594,0.0024938788090006618,0.9984997186972557
full,50,27,0.4168340652292446,4.2904731620082925,0.3208498954772949,0.0028717607495026176,0.9981559042320435
full,50,28,0.4614614133378274,3.739129601724562,0.3313570022583008,0.0027104419255243894,0.9997812089766831
full,50,29,0.3591968372652421,3.9461974722952595,0.33066892623901367,0.0020704040142910758,0.9995624179533663
full,50,30,0.33357762600276586,4.011047668489238,0.33606386184692383,0.0027128952842220065,0.9995780458836032
full,50,31,0.31465137059517634,3.8543450286879453,0.3406524658203125,0.0021563807621729526,0.9981402763018066
full,50,32,0.3198564839613467,3.86574124988825,0.3388552665710449,0.002822205606779646,0.9991404638369694
full,50,33,0.4043638480939803,4.1497876454624985,0.33266687393188477,0.0020284973646720063,0.9995936738138401
full,50,34,0.39451828156427665,3.8450848901144403,0.3348689079284668,0.002746595976353928,0.999406138650997
full,50,35,0.4069338508724413,3.62185421036,0.3378028869628906,0.0019726730899311986,0.9977026942551729
full,50,36,0.3538724096110297,3.749234997561601,0.3416171073913574,0.001955589337674793,0.9991717196974432
full,50,37,0.3747973814092219,3.8490200391582876,0.3409085273742676,0.0024476458700288537,0.9992186034881541
full,50,38,0.36086816977504166,4.019044577320062,0.3456454277038574,0.0019350606354767335,0.9994217665812339
full,51,0,0.6892677613434126,2.1305989673241843,0.09432601928710938,0.18586852395351852,0.976526848784147
full,51,1,0.6753989091397474,3.076692555843223,0.1337718963623047,0.05175458973175295,0.988357191973495
full,51,2,0.6572786123411568,3.93787424525957,0.1726846694946289,0.02839445024695768,0.9951865974870289
full,51,3,0.6651500519838948,4.192610197353894,0.20931339263916016,0.021089185599457612,0.9967337625804839
full,51,4,0.6308541530352964,4.590444521491695,0.2299518585205078,0.015844122109435317,0.9975620428830406
full,51,5,0.7528987858630919,4.714305076166569,0.22551250457763672,0.012974973408169527,0.9966087391385885
full,51,6,0.6073252448873517,4.595927849299399,0.2581501007080078,0.010871519908554495,0.9979214852784897
full,51,7,0.5543838646976755,4.495776516626975,0.2778453826904297,0.009834486592419563,0.9978433456273051
full,51,8,0.584147816279028,4.461349399134475,0.2646827697753906,0.008403313853531488,0.9985622304182035
full,51,9,0.601903060876303,4.733580453997844,0.2800297737121582,0.007362259984102612,0.9977495780458836
full,51,10,0.6169759017676612,4.418734406356982,0.2820591926574707,0.0076135404141424775,0.997858973557542
full,51,11,0.5665078197916045,4.6082416115787455,0.2919144630432129,0.006372833840293118,0.9989998124648372
full,51,12,0.5198312975621232,4.665980408968099,0.2990427017211914,0.005818775662405673,0.9985309745577295
full,51,13,0.5356401238749481,4.503492028464275,0.29630088806152344,0.005308201398286727,0.998077764580859
full,51,14,0.5059288724436904,4.603685483573839,0.30776548385620117,0.0054429331750774695,0.9982340438832281
full,51,15,0.5658422499117113,4.486968258085493,0.29745006561279297,0.004792552443168322,0.9987341376508095
full,51,16,0.5226388360683565,4.415801778398808,0.3119378089904785,0.004569416839995507,0.9992967431393386
full,51,17,0.47689242497871087,4.762210668060724,0.31525278091430664,0.004646886323714645,0.9988904169531787
full,51,18,0.5683097023976917,4.457818436331626,0.31143999099731445,0.0035914975978961275,0.9951240857660811
full,51,19,0.4685854493558625,4.964200721185944,0.32263708114624023,0.0039735694697337716,0.9988747890229418
full,51,20,0.4765119896227856,4.772833041711248,0.3328571319580078,0.003758545196384181,0.9993748827905232
full,51,21,0.6051117749562054,4.874048846702737,0.31557273864746094,0.003360925010290831,0.9977183221854098
full,51,22,0.49168451430890303,4.4326205019423925,0.33594417572021484,0.003189570524784953,0.9981871600925174
full,51,23,0.5567203481649683,4.630013277908009,0.3306846618652344,0.003072148445022901,0.9995936738138401
full,51,24,0.5849474468902102,4.69186566036244,0.32688045501708984,0.0035053032302042944,0.9993905107207601
full,51,25,0.5636043948199592,4.926585900869698,0.3372764587402344,0.002755890371161038,0.9991560917672063
full,51,26,0.4930077957575565,4.338891131438387,0.3463168144226074,0.0028639724403371337,0.9972026004875915
full,51,27,0.5419803642266177,4.756283179109055,0.3410344123840332,0.003158906099263803,0.9994530224417079
full,51,28,0.4863776006366329,4.618731084492863,0.3518366813659668,0.0025924094452143723,0.9991873476276802
full,51,29,0.4786836876257355,4.396797116971778,0.3481583595275879,0.002896144598801932,0.9995467900231293
full,51,30,0.39680849790026873,4.081709931385824,0.36380767822265625,0.0023087914065816426,0.9993748827905232
full,51,31,0.43086948208775167,4.319668582010882,0.3628420829772949,0.0022138668597126254,0.9992498593486279
full,51,32,0.4055716770178678,4.676071209936812,0.3590273857116699,0.002529425642108085,0.9982184159529912
full,51,33,0.4059792534005683,4.402823722613268,0.3635740280151367,0.0025664200809537175,0.9987028817903357
wo_fusion,42,0,,2.0142798403203312,0.06945562362670898,0.17951647520073852,0.9872163530661999
wo_fusion,42,1,,3.175205530685028,0.11110305786132812,0.03752618208776329,0.9798712258548478
wo_fusion,42,2,,3.5282624629865698,0.1329517364501953,0.022552382290093823,0.9928111520910171
wo_fusion,42,3,,3.5309746282868875,0.15796375274658203,0.017233550178575176,0.9958273426267426
wo_fusion,42,4,,3.799756128631433,0.17771100997924805,0.01316872926259949,0.9940613865099707
wo_fusion,42,5,,3.8387549918385773,0.19671201705932617,0.010790143861542771,0.9966399949990623
wo_fusion,42,6,,4.01112013596129,0.2112884521484375,0.009448931962947958,0.9984059511158342
wo_fusion,42,7,,3.8206772534298024,0.22522926330566406,0.007523462978678243,0.9982027880227543
wo_fusion,42,8,,3.726216983732145,0.22965478897094727,0.0069907017132802615,0.9985934862786773
wo_fusion,42,9,,3.6834627675927503,0.23474884033203125,0.006165915859449171,0.9986559979996249
wo_fusion,42,10,,3.796924705330397,0.24354219436645508,0.005738758971398337,0.9988747890229418
wo_fusion,42,11,,3.6321625710290704,0.24866342544555664,0.005087824330757141,0.9993592548602863
wo_fusion,42,12,,3.7580707122699177,0.2629251480102539,0.004725238814716552,0.9987497655810464
wo_fusion,42,13,,4.12222126547524,0.26377058029174805,0.0042752237102035365,0.9992186034881541
wo_fusion,42,14,,3.821785287100961,0.27393198013305664,0.0037824927734848722,0.9988747890229418
wo_fusion,42,15,,3.70133705733661,0.27368927001953125,0.004002035145128449,0.9977652059761205
wo_fusion,42,16,,3.607785899826424,0.28044986724853516,0.003856853756648323,0.9984372069763081
wo_fusion,42,17,,3.76089588977839,0.27913665771484375,0.0028646804832638847,0.9993748827905232
wo_fusion,42,18,,3.6373960719992393,0.28647661209106445,0.0037511442162093843,0.9995311620928924
wo_fusion,42,19,,3.502617234202944,0.28794431686401367,0.002999882288972216,0.9995624179533663
wo_fusion,42,20,,3.7281764906130634,0.28983068466186523,0.002541608933383718,0.9984840907670188
wo_fusion,42,21,,3.5192687783446943,0.29579639434814453,0.0027234484815354875,0.9992029755579172
wo_fusion,42,22,,3.22005316801451,0.2943110466003418,0.0029750115154734353,0.9987185097205726
wo_fusion,42,23,,3.129042888230791,0.30215024948120117,0.0031206924590017598,0.999437394511471
wo_fusion,42,24,,3.3553257457679115,0.30682945251464844,0.002562011789588523,0.9989216728136525
wo_fusion,42,25,,3.4524474709373743,0.3087148666381836,0.0023462823255016355,0.9965931112083516
wo_fusion,42,26,,3.482548337513848,0.3060898780822754,0.0022091013107891854,0.9992967431393386
wo_fusion,42,27,,3.556434192006472,0.30759477615356445,0.0020742888321548855,0.9986091142089142
wo_fusion,42,28,,3.3918413065152015,0.3139791488647461,0.0019653712519876547,0.998452834906545
wo_fusion,42,29,,3.537570314190764,0.3127284049987793,0.002088860045918328,0.9992811152091017
wo_fusion,43,0,,3.0745497919503246,0.07025575637817383,0.18018571004910672,0.983903231855973
wo_fusion,43,1,,4.049495623430058,0.11829042434692383,0.03977180768887586,0.9764643370631994
wo_fusion,43,2,,4.096157863201405,0.15810585021972656,0.024014983341207434,0.9955929236731887
wo_fusion,43,3,,4.069155327606627,0.18021154403686523,0.018582350706033417,0.997671438394699
wo_fusion,43,4,,4.23880038585107,0.20078420639038086,0.013993150263651905,0.9969212977433268
wo_fusion,43,5,,4.2420809786022176,0.22507762908935547,0.011120094088709119,0.9991248359067325
wo_fusion,43,6,,4.126013596343327,0.23514652252197266,0.009215200990263902,0.9961399012314809
wo_fusion,43,7,,3.8467626644917075,0.25763893127441406,0.008432209900294002,0.9970306932549853
wo_fusion,43,8,,4.213822166314932,0.26161861419677734,0.007520180422698488,0.997687066324936
wo_fusion,43,9,,3.841835194993295,0.27109718322753906,0.006775094284365243,0.9962492967431393
wo_fusion,43,10,,4.026863692440814,0.28186559677124023,0.005457544409344759,0.9990154403950741
wo_fusion,43,11,,3.8707431895712237,0.2863898277282715,0.005720080206180862,0.9989060448834156
wo_fusion,43,12,,4.015644495291523,0.301607608795166,0.004676734155351565,0.9965774832781147
wo_fusion,43,13,,3.5405673646773193,0.29861974716186523,0.0041594589526047325,0.9990466962555479
wo_fusion,43,14,,3.840838096120772,0.3070368766784668,0.00477960383482912,0.998452834906545
wo_fusion,43,15,,3.851720472018562,0.30695533752441406,0.004273270385609868,0.9989373007438895
wo_fusion,44,0,,1.747391827073934,0.09068870544433594,0.17570248490931709,0.9903263111833469
wo_fusion,44,1,,2.8724322198785575,0.1212773323059082,0.03959968903170372,0.9960148777895855
wo_fusion,44,2,,3.167435891336861,0.15426874160766602,0.024611525528900127,0.9877008189035444
wo_fusion,44,3,,3.2421409770464584,0.17856407165527344,0.01832452027530314,0.9964212039757454
wo_fusion,44,4,,3.442368311946759,0.20150327682495117,0.01422991152466911,0.9959054822779271
wo_fusion,44,5,,3.5392636793894514,0.2145380973815918,0.012003326503762454,0.9954053885103457
wo_fusion,44,6,,3.493124583666679,0.23337602615356445,0.00955749966018431,0.9981871600925174
wo_fusion,44,7,,3.5310589667526644,0.24103784561157227,0.007975657637137104,0.9958273426267426
wo_fusion,44,8,,3.5060190842061756,0.24080562591552734,0.00752018762132792,0.9975620428830406
wo_fusion,44,9,,3.6913611131797692,0.24922657012939453,0.00710053381137977,0.9988591610927049
wo_fusion,44,10,,3.614267341002209,0.2611513137817383,0.006250323678252852,0.9985466024879665
wo_fusion,44,11,,3.644947042669535,0.27263641357421875,0.0057108985271514465,0.9984997186972557
wo_fusion,44,12,,3.908714080384794,0.274259090423584,0.0051583985257882,0.9989998124648372
wo_fusion,44,13,,3.8161233264871175,0.28739213943481445,0.004118600394821039,0.9989216728136525
wo_fusion,44,14,,3.8158297444237212,0.2903909683227539,0.0046033242423204074,0.9993279989998125
wo_fusion,44,15,,3.745214211080583,0.2909121513366699,0.004370507448040486,0.9991092079764956
wo_fusion,44,16,,3.853176525384947,0.29436159133911133,0.003486353526721169,0.9988122773019942
wo_fusion,44,17,,3.6609854302404723,0.295682430267334,0.0040614138927067694,0.9990154403950741
wo_fusion,44,18,,3.6771835467380796,0.30701732635498047,0.0036509223157910617,0.9991404638369694
wo_fusion,44,19,,3.316212244503688,0.3051490783691406,0.0031477360948767596,0.9993436269300494
wo_fusion,44,20,,3.603571975801188,0.3129000663757324,0.0032235167204860016,0.9990779521160218
wo_fusion,44,21,,3.8228797364488107,0.3119192123413086,0.003158414326630418,0.9989529286741264
wo_fusion,44,22,,3.5267612020033865,0.32744646072387695,0.0031673822343020173,0.9993436269300494
wo_fusion,44,23,,3.409443557943501,0.3261537551879883,0.0026676046153648434,0.9990623241857849
wo_fusion,44,24,,3.702367799697138,0.3277125358581543,0.0025032423857188025,0.9991248359067325
wo_fusion,44,25,,3.524947973123161,0.327725887298584,0.0027076341512110415,0.9992811152091017
wo_fusion,44,26,,3.4861777997772636,0.32665395736694336,0.0026405957930912736,0.9988591610927049
wo_fusion,44,27,,3.6311453851659694,0.31917715072631836,0.002824195893620621,0.9985622304182035
wo_fusion,44,28,,3.5439386495028624,0.3228611946105957,0.0021944766145690084,0.999437394511471
wo_fusion,44,29,,3.52831418965178,0.32280683517456055,0.0020572506058438417,0.9994217665812339
wo_fusion,44,30,,3.233514684737478,0.33099842071533203,0.0025330675414612794,0.9994530224417079
wo_fusion,44,31,,3.364338369649657,0.33666229248046875,0.002603438562458863,0.999437394511471
wo_fusion,44,32,,3.2296968042494427,0.3353085517883301,0.0020731583039579624,0.9991560917672063
wo_fusion,44,33,,3.3704688775021903,0.34110498428344727,0.0018419729762916889,0.9994842783021817
wo_fusion,44,34,,3.1825171411265916,0.3472175598144531,0.0020005003407543606,0.9993748827905232
wo_fusion,44,35,,3.284925999845434,0.346527099609375,0.0015935772955389905,0.9990154403950741
wo_fusion,44,36,,3.3024177106986707,0.34523487091064453,0.002463438615397974,0.9989373007438895
wo_fusion,44,37,,3.37103771621411,0.3451528549194336,0.0017843065219256221,0.9957960867662686
wo_fusion,44,38,,3.3192982989456947,0.3469271659851074,0.0015578242829292351,0.9992967431393386
wo_fusion,44,39,,3.313107758637125,0.34503698348999023,0.0016081378219146719,0.9964212039757454
wo_fusion,44,40,,3.3444582998157686,0.34590911865234375,0.002005131307661405,0.999437394511471
wo_fusion,44,41,,3.2741303876248677,0.3508486747741699,0.0016251857628023867,0.9992967431393386
wo_fusion,44,42,,3.3389669712537176,0.35628414154052734,0.0020258642690441316,0.9989998124648372
wo_fusion,44,43,,3.198995441219819,0.3537774085998535,0.0015246517619337784,0.9992654872788648
wo_fusion,45,0,,1.6856619952560505,0.04870796203613281,0.18178502058199386,0.9905138463461899
wo_fusion,45,1,,2.405783032581897,0.08614921569824219,0.04269984948201821,0.9905451022066637
wo_fusion,45,2,,2.7341902478981033,0.1176600456237793,0.025435624424341788,0.9964524598362193
wo_fusion,45,3,,2.871588897647497,0.1379084587097168,0.019446174969632912,0.9960930174407702
wo_fusion,45,4,,3.030510790328076,0.1598367691040039,0.014356687720402918,0.9948271550915797
wo_fusion,45,5,,3.084265829939204,0.17442989349365234,0.012759636147560307,0.997280740138776
wo_fusion,45,6,,3.157589787380986,0.19934463500976562,0.010284725217113811,0.9960773895105333
wo_fusion,45,7,,2.995481918309614,0.21626043319702148,0.008822037681302738,0.9978120897668313
wo_fusion,45,8,,3.3955009019167104,0.21886110305786133,0.007447142893924618,0.9967337625804839
wo_fusion,45,9,,3.139936047571988,0.23559236526489258,0.007114362988117208,0.9970619491154592
wo_fusion,45,10,,3.1846622373035354,0.2343583106994629,0.0057759878308347576,0.9977183221854098
wo_fusion,45,11,,3.14012641132508,0.2436661720275879,0.005686341708051223,0.9982965556041757
wo_fusion,45,12,,3.2417728260208474,0.254483699798584,0.0055779484381679794,0.9981246483715697
wo_fusion,45,13,,3.159732096827484,0.2614140510559082,0.0044119418947769365,0.9991873476276802
wo_fusion,45,14,,3.1690488893667177,0.26123809814453125,0.004871740424018995,0.9988122773019942
wo_fusion,45,15,,3.0390024201720047,0.26404762268066406,0.004498508726983299,0.9975776708132775
wo_fusion,45,16,,3.198106498856869,0.26766157150268555,0.0038323483503103976,0.9983590673251235
wo_fusion,45,17,,3.4319758955316946,0.2654452323913574,0.003921326555890886,0.9990779521160218
wo_fusion,45,18,,3.3255905403917687,0.273007869720459,0.00388544520833651,0.998843533162468
wo_fusion,45,19,,3.522436732827121,0.28181934356689453,0.003604619581807677,0.9975464149528036
wo_fusion,45,20,,3.229999897812066,0.28426551818847656,0.0028251072823351226,0.9994530224417079
wo_fusion,45,21,,3.3268910996471983,0.2873525619506836,0.0035517276239865917,0.999437394511471
wo_fusion,45,22,,3.1162682489346714,0.2857179641723633,0.0028051008440309723,0.999031068325311
wo_fusion,45,23,,2.824886045413002,0.2940373420715332,0.0028900932773434037,0.9986559979996249
wo_fusion,45,24,,2.9266642578017708,0.29392194747924805,0.0029915828329533335,0.9988279052322311
wo_fusion,45,25,,3.0451840751078656,0.29584217071533203,0.0030714745005919913,0.999406138650997
wo_fusion,45,26,,2.8297912098602196,0.29245662689208984,0.0026693410677475883,0.999437394511471
wo_fusion,45,27,,3.060943665202582,0.29781007766723633,0.002603269626775281,0.9991560917672063
wo_fusion,45,28,,3.0071617601916016,0.30838871002197266,0.002310080563329575,0.9994999062324186
wo_fusion,45,29,,3.1005557524049325,0.29822492599487305,0.002280305710521533,0.9991248359067325
wo_fusion,45,30,,3.0428089058268264,0.3008289337158203,0.0021870298315868884,0.9993279989998125
wo_fusion,45,31,,2.957291057457487,0.31027889251708984,0.002394870214543344,0.9989060448834156
wo_fusion,45,32,,3.0675720164289784,0.3084545135498047,0.0022322057700192213,0.9991717196974432
wo_fusion,45,33,,3.2820065830854577,0.3128690719604492,0.001603622990711582,0.9996405576045508
wo_fusion,45,34,,3.088641716790328,0.3131589889526367,0.0018943976644959113,0.9995936738138401
wo_fusion,45,35,,3.2692490706235695,0.3101358413696289,0.002005478042690083,0.9986559979996249
wo_fusion,45,36,,3.082743397210076,0.3127932548522949,0.002178616034836708,0.9993123710695756
wo_fusion,45,37,,2.826270160670615,0.31300878524780273,0.0017879600631583391,0.9984059511158342
wo_fusion,45,38,,2.8481327490491664,0.3187422752380371,0.0020056793693451033,0.9969994373945115
wo_fusion,45,39,,2.911287199159867,0.3200802803039551,0.002008897530498808,0.9989998124648372
wo_fusion,45,40,,2.799545312928633,0.3191957473754883,0.0019110086962150065,0.9996718134650247
wo_fusion,45,41,,2.685969895295191,0.31929492950439453,0.0012007186671567232,0.9996249296743139
wo_fusion,45,42,,3.1847509464068517,0.32425451278686523,0.0018681275899578255,0.9987653935112834
wo_fusion,45,43,,2.8651944872603554,0.32749032974243164,0.0020013392269787496,0.998046508720385
wo_fusion,45,44,,2.866041432892322,0.32918500900268555,0.001587129251923583,0.998843533162468
wo_fusion,45,45,,2.9966078382973467,0.33610963821411133,0.001610643889771511,0.9994217665812339
wo_fusion,45,46,,2.5438905890081185,0.33098697662353516,0.0018172440006960799,0.9992967431393386
wo_fusion,45,47,,2.7295027685160003,0.3319578170776367,0.0014779229021394714,0.999406138650997
wo_fusion,45,48,,2.761449900352289,0.33330535888671875,0.0017398071992349654,0.9992186034881541
wo_fusion,45,49,,2.6070783279970846,0.33324480056762695,0.0016732541598037222,0.9995624179533663
wo_fusion,45,50,,2.775503704512075,0.33158063888549805,0.0012331706552429738,0.9996874413952617
wo_fusion,45,51,,2.8757651597282714,0.33233070373535156,0.0015626832159147156,0.9992498593486279
wo_fusion,45,52,,2.6138579086851563,0.3286576271057129,0.001363706487532364,0.9995467900231293
wo_fusion,45,53,,2.8970781762282254,0.32700395584106445,0.0015355506649799983,0.9990466962555479
wo_fusion,45,54,,2.804355008945158,0.3338041305541992,0.0014948391785640316,0.999609301744077
wo_fusion,45,55,,2.609551181467275,0.3366374969482422,0.0013920762078841423,0.9994686503719448
wo_fusion,45,56,,2.6310333735973304,0.33226490020751953,0.0015450576745593648,0.9994217665812339
wo_fusion,45,57,,2.7410450052762805,0.33656930923461914,0.0015076259229155069,0.999437394511471
wo_fusion,45,58,,2.873004506270947,0.3329620361328125,0.0015400460564842147,0.9991404638369694
wo_fusion,45,59,,2.7700997140402426,0.34188318252563477,0.0013142997484280573,0.9992029755579172
wo_fusion,45,60,,2.6695071048452905,0.34340858459472656,0.0015545064434907146,0.9987966493717572
wo_fusion,46,0,,3.2514451377405114,0.0659947395324707,0.19059817129666962,0.9902169156716885
wo_fusion,46,1,,3.951698671076336,0.09994268417358398,0.038731923715581366,0.9912171032068513
wo_fusion,46,2,,3.676308688970311,0.13280296325683594,0.02376923524766869,0.9938738513471276
wo_fusion,46,3,,3.6217129780876802,0.1553936004638672,0.017609568248892583,0.9959523660686379
wo_fusion,46,4,,3.5996361036396314,0.1840076446533203,0.012779477580106866,0.9981871600925174
wo_fusion,46,5,,3.5873992758168094,0.20996856689453125,0.011006887354106055,0.9962805526036131
wo_fusion,46,6,,3.5583127586821957,0.2247600555419922,0.009269574942515792,0.9986559979996249
wo_fusion,46,7,,3.6007302988648324,0.23824787139892578,0.008047908104191882,0.9971244608364068
wo_fusion,46,8,,3.888049305305659,0.2535266876220703,0.006479086135248692,0.998046508720385
wo_fusion,46,9,,4.0007957788476896,0.26587438583374023,0.006251916192229491,0.9985153466274926
wo_fusion,46,10,,3.8289437418334527,0.2713608741760254,0.005584172500514422,0.9994217665812339
wo_fusion,46,11,,3.8176380343038177,0.2734203338623047,0.0048562466025944915,0.9973276239294868
wo_fusion,46,12,,3.7013616830484293,0.2911224365234375,0.004766849417437844,0.9951865974870289
wo_fusion,46,13,,3.9025478726950693,0.2891826629638672,0.003564302116432307,0.9992498593486279
wo_fusion,46,14,,3.7854917860838873,0.2892189025878906,0.004040176970986955,0.999031068325311
wo_fusion,46,15,,3.841491040085537,0.2903861999511719,0.0035327125161509925,0.9985934862786773
wo_fusion,46,16,,3.8879832960401273,0.2964048385620117,0.003667499872065863,0.9993592548602863
wo_fusion,46,17,,3.8993968086428903,0.2923407554626465,0.002923691297183564,0.9983903231855973
wo_fusion,46,18,,4.013962114973878,0.3058180809020996,0.0032619012608302482,0.9990935800462587
wo_fusion,46,19,,3.9972081128726376,0.29821014404296875,0.002948751978971396,0.9993905107207601
wo_fusion,46,20,,4.016540423865425,0.2992401123046875,0.002655872503207148,0.9990466962555479
wo_fusion,47,0,,3.2748393724690374,0.05464315414428711,0.18727206113326106,0.9841220228792898
wo_fusion,47,1,,3.8741387736640958,0.09136724472045898,0.03947522527590759,0.9932331062074139
wo_fusion,47,2,,4.07285104383405,0.11858606338500977,0.024285719266890674,0.9961399012314809
wo_fusion,47,3,,3.9661457094910784,0.1454620361328125,0.018678383933814283,0.9946552478589735
wo_fusion,47,4,,3.654089991070616,0.1667943000793457,0.013840978941995447,0.998249671813465
wo_fusion,47,5,,3.950601435094228,0.18683242797851562,0.010748398918547097,0.9961399012314809
wo_fusion,47,6,,3.971467701103835,0.1992640495300293,0.009568021515733167,0.9981246483715697
wo_fusion,47,7,,3.9839088492966157,0.21003007888793945,0.007441419077111414,0.9986247421391511
wo_fusion,47,8,,3.9242980410489205,0.22059154510498047,0.006914873054658647,0.9974370194411453
wo_fusion,47,9,,3.517552589729275,0.23101806640625,0.006933394467069136,0.9986872538600988
wo_fusion,47,10,,3.616636975232045,0.2298579216003418,0.0055280613185363005,0.9977808339063574
wo_fusion,47,11,,3.4357361993246087,0.24692964553833008,0.005166889937729102,0.998249671813465
wo_fusion,47,12,,3.5005774759743984,0.26018333435058594,0.004493114316179494,0.9976558104644621
wo_fusion,47,13,,3.552137057038065,0.25936317443847656,0.005044765067500241,0.9977026942551729
wo_fusion,47,14,,3.458370695428998,0.26898670196533203,0.004367779139285442,0.9987028817903357
wo_fusion,47,15,,3.4701004590773783,0.2731800079345703,0.004316847832651917,0.9987028817903357
wo_fusion,47,16,,3.3930448139488227,0.27736806869506836,0.0034579617546845348,0.9991717196974432
wo_fusion,47,17,,3.517312585909539,0.2793869972229004,0.003157812634720622,0.9993123710695756
wo_fusion,47,18,,3.450623997852783,0.29247617721557617,0.0029398318578368774,0.9986247421391511
wo_fusion,47,19,,3.4246415136470065,0.30062103271484375,0.003645303939474492,0.9996405576045508
wo_fusion,47,20,,3.346560870886072,0.2988462448120117,0.0028070872443925286,0.9996561855347877
wo_fusion,47,21,,3.2527159217373645,0.30490779876708984,0.0027089614187619034,0.9979839969994374
wo_fusion,47,22,,3.229777568550386,0.3082871437072754,0.00264028379416535,0.9989529286741264
wo_fusion,47,23,,3.2401310200031364,0.29998254776000977,0.002816437307379751,0.9995155341626555
wo_fusion,47,24,,3.320202728292166,0.31577396392822266,0.0022588729391927248,0.999437394511471
wo_fusion,47,25,,3.3768831706084046,0.31661319732666016,0.0026941635909724306,0.9988904169531787
wo_fusion,47,26,,3.2470494016200577,0.3143734931945801,0.002316078770857465,0.9992654872788648
wo_fusion,47,27,,3.1764454503861366,0.3172569274902344,0.00235536158941396,0.9996249296743139
wo_fusion,47,28,,3.352294322193106,0.3245105743408203,0.002298249884318497,0.9996718134650247
wo_fusion,47,29,,3.668070206989722,0.3210010528564453,0.0017722703830968345,0.9993436269300494
wo_fusion,47,30,,3.474659408704443,0.32227277755737305,0.002644692256733302,0.9985466024879665
wo_fusion,47,31,,3.328125121030531,0.3204774856567383,0.001983611831015838,0.9982652997437019
wo_fusion,47,32,,3.4049696379323193,0.3193058967590332,0.0019008075539069156,0.9997499531162093
wo_fusion,47,33,,3.3540713677493144,0.32163143157958984,0.0017019175829098305,0.999031068325311
wo_fusion,47,34,,3.37727566458541,0.320772647857666,0.002211476004192806,0.9996874413952617
wo_fusion,47,35,,3.3244843971680833,0.32204771041870117,0.0016326438827788709,0.9989529286741264
wo_fusion,47,36,,3.0209550710994564,0.32657718658447266,0.0017610226071553573,0.9988279052322311
wo_fusion,47,37,,2.917900475878049,0.3251614570617676,0.001412723637626075,0.9996249296743139
wo_fusion,47,38,,3.270999732759559,0.3288841247558594,0.0016940322669030431,0.9995311620928924
wo_fusion,47,39,,3.2033042379275583,0.32707834243774414,0.001577342892731886,0.9992186034881541
wo_fusion,47,40,,2.9867970940544293,0.3312678337097168,0.0017292145416041066,0.9996718134650247
wo_fusion,47,41,,3.035224655108107,0.3350343704223633,0.0013717025853427294,0.9995936738138401
wo_fusion,47,42,,3.168818845166506,0.3376178741455078,0.0016280475858428307,0.9986091142089142
wo_fusion,48,0,,1.655144916380969,0.0688328742980957,0.18644273174202336,0.9811527161342751
wo_fusion,48,1,,2.574658990991669,0.1033177375793457,0.04134008155341285,0.9858879789960617
wo_fusion,48,2,,2.5687098629581024,0.12309741973876953,0.024625079215283327,0.992248546602488
wo_fusion,48,3,,2.7516817395616884,0.15462875366210938,0.01740389671317436,0.9968275301619054
wo_fusion,48,4,,2.789130587612224,0.17412710189819336,0.01363781275441639,0.998452834906545
wo_fusion,48,5,,2.8387963039721718,0.19535207748413086,0.011208051739816765,0.995139713696318
wo_fusion,48,6,,3.0595488248370377,0.20422601699829102,0.00927595974367669,0.9968275301619054
wo_fusion,48,7,,3.0069400509890363,0.21702194213867188,0.007594975118233168,0.9984997186972557
wo_fusion,48,8,,3.1006444083937104,0.22415781021118164,0.007135675938273278,0.9984684628367819
wo_fusion,48,9,,3.0633353501861325,0.22967195510864258,0.006449708891228103,0.9979371132087267
wo_fusion,48,10,,2.947871728521451,0.24369573593139648,0.005549120108704301,0.9988122773019942
wo_fusion,48,11,,3.272352768976334,0.24666500091552734,0.005630776911726937,0.998249671813465
wo_fusion,48,12,,2.870987972816575,0.26581621170043945,0.005031678018764975,0.9985153466274926
wo_fusion,48,13,,2.9496917835961796,0.2610645294189453,0.004486732838296216,0.9988747890229418
wo_fusion,48,14,,3.265311143555134,0.26606035232543945,0.004285442335555871,0.9991560917672063
wo_fusion,48,15,,3.3349024647334113,0.2668790817260742,0.003990178243476958,0.998640370069388
wo_fusion,48,16,,3.05335684644587,0.2735261917114258,0.0037711065152130044,0.997280740138776
wo_fusion,48,17,,3.150534838314282,0.27802228927612305,0.0029513090327570996,0.9993592548602863
wo_fusion,48,18,,3.0501611867651404,0.2863883972167969,0.0038500692343549337,0.9991873476276802
wo_fusion,48,19,,3.076358961402171,0.29005908966064453,0.0033451546194193556,0.9980933925110959
wo_fusion,48,20,,3.0503681206079927,0.2929410934448242,0.002714749512565312,0.9995624179533663
wo_fusion,48,21,,3.2963321546060906,0.29562902450561523,0.0029548856575932017,0.9987966493717572
wo_fusion,48,22,,3.1283314074010917,0.298734188079834,0.002530158315992287,0.9993436269300494
wo_fusion,48,23,,2.9343472242532695,0.301267147064209,0.0032415541738672303,0.999031068325311
wo_fusion,48,24,,2.943200712046706,0.30212974548339844,0.002416306994618138,0.9974057635806713
wo_fusion,48,25,,2.8553555140082976,0.3076024055480957,0.0027521683336858916,0.999406138650997
wo_fusion,48,26,,2.8699302156101845,0.3067626953125,0.0025751847671779816,0.998843533162468
wo_fusion,48,27,,2.845822900275421,0.307858943939209,0.002034350898178114,0.999406138650997
wo_fusion,48,28,,2.7877104579026617,0.313565731048584,0.0025444430006182923,0.999406138650997
wo_fusion,48,29,,2.7842020263913945,0.31169652938842773,0.0014579217963108237,0.9996561855347877
wo_fusion,48,30,,2.6775146151139864,0.3090958595275879,0.002041774170987244,0.9991873476276802
wo_fusion,48,31,,2.78772193656945,0.3159337043762207,0.002414462403405321,0.9976089266737513
wo_fusion,48,32,,2.756426359134779,0.31334638595581055,0.0022094276468487863,0.9994686503719448
wo_fusion,48,33,,2.8719627396803866,0.31804323196411133,0.0012250633128354934,0.9997343251859724
wo_fusion,48,34,,2.875404269798441,0.32520484924316406,0.0023753272119231054,0.9994217665812339
wo_fusion,48,35,,2.63511975353196,0.32602357864379883,0.0017989821978898156,0.9991717196974432
wo_fusion,48,36,,2.701639907425006,0.3308591842651367,0.0018481858513163339,0.9991873476276802
wo_fusion,48,37,,2.655033995265684,0.33075428009033203,0.0018539580369131144,0.9991404638369694
wo_fusion,48,38,,2.7067107097161283,0.3345680236816406,0.0020230873240740803,0.9989998124648372
wo_fusion,48,39,,2.689470735109202,0.33161163330078125,0.0015578121827440174,0.9995467900231293
wo_fusion,48,40,,2.6343496905154042,0.33571910858154297,0.0015933940868024523,0.999406138650997
wo_fusion,48,41,,2.5093348486887024,0.339139461517334,0.0020684201179523233,0.9989373007438895
wo_fusion,48,42,,2.71331343729946,0.3347954750061035,0.0018104225827487788,0.9988591610927049
wo_fusion,48,43,,2.7521862535001094,0.33023738861083984,0.0017273405729539015,0.9996718134650247
wo_fusion,49,0,,1.7898126536539258,0.053937435150146484,0.18785057951130105,0.9916234293930112
wo_fusion,49,1,,2.749091033275665,0.09734582901000977,0.04200769104293101,0.9864818403450647
wo_fusion,49,2,,3.138312501382212,0.11688375473022461,0.029016829160156028,0.9971557166968806
wo_fusion,49,3,,3.3011479096839844,0.1378483772277832,0.01912424298544383,0.9944677126961305
wo_fusion,49,4,,3.4263889928942546,0.16003847122192383,0.013966234987573243,0.9977652059761205
wo_fusion,49,5,,3.557031715666545,0.17567157745361328,0.012470664351025475,0.9953116209289242
wo_fusion,49,6,,3.6584555272483796,0.19073009490966797,0.009529459787629377,0.9949990623241858
wo_fusion,49,7,,3.6868794688027977,0.21328210830688477,0.008198161956856543,0.997280740138776
wo_fusion,49,8,,3.710651150835386,0.2220139503479004,0.007276923561977849,0.9981715321622804
wo_fusion,49,9,,3.917875651009219,0.23783302307128906,0.007852623323222207,0.9989841845346003
wo_fusion,49,10,,3.8485190316510973,0.23432302474975586,0.006041172622389598,0.997671438394699
wo_fusion,49,11,,3.9151759352707383,0.2492222785949707,0.005480063104049484,0.9991404638369694
wo_fusion,49,12,,3.8575481597649093,0.2548532485961914,0.005858169370259335,0.9992029755579172
wo_fusion,49,13,,3.9901842553009725,0.26123714447021484,0.004300861354835766,0.9984215790460711
wo_fusion,49,14,,3.935470704606155,0.26459741592407227,0.004799715986594828,0.9978902294180159
wo_fusion,49,15,,4.060911423201081,0.2745685577392578,0.0041087808440711015,0.9985934862786773
wo_fusion,49,16,,3.7296096672416073,0.28726863861083984,0.004016390656363565,0.9988122773019942
wo_fusion,49,17,,3.6398090432496204,0.2896714210510254,0.003811297665540067,0.9991560917672063
wo_fusion,49,18,,4.006212301804443,0.2923460006713867,0.0033348756870523327,0.999234231418391
wo_fusion,49,19,,3.9695535156651336,0.3102126121520996,0.003361727810914115,0.9994686503719448
wo_fusion,49,20,,3.913475157192077,0.30779457092285156,0.003324139693394353,0.9993279989998125
wo_fusion,49,21,,3.9838829578210757,0.30983448028564453,0.0028879946595321846,0.9992654872788648
wo_fusion,49,22,,3.7204153778778677,0.3083162307739258,0.0030650460053431943,0.9994999062324186
wo_fusion,49,23,,3.8176027206687406,0.3118400573730469,0.002448184862056796,0.9995780458836032
wo_fusion,49,24,,4.0201964992186205,0.3099508285522461,0.0018611910048308197,0.9987341376508095
wo_fusion,49,25,,3.649268886726216,0.3238945007324219,0.0030347210830698923,0.9994530224417079
wo_fusion,49,26,,3.8223068886383214,0.3198399543762207,0.0020146479257865052,0.9992186034881541
wo_fusion,49,27,,3.8274274489725166,0.3253293037414551,0.002486990031736086,0.9994999062324186
wo_fusion,49,28,,3.934348037303775,0.32097434997558594,0.002497151174903487,0.9992967431393386
wo_fusion,49,29,,3.843526332733288,0.315335750579834,0.0021806919025829327,0.999812464837157
wo_fusion,49,30,,3.9099955006832845,0.31740331649780273,0.0019782256659372694,0.9995780458836032
wo_fusion,49,31,,3.4781461027821945,0.3193373680114746,0.002381120523703047,0.9994686503719448
wo_fusion,49,32,,3.65953870631555,0.32152414321899414,0.001644422742874715,0.9991560917672063
wo_fusion,49,33,,3.8257298506996067,0.31308889389038086,0.0026791639014699907,0.9994842783021817
wo_fusion,49,34,,3.6062815147427205,0.31516361236572266,0.0013885660239913152,0.998062136650622
wo_fusion,49,35,,3.645526695147284,0.31983232498168945,0.0022298590588124253,0.9994530224417079
wo_fusion,49,36,,3.582866498313868,0.32299184799194336,0.0017959920375783078,0.9986559979996249
wo_fusion,49,37,,3.7135288470439303,0.3303055763244629,0.002443589282759904,0.9990154403950741
wo_fusion,49,38,,3.584941078947643,0.32729530334472656,0.0011642768042992202,0.9974370194411453
wo_fusion,49,39,,3.266997613950114,0.33273983001708984,0.001792189260417703,0.9993123710695756
wo_fusion,50,0,,1.9296851611419275,0.07047319412231445,0.19353119357236015,0.9790898293430018
wo_fusion,50,1,,2.944812591772789,0.09865474700927734,0.04160613406146865,0.9890917046946303
wo_fusion,50,2,,3.09138355361473,0.12631988525390625,0.025103515779380442,0.9954366443708196
wo_fusion,50,3,,3.0647697457810454,0.14253854751586914,0.019086128383765777,0.9964680877664562
wo_fusion,50,4,,3.073456581947988,0.16683483123779297,0.014032016202610163,0.9970619491154592
wo_fusion,50,5,,3.043755506521559,0.17981719970703125,0.011946359283687175,0.997280740138776
wo_fusion,50,6,,3.0065536612136925,0.19876670837402344,0.009004473308666633,0.9973119959992499
wo_fusion,50,7,,3.1516178535329793,0.20685720443725586,0.0077590956061597645,0.9982652997437019
wo_fusion,50,8,,3.4508405629937426,0.21185970306396484,0.007428038419050697,0.9989998124648372
wo_fusion,50,9,,3.308424339607037,0.22775602340698242,0.0070159079941610695,0.9985778583484404
wo_fusion,50,10,,3.116358371872774,0.23982954025268555,0.00597032122574177,0.9983590673251235
wo_fusion,50,11,,3.231434325661578,0.24629545211791992,0.005504032262248224,0.9987341376508095
wo_fusion,50,12,,3.271062595173732,0.26039838790893555,0.005268043095705006,0.9969212977433268
wo_fusion,50,13,,3.4356356008739812,0.26150035858154297,0.004425747433919939,0.9978277176970682
wo_fusion,50,14,,3.3377816202152424,0.26309919357299805,0.004114172314405566,0.9975776708132775
wo_fusion,50,15,,3.3113304818650637,0.26044321060180664,0.004205895959054495,0.9993436269300494
wo_fusion,50,16,,3.2930064015661293,0.2648963928222656,0.0035795180528212923,0.9984215790460711
wo_fusion,50,17,,3.083791042494123,0.2659029960632324,0.003188840417349163,0.9988747890229418
wo_fusion,50,18,,3.1430585781166527,0.2737445831298828,0.00363227720292126,0.9991560917672063
wo_fusion,50,19,,2.8732688129185653,0.27611351013183594,0.0030074767183537405,0.9991248359067325
wo_fusion,50,20,,3.2121894259622006,0.2790083885192871,0.0031614895144685064,0.9985622304182035
wo_fusion,50,21,,3.2453286200357563,0.28062009811401367,0.003056319273384411,0.9976245546039882
wo_fusion,50,22,,2.9571457391868567,0.2790493965148926,0.002658428018170629,0.9981402763018066
wo_fusion,50,23,,3.063190864875,0.2890615463256836,0.0033245286945053697,0.999437394511471
wo_fusion,50,24,,2.8534672168501465,0.28862810134887695,0.002328431823196124,0.9990154403950741
wo_fusion,50,25,,3.1172981087647575,0.28549814224243164,0.0019906107441080485,0.9952491092079765
wo_fusion,50,26,,2.8402832367515747,0.2879824638366699,0.0029537843480797947,0.9972494842783022
wo_fusion,50,27,,2.9497101911034393,0.28759050369262695,0.0019434206565545104,0.9987810214415203
wo_fusion,50,28,,3.014789843461168,0.2865314483642578,0.002488517699015438,0.9994999062324186
wo_fusion,50,29,,2.9587912188223107,0.2928347587585449,0.002366813298509267,0.9991404638369694
wo_fusion,50,30,,2.6981216248801947,0.29961061477661133,0.001959976075688529,0.9995624179533663
wo_fusion,50,31,,2.8313503176360078,0.3054695129394531,0.002052800313673355,0.9995155341626555
wo_fusion,50,32,,2.928374080626077,0.3112368583679199,0.0022100683616408717,0.9996249296743139
wo_fusion,50,33,,2.705591403634807,0.30333518981933594,0.0018554315557861628,0.9989998124648372
wo_fusion,50,34,,2.668903422826352,0.30740880966186523,0.001779286213599075,0.9985466024879665
wo_fusion,50,35,,2.735383659233512,0.31090784072875977,0.0017915523696885672,0.9995780458836032
wo_fusion,50,36,,2.798537719718888,0.31817626953125,0.0018918998502434712,0.9994686503719448
wo_fusion,50,37,,2.930931942215804,0.31568336486816406,0.0016308260625286666,0.9996561855347877
wo_fusion,50,38,,2.8117952639273915,0.3238968849182129,0.001964893368235109,0.9993279989998125
wo_fusion,50,39,,2.9486356805374854,0.3210611343383789,0.001292162118165025,0.999406138650997
wo_fusion,50,40,,2.805489116362747,0.33109617233276367,0.0015416692533140048,0.9989998124648372
wo_fusion,50,41,,2.71488270382781,0.32300710678100586,0.0015676298186976863,0.9961399012314809
wo_fusion,50,42,,2.7767597488759743,0.32578277587890625,0.0016480425577772117,0.9994999062324186
wo_fusion,50,43,,2.76434389408336,0.32415246963500977,0.0017747755258277027,0.9989841845346003
wo_fusion,50,44,,2.7687229426908977,0.32306575775146484,0.0016572129161031188,0.999609301744077
wo_fusion,50,45,,2.698693270132538,0.3212614059448242,0.0014379100285557913,0.9995467900231293
wo_fusion,50,46,,2.899175696396904,0.32625579833984375,0.0014179831135790746,0.9997186972557355
wo_fusion,50,47,,3.028539808081049,0.3229513168334961,0.0013993849705039004,0.9991092079764956
wo_fusion,50,48,,2.9325844647264807,0.3238697052001953,0.0016305046083603565,0.9983434393948866
wo_fusion,50,49,,2.7226167668020507,0.3230161666870117,0.0012561625006397219,0.9995155341626555
wo_fusion,50,50,,2.6987789328757854,0.3311929702758789,0.0012255724011927596,0.9995624179533663
wo_fusion,50,51,,2.8205643663840116,0.32888174057006836,0.0015467006226938728,0.9997812089766831
wo_fusion,50,52,,2.3983879211877412,0.3351154327392578,0.0013275311679805282,0.9997655810464462
wo_fusion,50,53,,2.5824526380808632,0.33981895446777344,0.0014488061266959295,0.9997186972557355
wo_fusion,50,54,,2.5562730704244334,0.3396015167236328,0.0012495131057120524,0.9996405576045508
wo_fusion,50,55,,2.533688097164218,0.34163379669189453,0.0011565259991400882,0.9997186972557355
wo_fusion,50,56,,2.872698427015135,0.3435640335083008,0.001630569970152479,0.9987341376508095
wo_fusion,50,57,,2.593204807794299,0.34481287002563477,0.00122236494785131,0.9991873476276802
wo_fusion,50,58,,2.7935919880121216,0.34215545654296875,0.0012712656093079192,0.9995936738138401
wo_fusion,50,59,,2.681822501640553,0.34252023696899414,0.0012677701704657083,0.9993905107207601
wo_fusion,50,60,,2.7378203511615804,0.34711122512817383,0.0012440162962562907,0.9995780458836032
wo_fusion,50,61,,2.6894036388478644,0.3469691276550293,0.0009999604897834584,0.9998437206976308
wo_fusion,50,62,,2.5809374247937558,0.3530726432800293,0.001515561232363736,0.9997499531162093
wo_fusion,50,63,,2.6054214766774,0.3484048843383789,0.0012788220129949116,0.9996561855347877
wo_fusion,50,64,,2.4167732263028907,0.3460516929626465,0.0013056300905872373,0.9989685566043633
wo_fusion,50,65,,2.4568065477995287,0.34508705139160156,0.0010326370662581232,0.9996405576045508
wo_fusion,50,66,,2.640760616288837,0.34871435165405273,0.0010286279629816307,0.9994217665812339
wo_fusion,50,67,,2.8040662284545297,0.3518519401550293,0.0015008884325432247,0.9997343251859724
wo_fusion,50,68,,2.7610636972278026,0.3519759178161621,0.0009932959323620788,0.9992029755579172
wo_fusion,50,69,,2.5894022942185537,0.35294532775878906,0.0010368057179207227,0.9996249296743139
wo_fusion,50,70,,2.6037720253807635,0.35172033309936523,0.001031046215333003,0.9992186034881541
wo_fusion,50,71,,2.8785992354881946,0.35295581817626953,0.0012468294837860155,0.9995624179533663
wo_fusion,51,0,,2.9263024992682842,0.08037424087524414,0.17664307442964033,0.9804650872038507
wo_fusion,51,1,,3.98227369049886,0.11588525772094727,0.03833473151125561,0.9916234293930112
wo_fusion,51,2,,4.258069492192739,0.14523553848266602,0.024248722237427307,0.9960617615802964
wo_fusion,51,3,,4.249711791997284,0.1682729721069336,0.018140243887987705,0.998077764580859
wo_fusion,51,4,,4.187237585963627,0.19147491455078125,0.014356668970118093,0.994764643370632
wo_fusion,51,5,,4.469707266284409,0.20636510848999023,0.011371446033407147,0.9936394323935738
wo_fusion,51,6,,4.198752176109886,0.22167110443115234,0.009706672801883321,0.997858973557542
wo_fusion,51,7,,4.617098280489581,0.2349867820739746,0.008637255556738808,0.9985309745577295
wo_fusion,51,8,,4.49139190802924,0.23887300491333008,0.0077898602069163166,0.9958429705569795
wo_fusion,51,9,,4.234261929957138,0.25273847579956055,0.006736886891695235,0.9984215790460711
wo_fusion,51,10,,4.507913388508553,0.2588768005371094,0.005799750741546676,0.9989841845346003
wo_fusion,51,11,,4.406772691391715,0.2650766372680664,0.005942928075183835,0.9992186034881541
wo_fusion,51,12,,4.229854905243872,0.2686333656311035,0.004557846309920017,0.9977964618365943
wo_fusion,51,13,,4.518712891069413,0.27465295791625977,0.004096426072339398,0.9971713446271175
wo_fusion,51,14,,4.5673632785125395,0.2811126708984375,0.004301227341506548,0.9978902294180159
wo_fusion,51,15,,4.62985027021559,0.28239965438842773,0.00454176188638545,0.9995311620928924
wo_fusion,51,16,,4.307247587493332,0.28970766067504883,0.0036622847962232835,0.9987966493717572
wo_fusion,51,17,,4.431158552686206,0.2917313575744629,0.0035680904221406847,0.9989373007438895
wo_fusion,51,18,,4.406870970498137,0.3025503158569336,0.003290250310855836,0.9991717196974432
wo_fusion,51,19,,4.286775222626261,0.3085761070251465,0.0032294936825485597,0.9993123710695756
wo_fusion,51,20,,3.9457672575699902,0.30765533447265625,0.003109999701536009,0.9995155341626555
wo_fusion,51,21,,3.9880737378868973,0.3143773078918457,0.0032047763015459444,0.9990154403950741
wo_fusion,51,22,,4.000557670483465,0.31085634231567383,0.002885785016569606,0.9988279052322311
wo_fusion,51,23,,4.365353259585554,0.3168644905090332,0.002690797223848739,0.9992029755579172
wo_fusion,51,24,,4.05728641087837,0.3279733657836914,0.002693012538603134,0.998640370069388
wo_fusion,51,25,,4.218894738377429,0.32921695709228516,0.0024910721049842626,0.9988591610927049
wo_gating,42,0,0.8025304036158819,1.8907983466025915,,0.1845366535590552,0.9814496468087767
wo_gating,42,1,0.7793411005264244,2.768423273714917,,0.04067814972645258,0.9897793336250547
wo_gating,42,2,0.7778884063056222,3.2710749437502114,,0.02547411197137204,0.9936081765331
wo_gating,42,3,0.7811110569188917,3.4116400404907323,,0.02104452095846859,0.9973276239294868
wo_gating,42,4,0.7981612903856841,3.678814288144182,,0.01619460803911466,0.9966243670688254
wo_gating,42,5,0.793089448164198,3.6689538526066583,,0.01332835938893674,0.9956398074638995
wo_gating,42,6,0.7299946800440035,3.6287998348264248,,0.01094294537107852,0.9911077076951929
wo_gating,42,7,0.8000994712715578,3.5557532791497906,,0.010697630345533057,0.9983121835344128
wo_gating,42,8,0.7675658841943693,3.696388332375415,,0.008458278829542218,0.9968744139526161
wo_gating,42,9,0.7454566451191982,3.3841280107080434,,0.00822931265663009,0.9972963680690129
wo_gating,42,10,0.7246208402429084,3.636509207502425,,0.007282388231024103,0.9979839969994374
wo_gating,42,11,0.7572688740885856,3.9163957152109963,,0.0057990431078946076,0.9985622304182035
wo_gating,42,12,0.7333094368315118,3.465382011343791,,0.006045945826221955,0.9966556229292992
wo_gating,42,13,0.746323269890614,3.9655288176604215,,0.006378112003761246,0.995733575045321
wo_gating,42,14,0.7111650866977606,3.813969001937432,,0.0049412131873875125,0.9961867850221917
wo_gating,42,15,0.7116459023832152,3.696177895233407,,0.0054849625916050405,0.9987497655810464
wo_gating,42,16,0.7559372764015546,3.4142414053550985,,0.004551290185195022,0.9989998124648372
wo_gating,42,17,0.7108524179083231,3.7363410108006088,,0.004526830850126931,0.9990935800462587
wo_gating,42,18,0.7138857137674544,4.026158139529514,,0.004188694248100982,0.9989685566043633
wo_gating,42,19,0.6696272178840641,3.672916300258748,,0.004098368437970197,0.9987966493717572
wo_gating,42,20,0.7014055726389525,3.722904663278807,,0.003888634421803159,0.9975776708132775
wo_gating,42,21,0.6997389401113366,3.9183027613573547,,0.0037023776529481935,0.9988904169531787
wo_gating,42,22,0.750532437446223,4.200069334023159,,0.00415097006089825,0.9976401825342252
wo_gating,42,23,0.6865548519049062,4.004187318052564,,0.003398443083227717,0.9993905107207601
wo_gating,42,24,0.694185284631538,3.9164016928593863,,0.003607896914837409,0.9972963680690129
wo_gating,42,25,0.6458772003046718,3.5365797686597937,,0.0031869153543771906,0.9984372069763081
wo_gating,42,26,0.6326697999229629,3.56355691283755,,0.0030137447290435717,0.9991092079764956
wo_gating,42,27,0.629475775469241,3.7842452990089295,,0.003113776082518525,0.9996405576045508
wo_gating,42,28,0.6261826561861995,3.7814326994691636,,0.0030814510689075466,0.9979683690692005
wo_gating,42,29,0.668293242498936,3.3758274115686078,,0.0026139974847151316,0.9988279052322311
wo_gating,42,30,0.700481609881304,3.4875773932746186,,0.002701100388873899,0.9975151590923298
wo_gating,42,31,0.5677159263260287,3.5649391431464776,,0.003052391094659805,0.9995155341626555
wo_gating,42,32,0.5828358475002522,3.4845398502352123,,0.0026114681915803775,0.999031068325311
wo_gating,42,33,0.5570526772682214,3.6578989269534934,,0.0023719009379841605,0.9994686503719448
wo_gating,42,34,0.5418656952419945,3.792463567567277,,0.0026722844255143963,0.9992811152091017
wo_gating,42,35,0.6164311552690851,3.892381093660209,,0.002454883810585932,0.9991717196974432
wo_gating,42,36,0.5894531911461223,3.6750430671433385,,0.0021670233157191033,0.999031068325311
wo_gating,42,37,0.5465019395086659,3.781712768404333,,0.0023335792933609906,0.9995936738138401
wo_gating,43,0,0.7087702110339333,2.9779307723221793,,0.18710367982053716,0.9770581984122023
wo_gating,43,1,0.72888947993593,3.88840874679098,,0.042762914603111934,0.993217478277177
wo_gating,43,2,0.8103091740565593,4.137736045720305,,0.026523366727523884,0.9943583171844721
wo_gating,43,3,0.7009011215846619,4.240951531212662,,0.02165374867886506,0.9971713446271175
wo_gating,43,4,0.7783464203375071,4.338227843080015,,0.015215287479009089,0.9963743201850347
wo_gating,43,5,0.7709192441709177,4.108754366853666,,0.013801699628337131,0.9986247421391511
wo_gating,43,6,0.7656818270337686,4.064201186372791,,0.01127745916696286,0.994170782021629
wo_gating,43,7,0.7351911173467929,3.6990690755934708,,0.010106755442959187,0.998062136650622
wo_gating,43,8,0.7180701996887321,3.8091960782696916,,0.008626992710522655,0.9975776708132775
wo_gating,43,9,0.6828400449465323,4.048968583610419,,0.00821665532629463,0.9993748827905232
wo_gating,43,10,0.7276504954785471,4.1230244912449105,,0.006800216777675277,0.9981246483715697
wo_gating,43,11,0.6743810526718279,4.1372137381699705,,0.006630499940854282,0.9972963680690129
wo_gating,43,12,0.7245287896838576,3.9309462038900826,,0.005994095314776725,0.9993436269300494
wo_gating,43,13,0.7127830636813471,4.170250245495194,,0.004626280400366123,0.9987810214415203
wo_gating,43,14,0.6427965817057177,4.209265688806524,,0.0061826677977668285,0.995139713696318
wo_gating,43,15,0.6698671875103639,3.9795754866414392,,0.004821336623489777,0.9990623241857849
wo_gating,43,16,0.6657544104562463,4.164265658267112,,0.004965041079213144,0.9987653935112834
wo_gating,43,17,0.7062622688492235,3.6520751813648515,,0.004234370076882343,0.9987185097205726
wo_gating,43,18,0.6845708693426158,3.926201987777375,,0.004283678627258584,0.9967493905107208
wo_gating,43,19,0.6668209257300063,3.956759354933152,,0.0042669820729555495,0.9991404638369694
wo_gating,44,0,0.7768801349761394,2.222256476145411,,0.18051240880609448,0.9820591360880165
wo_gating,44,1,0.8038661346915121,3.0920801762737877,,0.04230732538996993,0.9877320747640183
wo_gating,44,2,0.7959095422167339,3.74635308695632,,0.026908055023351037,0.9946552478589735
wo_gating,44,3,0.800830193381844,3.840486030093865,,0.019739353501524504,0.9956710633243733
wo_gating,44,4,0.8110922180111401,4.411751641076001,,0.01551877489995666,0.9979058573482528
wo_gating,44,5,0.7710346320674057,4.453454848904237,,0.012187865173624524,0.9972651122085391
wo_gating,44,6,0.7949077542751152,4.265252942227106,,0.011179727517182842,0.9935144089516784
wo_gating,44,7,0.8210402857022938,4.524442825483723,,0.009430302369546149,0.9983903231855973
wo_gating,44,8,0.788047124170707,4.560065936945548,,0.008047802787939571,0.9976089266737513
wo_gating,44,9,0.7693083103029881,4.400891611792735,,0.00779635830528712,0.9982809276739388
wo_gating,44,10,0.760825893507436,4.456909529759781,,0.0065430443724374425,0.9989060448834156
wo_gating,44,11,0.729677873246873,4.5741107030905885,,0.006723711338879572,0.9979371132087267
wo_gating,44,12,0.7659473126988274,4.102930564071913,,0.005592018971191142,0.998077764580859
wo_gating,44,13,0.7082696691346146,4.324268035395627,,0.005825989097078545,0.9991248359067325
wo_gating,44,14,0.705320199567429,4.245428775781541,,0.0049287582165334085,0.9967493905107208
wo_gating,44,15,0.7158373951028959,4.581369785027632,,0.005045741954327242,0.9982652997437019
wo_gating,44,16,0.7390884866996933,4.550678245293735,,0.004993931211735525,0.9962805526036131
wo_gating,44,17,0.7127518907826301,4.520669253743165,,0.004216818114329119,0.9988904169531787
wo_gating,44,18,0.6849713797573543,4.363394442835108,,0.004260374852510744,0.999031068325311
wo_gating,44,19,0.7279570348980356,3.7882043297190258,,0.0037627070170730605,0.9993123710695756
wo_gating,44,20,0.7040187662128073,4.095251125092132,,0.0035225011099511688,0.9988747890229418
wo_gating,44,21,0.7110794958215465,4.137988311317118,,0.003308331303277022,0.9983590673251235
wo_gating,44,22,0.738568680645464,3.6409510916740864,,0.0035085125492010896,0.9990466962555479
wo_gating,44,23,0.6734155911217047,3.834966933381336,,0.00371347176345342,0.9988747890229418
wo_gating,44,24,0.6756498461797723,4.103506077623883,,0.003412789808383913,0.9931237106957554
wo_gating,44,25,0.717759468246193,3.990873572525289,,0.002728855221871837,0.9957804588360317
wo_gating,44,26,0.6529746883982671,4.031951659633006,,0.0037286131795410994,0.9993123710695756
wo_gating,44,27,0.6355574311617136,4.071369125936564,,0.002888596163710746,0.9991092079764956
wo_gating,44,28,0.666134748520382,3.9847066077254896,,0.0032587604827759805,0.9991248359067325
wo_gating,44,29,0.6459874684762874,4.232821017233401,,0.002179618738826745,0.9992654872788648
wo_gating,45,0,0.7847378028160186,1.7739241226752436,,0.18968396964870063,0.9892792398574732
wo_gating,45,1,0.7397918655220055,2.6748965832367504,,0.04484124276625407,0.9912014752766144
wo_gating,45,2,0.7419923445443893,3.157352267092809,,0.029157057902026016,0.9907170094392699
wo_gating,45,3,0.779126399631141,3.6414999519825337,,0.02073202492685631,0.9960930174407702
wo_gating,45,4,0.7066902300184768,3.6444159019813314,,0.017297397436861064,0.9971244608364068
wo_gating,45,5,0.7954810541554551,4.127078355637368,,0.01360754516968487,0.9972182284178284
wo_gating,45,6,0.7002143785218611,4.275009211566339,,0.011536418645645707,0.99649934362693
wo_gating,45,7,0.7087666417630787,3.8472548121661383,,0.009852022303188782,0.9983590673251235
wo_gating,45,8,0.6851527298168699,3.8733457462631606,,0.010106994029544158,0.9978120897668313
wo_gating,45,9,0.65552431020996,3.99419535227818,,0.008110842200903749,0.998077764580859
wo_gating,45,10,0.7057359586412266,3.8001353160803806,,0.00786658125992963,0.9974370194411453
wo_gating,45,11,0.6689952203075562,3.766562185279177,,0.0063170684841679665,0.9974057635806713
wo_gating,45,12,0.6053271987822434,3.7148277960513054,,0.0067249287937051075,0.9928892917422016
wo_gating,45,13,0.6447555537659406,3.86267243079905,,0.005508793668773206,0.9977183221854098
wo_gating,45,14,0.5927841281874892,3.861587148052143,,0.006185106526729026,0.9974057635806713
wo_gating,45,15,0.6665435153348895,3.6559312048464014,,0.0054254522933373855,0.9989060448834156
wo_gating,45,16,0.5678380545441151,4.014077365535547,,0.004754672626100361,0.9942958054635244
wo_gating,45,17,0.6535183362442131,4.031350436059557,,0.005067196468095728,0.9991560917672063
wo_gating,45,18,0.6084149857935708,3.9012865405804553,,0.004436117469558794,0.9985153466274926
wo_gating,45,19,0.6736750580481092,3.9174566566114706,,0.004406482605897817,0.9988279052322311
wo_gating,45,20,0.5795709564299419,3.636652979828287,,0.004092961234599179,0.9994217665812339
wo_gating,45,21,0.684119841721088,3.7460526888637773,,0.0035812649607828866,0.9991092079764956
wo_gating,45,22,0.5838882284230722,4.092048987866613,,0.003645335311008464,0.999031068325311
wo_gating,45,23,0.6114784452493846,3.648235530034832,,0.004070238192533121,0.9993279989998125
wo_gating,45,24,0.6064796107824739,3.586787486771061,,0.003771833307701535,0.9977495780458836
wo_gating,45,25,0.617061869209314,4.193222856244668,,0.003407415527857403,0.9991092079764956
wo_gating,45,26,0.6235878970036566,4.084385184224422,,0.003044780445856303,0.9988904169531787
wo_gating,45,27,0.5672953690039894,3.625066170142106,,0.0033686673673415024,0.9994217665812339
wo_gating,45,28,0.5375482956040316,3.8249403274561593,,0.003235574685321165,0.9996249296743139
wo_gating,45,29,0.5579245388666021,3.670357604363931,,0.0028544592951442343,0.9986716259298618
wo_gating,45,30,0.5819503818909247,3.7160847741422374,,0.002680620039791478,0.9989998124648372
wo_gating,45,31,0.5888439412669372,3.796641761346275,,0.002478911972218741,0.9987966493717572
wo_gating,45,32,0.5556185069832489,3.679823656830007,,0.0031417007057861425,0.9994842783021817
wo_gating,45,33,0.587311880517403,3.7879864412164483,,0.0028424495340777065,0.999234231418391
wo_gating,45,34,0.5978601148740681,3.5835029792819397,,0.0025479275688756135,0.9987028817903357
wo_gating,45,35,0.6323069715893106,3.6193087629167375,,0.002424126093075572,0.9992498593486279
wo_gating,45,36,0.5445393193109515,3.9040972031720553,,0.0022237606371188923,0.9993436269300494
wo_gating,45,37,0.5538122176829363,3.5165206859697196,,0.002942348481730743,0.9981402763018066
wo_gating,45,38,0.5280096265043857,3.465874075005021,,0.0023713505019893597,0.9990466962555479
wo_gating,46,0,0.8073283950435748,2.3251958407746396,,0.19029000423273537,0.9789022941801587
wo_gating,46,1,0.7919595363806731,3.935404180105258,,0.04384004573568344,0.994373945114709
wo_gating,46,2,0.8184830512262946,4.20228538391676,,0.026905803228892536,0.9940926423704445
wo_gating,46,3,0.7205695065078458,4.635345639833097,,0.01921449471369437,0.996890041882853
wo_gating,46,4,0.7817292912965808,4.854829536362536,,0.016169772038167624,0.9971244608364068
wo_gating,46,5,0.7358757841379409,5.06238331212323,,0.013121632362255796,0.9977964618365943
wo_gating,46,6,0.7423451841382575,4.966397224600622,,0.010168381610706104,0.9948584109520535
wo_gating,46,7,0.7493763645499698,4.890087270718885,,0.009850388550139961,0.9950615740451335
wo_gating,46,8,0.7297267939178005,4.7927069551227826,,0.008255061518499491,0.9987341376508095
wo_gating,46,9,0.7708783003643915,5.176735927665938,,0.008141010255370831,0.9975151590923298
wo_gating,46,10,0.7670041693261453,5.00338841372355,,0.006880060227838233,0.9989841845346003
wo_gating,46,11,0.6446467294153292,4.653627746404547,,0.007002027450656672,0.9985309745577295
wo_gating,46,12,0.6856126418269446,4.561996849150804,,0.005536187480291615,0.9976558104644621
wo_gating,46,13,0.727228313116832,4.486387861457865,,0.0063557210787373915,0.9988122773019942
wo_gating,46,14,0.6613558969356953,4.540688898354611,,0.005059544969523785,0.9955772957429518
wo_gating,46,15,0.6940856358236946,4.816015040695992,,0.005200777523801304,0.9975151590923298
wo_gating,46,16,0.6898428226026339,4.852082162212319,,0.00444316075120021,0.9990779521160218
wo_gating,46,17,0.6855205142219591,4.581814767505331,,0.004889592849478267,0.9994530224417079
wo_gating,46,18,0.7930941618778826,5.2240097289009,,0.004234016859480693,0.9984684628367819
wo_gating,46,19,0.6716125587277362,5.268984714049159,,0.004091992315084936,0.9979839969994374
wo_gating,46,20,0.691378765267856,4.767765498890785,,0.003938654738422342,0.9993123710695756
wo_gating,46,21,0.7127669166886819,4.316394713867088,,0.003693735523106426,0.9992186034881541
wo_gating,46,22,0.6218761051116544,4.435585332220984,,0.003771199929471293,0.9995155341626555
wo_gating,46,23,0.6902108327533832,4.983303351421368,,0.0034641514665261796,0.9995467900231293
wo_gating,46,24,0.6334749063357176,4.943690496659719,,0.003039901524097213,0.9992186034881541
wo_gating,46,25,0.6756884742455467,4.283225944716492,,0.0029016051836765026,0.9986247421391511
wo_gating,46,26,0.6665333940444245,4.173452315151748,,0.0032645429193024003,0.9991560917672063
wo_gating,46,27,0.6774079623277357,4.201220865746547,,0.003363433783959035,0.9997343251859724
wo_gating,46,28,0.6459281371966722,4.4321777463835605,,0.003053208309264333,0.9993436269300494
wo_gating,46,29,0.5946632145649255,5.184788519635568,,0.002806450151957329,0.9995311620928924
wo_gating,46,30,0.6681907409093917,4.910821230502232,,0.002812779544422721,0.9994842783021817
wo_gating,46,31,0.6056952334988134,4.294035877779897,,0.002666786726089666,0.999437394511471
wo_gating,46,32,0.5830079043386631,4.381447425139459,,0.0029517042547540463,0.9990623241857849
wo_gating,46,33,0.5871548280958165,4.487186414323622,,0.0022940114069097566,0.9987497655810464
wo_gating,46,34,0.6527217656547576,4.952294239475358,,0.0023500115200322342,0.9988279052322311
wo_gating,46,35,0.6484174952899646,5.050161236394954,,0.0022183580081966913,0.9995155341626555
wo_gating,46,36,0.717308107546117,5.092668325427513,,0.0026126400441965547,0.9929674313933863
wo_gating,46,37,0.5932660638864419,4.185560141712408,,0.0026048061737297956,0.9991248359067325
wo_gating,47,0,0.8043281053626127,3.038687625759145,,0.16961427654871233,0.9831062074138901
wo_gating,47,1,0.7646837715526665,3.7347840158090935,,0.04512774070471761,0.9886228667875226
wo_gating,47,2,0.7549542296202496,4.02200661400717,,0.02850417416591696,0.9855754203913234
wo_gating,47,3,0.7792744732049617,4.221810741560852,,0.021737705771048513,0.9968744139526161
wo_gating,47,4,0.7632510589751731,4.151102185562724,,0.01594210002479508,0.9959679939988748
wo_gating,47,5,0.7906112332058322,4.313677717224052,,0.014617425095872029,0.997858973557542
wo_gating,47,6,0.7690756347514578,4.140332992909719,,0.011291990082308785,0.9957492029755579
wo_gating,47,7,0.7162370068141346,4.353486591024174,,0.009765609313285665,0.9983278114646497
wo_gating,47,8,0.7476458307207807,4.007194278470804,,0.008201139669273627,0.9979683690692005
wo_gating,47,9,0.7011440649218827,4.299330667689377,,0.008874514908510402,0.9987497655810464
wo_gating,47,10,0.7491198982393683,4.250389429359456,,0.007112260629357459,0.998046508720385
wo_gating,47,11,0.7303570181311141,4.3357620744024,,0.008039893193190317,0.9974213915109083
wo_gating,47,12,0.7851593812818918,4.358316401986592,,0.006521785846632264,0.9988591610927049
wo_gating,47,13,0.7429853165347022,4.2632063699969285,,0.0060822837010212905,0.9985622304182035
wo_gating,47,14,0.7350099150870169,4.361963795896467,,0.005367286644474693,0.9969056698130899
wo_gating,47,15,0.6755996773073913,4.245097509201187,,0.005536582866332566,0.996890041882853
wo_gating,47,16,0.6900755581171738,4.347287668116977,,0.005146220657101528,0.9994530224417079
wo_gating,47,17,0.7174294380936512,4.444895023887991,,0.004690326929044129,0.9989685566043633
wo_gating,47,18,0.6947107950738263,4.207350220756696,,0.005084508038769889,0.9988904169531787
wo_gating,47,19,0.654056561807514,4.397796748445467,,0.003711448448310957,0.9989998124648372
wo_gating,47,20,0.7351758047818076,4.0227249665614,,0.004326428623483357,0.9992186034881541
wo_gating,47,21,0.6325163521908488,4.044578829825647,,0.0037874375321552633,0.9958898543476902
wo_gating,47,22,0.6846848940734991,4.549362760377423,,0.0034168281638928526,0.9987341376508095
wo_gating,47,23,0.6967578687610265,4.029647010561913,,0.004601799910847394,0.999609301744077
wo_gating,47,24,0.6651935357911902,3.7646817964475745,,0.0031193550889529933,0.9950146902544227
wo_gating,47,25,0.6205968157872818,4.049410349889196,,0.003363550268366093,0.9994842783021817
wo_gating,47,26,0.6653902328055378,4.169028063776877,,0.003361994818036237,0.9992654872788648
wo_gating,47,27,0.6487385057527999,4.158897627542573,,0.003115606740146764,0.9993436269300494
wo_gating,47,28,0.7159396251477338,4.45613757651971,,0.0027902407534377807,0.9992654872788648
wo_gating,47,29,0.6214839145831936,4.284566084269133,,0.0031764774093095104,0.9978277176970682
wo_gating,47,30,0.6008539016094814,4.478517046299429,,0.003393901464188702,0.9987497655810464
wo_gating,47,31,0.6126521318359988,4.450978649191764,,0.003127155881392306,0.9990935800462587
wo_gating,47,32,0.6068316214450122,4.3108328408868015,,0.0024466056723217522,0.9981559042320435
wo_gating,47,33,0.6286995085411404,4.2660126371147244,,0.002618419070954709,0.999437394511471
wo_gating,48,0,0.8405862792137553,1.6139021762690595,,0.18415589346319117,0.9787303869475527
wo_gating,48,1,0.8194667851638125,2.7065220585921965,,0.0477100392806365,0.9901856598112146
wo_gating,48,2,0.8564639913383046,3.0739018509063807,,0.02890170764625885,0.9929986872538601
wo_gating,48,3,0.8264474366168437,3.1921128578066593,,0.02176464200222973,0.995342876789398
wo_gating,48,4,0.8172301290558982,3.4199813368046765,,0.01857591487235077,0.9945145964868413
wo_gating,48,5,0.7478331739071622,3.790816375860826,,0.0143046569844115,0.9967650184409577
wo_gating,48,6,0.7716507105651258,4.0891063193147374,,0.012416348734892104,0.9968275301619054
wo_gating,48,7,0.7679696875330209,4.006573739503687,,0.0114808787905234,0.9977183221854098
wo_gating,48,8,0.7849624621238245,3.8884650501105904,,0.010557633621275514,0.9979527411389636
wo_gating,48,9,0.8151784253334384,3.9818097206187786,,0.008544184860237924,0.9970619491154592
wo_gating,48,10,0.7310797151697045,4.133151986541206,,0.007856733498526522,0.9983434393948866
wo_gating,48,11,0.7222652354481174,4.410128720133478,,0.007103417507121509,0.9985466024879665
wo_gating,48,12,0.6459253097703668,3.9971481570713387,,0.006839159967900137,0.9949052947427642
wo_gating,48,13,0.762121553607553,3.7895407525214666,,0.006475596315791693,0.9987028817903357
wo_gating,48,14,0.6648850117977221,3.791005077631863,,0.005763085302314934,0.996514971557167
wo_gating,48,15,0.7127643897594225,3.8839393741173547,,0.006081320917039856,0.9989685566043633
wo_gating,48,16,0.7499589739216388,3.94123173853557,,0.004619676749358989,0.9990466962555479
wo_gating,48,17,0.6985434022785593,3.935377138998648,,0.004771647691918621,0.999031068325311
wo_gating,48,18,0.6688377899021556,4.211022185600072,,0.005239503337044666,0.9981090204413328
wo_gating,48,19,0.6882831367144282,4.44359535671656,,0.004419177847534317,0.9978433456273051
wo_gating,48,20,0.7498687203300889,4.020371765314531,,0.004492966276879251,0.9989685566043633
wo_gating,48,21,0.666074246857187,4.450461407114521,,0.00402662441618782,0.9972494842783022
wo_gating,48,22,0.7010051802056261,4.022404111273459,,0.004397642758143281,0.9994530224417079
wo_gating,48,23,0.6540590025447524,4.092680683454766,,0.00360083924554824,0.999234231418391
wo_gating,48,24,0.7114834473513709,4.025194521050275,,0.00325187143833691,0.9987653935112834
wo_gating,48,25,0.6155660330925485,4.195890043486586,,0.003029334578789656,0.9986091142089142
wo_gating,48,26,0.6670346208153931,4.165670107126107,,0.0034531072999301297,0.9993592548602863
wo_gating,48,27,0.6778657509278647,3.9934466381938316,,0.0035730957364312095,0.9993123710695756
wo_gating,48,28,0.7231310957382072,4.198115830690662,,0.0028221515856711077,0.998452834906545
wo_gating,48,29,0.6600841693768202,3.9088729648254077,,0.0031775563776737935,0.9993748827905232
wo_gating,48,30,0.6702364123868256,4.179631272682272,,0.0030056599893024784,0.999437394511471
wo_gating,48,31,0.6554863608418505,4.021379229340508,,0.0027798738909133236,0.9987497655810464
wo_gating,48,32,0.7061585298982991,4.1823056903192946,,0.0032567813468328743,0.998640370069388
wo_gating,49,0,0.7427575439813991,4.44936434525891,,0.19609455811318496,0.9806995061574045
wo_gating,49,1,0.7943107526801879,6.137348647971378,,0.04834937981116819,0.9890448209039194
wo_gating,49,2,0.8183731786120251,7.056348082795157,,0.027504404174545118,0.9929049196724385
wo_gating,49,3,0.7267829252027094,6.6353445774893105,,0.021441380202884008,0.9948740388822904
wo_gating,49,4,0.8177628673577366,7.580682473942284,,0.015018292041813132,0.9964055760455085
wo_gating,49,5,0.7216725716874385,7.136698682208225,,0.013091859026279688,0.9951084578358442
wo_gating,49,6,0.6874941942822046,6.704701462679316,,0.010820585596384633,0.9970463211852222
wo_gating,49,7,0.7596714294103452,6.490965044355439,,0.009676834306964081,0.9985778583484404
wo_gating,49,8,0.7656173067898221,6.755974924741442,,0.00854534210733732,0.9973432518597237
wo_gating,49,9,0.744128599788383,6.04202845304577,,0.007442795509705502,0.9962805526036131
wo_gating,49,10,0.7030353477756501,6.477155993595147,,0.006806602805135104,0.9987028817903357
wo_gating,49,11,0.747869580906604,6.138728885715798,,0.006463900892501047,0.9981402763018066
wo_gating,49,12,0.7016518301009075,6.477416089037383,,0.006189951356669076,0.9984684628367819
wo_gating,49,13,0.7567286451478783,6.337334876137681,,0.005029906706562069,0.9984684628367819
wo_gating,49,14,0.7352545536100127,6.4703389670424105,,0.004908143661886901,0.9991717196974432
wo_gating,49,15,0.6634065324714253,6.6134439633875,,0.0044453413093383295,0.9970150653247484
wo_gating,49,16,0.7009592364687163,7.1827812312661,,0.004212888372504778,0.9983121835344128
wo_gating,49,17,0.6747279642724953,6.747580697522052,,0.004029652427197049,0.9963743201850347
wo_gating,49,18,0.7054311127602222,6.801408450645206,,0.004274585022852642,0.9994842783021817
wo_gating,49,19,0.6760756426657523,5.85958019990951,,0.0043091462751937365,0.9983746952553604
wo_gating,49,20,0.6585434504089154,5.267515614205978,,0.003413818171642449,0.9994842783021817
wo_gating,49,21,0.5304520187589681,5.8572409724802466,,0.004008934229586764,0.9983278114646497
wo_gating,49,22,0.6956399025854699,5.40897903440159,,0.003189150902673214,0.9993279989998125
wo_gating,49,23,0.7359758351262943,4.79965379770065,,0.0033929940043551745,0.9990466962555479
wo_gating,49,24,0.6787159500289144,5.263462108188501,,0.00294728019810957,0.9984059511158342
wo_gating,49,25,0.7243292427563167,6.126828506667397,,0.0031659901365962144,0.9961555291617178
wo_gating,49,26,0.6388310427330279,5.803660154546344,,0.002816126864127967,0.9991404638369694
wo_gating,49,27,0.6342651969387962,5.963135369026339,,0.002688126105373955,0.9993279989998125
wo_gating,49,28,0.6091606979329454,5.828325868648732,,0.0031934307405039825,0.9984059511158342
wo_gating,50,0,0.8123186756632836,2.1141669112123402,,0.19142905975076835,0.9894198912296055
wo_gating,50,1,0.7805666801999984,3.2568860976566403,,0.04226644145528303,0.9951084578358442
wo_gating,50,2,0.7811272418907881,3.5598931947867754,,0.02728200218810495,0.9943426892542352
wo_gating,50,3,0.8151099577025873,4.000399777580928,,0.02014551561243951,0.9940457585797337
wo_gating,50,4,0.7834921486486192,4.09167073777208,,0.016210805437241797,0.9984840907670188
wo_gating,50,5,0.8234397940273552,4.301421995745401,,0.013089179262654878,0.996514971557167
wo_gating,50,6,0.7352737353204399,3.8766227892997196,,0.011172547050907655,0.9975932987435144
wo_gating,50,7,0.7751273974065114,4.463128844061807,,0.009943184399147402,0.9976245546039882
wo_gating,50,8,0.8036963681357837,4.395635471639719,,0.009182312512723842,0.9987653935112834
wo_gating,50,9,0.7872842877710621,4.358600648932534,,0.00777393973918978,0.9951865974870289
wo_gating,50,10,0.7489602289007702,3.9058610150527837,,0.0070404810070923175,0.9987966493717572
wo_gating,50,11,0.6609646984520368,4.21888907813983,,0.006300759153529203,0.9974526473713822
wo_gating,50,12,0.7592390660420238,4.546309063488127,,0.006118724610587611,0.998046508720385
wo_gating,50,13,0.7653816337094828,4.409530830575921,,0.005804474834582514,0.999437394511471
wo_gating,50,14,0.7207245929411407,4.370886811720048,,0.005964070856726098,0.9976401825342252
wo_gating,50,15,0.6515316566919459,4.266628335551141,,0.0050235721878692605,0.9976401825342252
wo_gating,50,16,0.6975568354588073,4.454343024826593,,0.004502851589316978,0.9981246483715697
wo_gating,50,17,0.7011285471495821,4.2873823107246,,0.004175752380577282,0.9987185097205726
wo_gating,50,18,0.6364447445323422,4.156834189453504,,0.004467337742062749,0.9969681815340377
wo_gating,50,19,0.663980982520001,4.132039665778908,,0.004255390498781394,0.9992967431393386
wo_gating,50,20,0.6881905384870985,4.1394154912031125,,0.0034480911745271366,0.9994999062324186
wo_gating,50,21,0.6986592280791595,4.257203176455764,,0.0037237430099396162,0.9983590673251235
wo_gating,50,22,0.7278715011865657,4.120099516964866,,0.0038500036296394737,0.9981715321622804
wo_gating,50,23,0.7154203644612733,4.181920976162049,,0.003621839277126809,0.9991717196974432
wo_gating,50,24,0.7026569179859722,4.180838990036739,,0.0036058753626292527,0.9990935800462587
wo_gating,50,25,0.7065604613309026,4.173423801152309,,0.00368061651251926,0.9991560917672063
wo_gating,50,26,0.7477686325645355,4.165707958631755,,0.0031450471929590413,0.9994217665812339
wo_gating,50,27,0.6851719575202609,4.126602338698678,,0.003134544890603548,0.9991404638369694
wo_gating,50,28,0.6407461482259018,4.22528422523739,,0.0030624076254573986,0.9989373007438895
wo_gating,50,29,0.6545676627124466,4.1494400311338495,,0.0025319906832985354,0.9989841845346003
wo_gating,50,30,0.5858910283654986,4.031259129111677,,0.0029051598020441833,0.9992186034881541
wo_gating,51,0,0.8148683484218726,2.5373733506438154,,0.1855691815495752,0.9824967181346502
wo_gating,51,1,0.7920248953674106,4.131166445390979,,0.041825847791283295,0.9955616678127149
wo_gating,51,2,0.7760861225596762,4.672881532009743,,0.027241253501241694,0.9954679002312934
wo_gating,51,3,0.7292372725161315,4.967660148630787,,0.020640972025540827,0.9865756079264862
wo_gating,51,4,0.7533887375138136,5.021101159820344,,0.015890668122161535,0.9982652997437019
wo_gating,51,5,0.7503727865922835,4.835149905494705,,0.013231388448202222,0.9974995311620929
wo_gating,51,6,0.7939620156141858,5.142421617195833,,0.011960682176230595,0.9970463211852222
wo_gating,51,7,0.7946094711602723,4.828353929386432,,0.010278611058459343,0.9988279052322311
wo_gating,51,8,0.7527116430398971,4.896545177347598,,0.008410868120243884,0.9986247421391511
wo_gating,51,9,0.7530693182605981,5.1366246844785515,,0.008126569861001815,0.9985466024879665
wo_gating,51,10,0.7068181287687609,4.630375273418499,,0.008008660808781135,0.9981246483715697
wo_gating,51,11,0.75509780763815,4.96448719879311,,0.006569424975678586,0.9989060448834156
wo_gating,51,12,0.7383861635566418,4.888672748390455,,0.006265539723615637,0.9994686503719448
wo_gating,51,13,0.6956136781823712,5.103808595797253,,0.006497612543969742,0.9987341376508095
wo_gating,51,14,0.7086487829209388,4.790388401799029,,0.005216914822619876,0.9989216728136525
wo_gating,51,15,0.6790923759357432,4.991089215619662,,0.005727692383068567,0.9990466962555479
wo_gating,51,16,0.6754302945010621,4.745844752366742,,0.0049892735252019755,0.9986247421391511
wo_gating,51,17,0.6645099153271605,4.690599899147385,,0.0045516538363527675,0.9992029755579172
wo_gating,51,18,0.6749843043517348,4.728738608395019,,0.004382294492997937,0.9988122773019942
wo_gating,51,19,0.6743624134427958,4.800446310797387,,0.0038481244632230754,0.9990154403950741
wo_gating,51,20,0.6913304620766714,5.131886746477337,,0.003978633979192496,0.9993748827905232
wo_gating,51,21,0.6543017550700472,5.188631605866108,,0.0037656599831785618,0.998062136650622
wo_gating,51,22,0.5467941435749382,4.823807066536118,,0.0036946211409842823,0.9987028817903357
wo_spectral,42,0,,,0.15624380111694336,0.18917229484370449,0.9840595111583422
wo_spectral,42,1,,,0.18558025360107422,0.04194456596309384,0.9855910483215603
wo_spectral,42,2,,,0.21426010131835938,0.025104425161729022,0.9922016628117772
wo_spectral,42,3,,,0.22449064254760742,0.019067985169933566,0.9972494842783022
wo_spectral,42,4,,,0.24878263473510742,0.01461882839028291,0.9933581296493093
wo_spectral,42,5,,,0.2641148567199707,0.0119891399864711,0.99629618053385
wo_spectral,42,6,,,0.2704005241394043,0.010393445359641937,0.9982340438832281
wo_spectral,42,7,,,0.27761363983154297,0.008873247671273888,0.9985622304182035
wo_spectral,42,8,,,0.28025007247924805,0.008356354176245197,0.9979527411389636
wo_spectral,42,9,,,0.2849769592285156,0.00661196369319162,0.9981090204413328
wo_spectral,42,10,,,0.2899608612060547,0.006331928647493753,0.9981559042320435
wo_spectral,42,11,,,0.29967737197875977,0.005604533754958288,0.9966243670688254
wo_spectral,42,12,,,0.30489253997802734,0.005007109423317079,0.9985778583484404
wo_spectral,42,13,,,0.3040928840637207,0.005183569068432992,0.9992967431393386
wo_spectral,42,14,,,0.299832820892334,0.004914497619967762,0.9966712508595361
wo_spectral,42,15,,,0.3087739944458008,0.00396117848706553,0.999031068325311
wo_spectral,42,16,,,0.31272029876708984,0.004580524842607613,0.9990935800462587
wo_spectral,42,17,,,0.31660032272338867,0.00413117848980459,0.9990623241857849
wo_spectral,42,18,,,0.3213353157043457,0.003612997681255331,0.999031068325311
wo_spectral,42,19,,,0.31552839279174805,0.003942462794874316,0.9991404638369694
wo_spectral,42,20,,,0.31641578674316406,0.003643828632844923,0.9989216728136525
wo_spectral,42,21,,,0.3159337043762207,0.003111974923128346,0.9983278114646497
wo_spectral,42,22,,,0.32610321044921875,0.003481553282953602,0.9987341376508095
wo_spectral,42,23,,,0.3169984817504883,0.0030709318238406175,0.998640370069388
wo_spectral,43,0,,,0.16794300079345703,0.1951520817406841,0.973995124085766
wo_spectral,43,1,,,0.21269893646240234,0.04276695119951631,0.9939676189285491
wo_spectral,43,2,,,0.23267459869384766,0.026248672523403228,0.995155341626555
wo_spectral,43,3,,,0.24232006072998047,0.019564502646996305,0.9944833406263675
wo_spectral,43,4,,,0.2620964050292969,0.016295119016640963,0.9967493905107208
wo_spectral,43,5,,,0.2824592590332031,0.012523015154653271,0.9985778583484404
wo_spectral,43,6,,,0.28477001190185547,0.0113396989245928,0.9977026942551729
wo_spectral,43,7,,,0.28894519805908203,0.009947938105060655,0.9989841845346003
wo_spectral,43,8,,,0.2979450225830078,0.007708736096240185,0.9948740388822904
wo_spectral,43,9,,,0.3026447296142578,0.0077768298193635855,0.9975620428830406
wo_spectral,43,10,,,0.30342626571655273,0.006507278200119755,0.9974526473713822
wo_spectral,43,11,,,0.31559276580810547,0.00640284709980483,0.9989998124648372
wo_spectral,43,12,,,0.32566261291503906,0.005583470922935501,0.9984372069763081
wo_spectral,43,13,,,0.322965145111084,0.0055724713097671285,0.9981559042320435
wo_spectral,43,14,,,0.32042503356933594,0.005125786266785086,0.9987341376508095
wo_spectral,43,15,,,0.32313966751098633,0.004652069152199166,0.9955616678127149
wo_spectral,43,16,,,0.32546281814575195,0.0041610383416646295,0.9993436269300494
wo_spectral,43,17,,,0.32637977600097656,0.004761732263136564,0.9992498593486279
wo_spectral,43,18,,,0.33771419525146484,0.00431714018934823,0.9993592548602863
wo_spectral,43,19,,,0.34258413314819336,0.003909187887766492,0.9967962743014315
wo_spectral,43,20,,,0.3320589065551758,0.004360232026676969,0.998843533162468
wo_spectral,43,21,,,0.3424854278564453,0.0028689475296490756,0.9982184159529912
wo_spectral,43,22,,,0.33968162536621094,0.0034576819309293638,0.997671438394699
wo_spectral,43,23,,,0.33435678482055664,0.0034835256444576516,0.9988591610927049
wo_spectral,43,24,,,0.33970022201538086,0.00339536074717397,0.9988279052322311
wo_spectral,43,25,,,0.34189414978027344,0.0029911458907415913,0.9990154403950741
wo_spectral,43,26,,,0.3455839157104492,0.0031895522564665837,0.9988122773019942
wo_spectral,43,27,,,0.34577035903930664,0.0023627753753301677,0.9990623241857849
wo_spectral,43,28,,,0.34557104110717773,0.0035381644740502256,0.9991248359067325
wo_spectral,44,0,,,0.18221473693847656,0.19941029820946324,0.9744639619928737
wo_spectral,44,1,,,0.21349477767944336,0.04269330744817639,0.9784959679939988
wo_spectral,44,2,,,0.23195886611938477,0.025756820236215394,0.9937644558354691
wo_spectral,44,3,,,0.24656438827514648,0.018949205421231477,0.9945458523473151
wo_spectral,44,4,,,0.2599754333496094,0.015079414935877155,0.9983746952553604
wo_spectral,44,5,,,0.2813129425048828,0.012250578872814069,0.9982809276739388
wo_spectral,44,6,,,0.28782176971435547,0.010344854007903097,0.9984215790460711
wo_spectral,44,7,,,0.2965965270996094,0.008183184718483477,0.9983746952553604
wo_spectral,44,8,,,0.2928638458251953,0.008446721365214353,0.9960305057198224
wo_spectral,44,9,,,0.2991299629211426,0.006935513671945659,0.9989685566043633
wo_spectral,44,10,,,0.30486440658569336,0.006662539898512068,0.9983278114646497
wo_spectral,44,11,,,0.30435895919799805,0.0059842838571574145,0.9990466962555479
wo_spectral,44,12,,,0.31145429611206055,0.005329553066043414,0.9988747890229418
wo_spectral,44,13,,,0.3203859329223633,0.005387309259726153,0.9984059511158342
wo_spectral,44,14,,,0.3245105743408203,0.004746326469970161,0.9981871600925174
wo_spectral,44,15,,,0.33232736587524414,0.004695830564279759,0.9969525536038008
wo_spectral,44,16,,,0.3283524513244629,0.0036935531366498356,0.9992654872788648
wo_spectral,44,17,,,0.3285808563232422,0.004458678064790325,0.9977808339063574
wo_spectral,44,18,,,0.32779598236083984,0.003827798295347895,0.9992186034881541
wo_spectral,44,19,,,0.32918453216552734,0.003554435063906862,0.9988904169531787
wo_spectral,44,20,,,0.3344612121582031,0.004255030862555194,0.9959054822779271
wo_spectral,44,21,,,0.32895660400390625,0.003351339425245122,0.9992498593486279
wo_spectral,44,22,,,0.33110761642456055,0.0031463994321599834,0.9986559979996249
wo_spectral,44,23,,,0.3326277732849121,0.0028833776529897134,0.999812464837157
wo_spectral,44,24,,,0.34096527099609375,0.003061421978344211,0.9927798962305432
wo_spectral,44,25,,,0.33417272567749023,0.002929049263288063,0.9983746952553604
wo_spectral,44,26,,,0.3341660499572754,0.002816242213076049,0.9994999062324186
wo_spectral,44,27,,,0.3358316421508789,0.0026798759694615184,0.9984215790460711
wo_spectral,44,28,,,0.3433704376220703,0.0028547118810342584,0.9991248359067325
wo_spectral,44,29,,,0.34218597412109375,0.0028265435257759973,0.9991092079764956
wo_spectral,44,30,,,0.34313154220581055,0.0023588737179505415,0.9986559979996249
wo_spectral,44,31,,,0.3404502868652344,0.0025493016838303525,0.9987810214415203
wo_spectral,44,32,,,0.33824682235717773,0.002939047634801989,0.9989216728136525
wo_spectral,44,33,,,0.3411126136779785,0.0022733866352736567,0.9995155341626555
wo_spectral,45,0,,,0.17183542251586914,0.19835500154884422,0.9863724448334062
wo_spectral,45,1,,,0.20339250564575195,0.04280715848152209,0.9737138213415015
wo_spectral,45,2,,,0.20983076095581055,0.026144655127534177,0.9959054822779271
wo_spectral,45,3,,,0.23572111129760742,0.019530030579914915,0.9958117146965056
wo_spectral,45,4,,,0.24660158157348633,0.01600662169414676,0.9950928299056073
wo_spectral,45,5,,,0.24758386611938477,0.011606545666785179,0.9973745077201975
wo_spectral,45,6,,,0.2629885673522949,0.010672103682026254,0.9974995311620929
wo_spectral,45,7,,,0.25161218643188477,0.009497630168492636,0.9991873476276802
wo_spectral,45,8,,,0.262998104095459,0.008395781456120181,0.9971557166968806
wo_spectral,45,9,,,0.2687253952026367,0.007476629810499497,0.9965774832781147
wo_spectral,45,10,,,0.2659320831298828,0.007015264493118831,0.9987810214415203
wo_spectral,45,11,,,0.2751955986022949,0.006465506251181818,0.9983903231855973
wo_spectral,45,12,,,0.28107595443725586,0.005733586336908358,0.9974995311620929
wo_spectral,45,13,,,0.28940248489379883,0.005711878394715949,0.9992654872788648
wo_spectral,45,14,,,0.28490400314331055,0.004599681728738053,0.9976401825342252
wo_spectral,45,15,,,0.28561830520629883,0.005407934992528237,0.9969212977433268
wo_spectral,45,16,,,0.2957029342651367,0.004645961694881332,0.9982652997437019
wo_spectral,45,17,,,0.2909989356994629,0.00437296431936811,0.997483903231856
wo_spectral,45,18,,,0.2924175262451172,0.003995422507302111,0.9989060448834156
wo_spectral,45,19,,,0.29830074310302734,0.0035822205626015254,0.9989998124648372
wo_spectral,45,20,,,0.29840850830078125,0.0037882945989969083,0.9990935800462587
wo_spectral,45,21,,,0.30289554595947266,0.0032157593614553855,0.998077764580859
wo_spectral,45,22,,,0.3046417236328125,0.004105235126325223,0.9978902294180159
wo_spectral,45,23,,,0.305452823638916,0.0032578014720324837,0.9974213915109083
wo_spectral,46,0,,,0.1489706039428711,0.20371721386490105,0.9842626742514221
wo_spectral,46,1,,,0.19020557403564453,0.04292938906938038,0.9759017315746703
wo_spectral,46,2,,,0.21815967559814453,0.026142516254055736,0.9935300368819153
wo_spectral,46,3,,,0.23822593688964844,0.020147538736331343,0.9955929236731887
wo_spectral,46,4,,,0.24941730499267578,0.016185720144891075,0.9981715321622804
wo_spectral,46,5,,,0.2583732604980469,0.011956876960971394,0.996327436394324
wo_spectral,46,6,,,0.2731184959411621,0.010663269915790656,0.998046508720385
wo_spectral,46,7,,,0.27439451217651367,0.009084499324474127,0.9968275301619054
wo_spectral,46,8,,,0.28284692764282227,0.008931113491176791,0.9975151590923298
wo_spectral,46,9,,,0.2953004837036133,0.007304968197042065,0.9975932987435144
wo_spectral,46,10,,,0.29270219802856445,0.007091582706033063,0.9977183221854098
wo_spectral,46,11,,,0.29364919662475586,0.006198176175640278,0.9974526473713822
wo_spectral,46,12,,,0.30213308334350586,0.005935316158904497,0.9987028817903357
wo_spectral,46,13,,,0.304837703704834,0.005776610931389361,0.997874601487779
wo_spectral,46,14,,,0.30679893493652344,0.004682222914619085,0.9957023191848472
wo_spectral,46,15,,,0.3118910789489746,0.0043099713366827564,0.9977652059761205
wo_spectral,46,16,,,0.3123011589050293,0.004148730615644532,0.9987653935112834
wo_spectral,46,17,,,0.313840389251709,0.004374036944454026,0.9993748827905232
wo_spectral,46,18,,,0.32155418395996094,0.004777559987709495,0.9994217665812339
wo_spectral,46,19,,,0.32062816619873047,0.0038839206258838763,0.9989529286741264
wo_spectral,46,20,,,0.32349157333374023,0.0037399701259085527,0.9969681815340377
wo_spectral,46,21,,,0.3328685760498047,0.003955528991840867,0.9987341376508095
wo_spectral,46,22,,,0.321382999420166,0.0035788656101652483,0.9983434393948866
wo_spectral,46,23,,,0.3222346305847168,0.002853889266480273,0.9991873476276802
wo_spectral,46,24,,,0.32886505126953125,0.003326847804596475,0.9985466024879665
wo_spectral,46,25,,,0.3296546936035156,0.0036950768955565953,0.9982965556041757
wo_spectral,46,26,,,0.3292679786682129,0.0026437837337409107,0.9992967431393386
wo_spectral,46,27,,,0.32665491104125977,0.0031400400848509234,0.9985934862786773
wo_spectral,46,28,,,0.3355393409729004,0.0028208737611967087,0.9987028817903357
wo_spectral,47,0,,,0.16753244400024414,0.18007287705145214,0.988951053322498
wo_spectral,47,1,,,0.2010178565979004,0.03847315745990192,0.9965618553478778
wo_spectral,47,2,,,0.2218003273010254,0.024374853494890818,0.9893261236481841
wo_spectral,47,3,,,0.2443399429321289,0.018521463818429337,0.995342876789398
wo_spectral,47,4,,,0.24913692474365234,0.014638453930699478,0.9949209226730011
wo_spectral,47,5,,,0.2587127685546875,0.011095538846597983,0.9932799899981246
wo_spectral,47,6,,,0.27217578887939453,0.01088425484023952,0.9962649246733762
wo_spectral,47,7,,,0.28222227096557617,0.008740860137985513,0.9989841845346003
wo_spectral,47,8,,,0.28105974197387695,0.008213827099200096,0.998062136650622
wo_spectral,47,9,,,0.28850841522216797,0.006216128512930117,0.9982809276739388
wo_spectral,47,10,,,0.2910308837890625,0.006384321564397894,0.9988591610927049
wo_spectral,47,11,,,0.29508543014526367,0.0059061688999050505,0.9980308807901481
wo_spectral,47,12,,,0.30326223373413086,0.005263791383877498,0.9972651122085391
wo_spectral,47,13,,,0.30893468856811523,0.004888401599367316,0.9992967431393386
wo_spectral,47,14,,,0.30741262435913086,0.005146281190693791,0.9961711570919547
wo_spectral,47,15,,,0.3083062171936035,0.004222822703621085,0.9991092079764956
wo_spectral,47,16,,,0.3156414031982422,0.003955305310374555,0.9992654872788648
wo_spectral,47,17,,,0.3112192153930664,0.0040639127412592044,0.9986872538600988
wo_spectral,47,18,,,0.32080841064453125,0.0037967211871321816,0.9989685566043633
wo_spectral,47,19,,,0.32106447219848633,0.0035566729484812105,0.9980152528599112
wo_spectral,47,20,,,0.3191995620727539,0.0033303064065328706,0.9989529286741264
wo_spectral,47,21,,,0.32561779022216797,0.0031553467435137114,0.9996874413952617
wo_spectral,47,22,,,0.3190169334411621,0.003493960444091731,0.9995936738138401
wo_spectral,47,23,,,0.320986270904541,0.0030054391028379664,0.9971557166968806
wo_spectral,47,24,,,0.32332324981689453,0.0028448168290736158,0.9974213915109083
wo_spectral,47,25,,,0.32065773010253906,0.0030593838184156687,0.999031068325311
wo_spectral,47,26,,,0.3206453323364258,0.002435281409880072,0.9976558104644621
wo_spectral,47,27,,,0.3287954330444336,0.002597988948969948,0.9995311620928924
wo_spectral,47,28,,,0.33463096618652344,0.002626665145625213,0.9992654872788648
wo_spectral,47,29,,,0.3359260559082031,0.002438066801277429,0.99979683690692
wo_spectral,47,30,,,0.33600282669067383,0.0026722869122652666,0.9991092079764956
wo_spectral,47,31,,,0.3340787887573242,0.0025505573857284927,0.9989685566043633
wo_spectral,47,32,,,0.3338780403137207,0.002468494202607324,0.9993592548602863
wo_spectral,47,33,,,0.32970619201660156,0.0024048573379733197,0.9979996249296743
wo_spectral,47,34,,,0.34479379653930664,0.0021615159543744347,0.9997499531162093
wo_spectral,47,35,,,0.3415083885192871,0.0022869672667487624,0.999437394511471
wo_spectral,47,36,,,0.33423662185668945,0.0021901236526694233,0.9985153466274926
wo_spectral,47,37,,,0.33888864517211914,0.002103310470544928,0.9992967431393386
wo_spectral,47,38,,,0.33670806884765625,0.002308309133298969,0.998640370069388
wo_spectral,47,39,,,0.34191083908081055,0.002073564593964416,0.9994686503719448
wo_spectral,48,0,,,0.16221237182617188,0.1807376018121653,0.984293930111896
wo_spectral,48,1,,,0.18431615829467773,0.041218142349871166,0.9882321685315997
wo_spectral,48,2,,,0.20789861679077148,0.023971159894009608,0.995530411952241
wo_spectral,48,3,,,0.2238154411315918,0.01896789718897959,0.9957023191848472
wo_spectral,48,4,,,0.23693418502807617,0.014329160169936189,0.9982340438832281
wo_spectral,48,5,,,0.25166845321655273,0.011569162890095755,0.997671438394699
wo_spectral,48,6,,,0.2531418800354004,0.009638926848959608,0.9969056698130899
wo_spectral,48,7,,,0.2611665725708008,0.008992651681431367,0.9977495780458836
wo_spectral,48,8,,,0.2654604911804199,0.007844715366586836,0.9977808339063574
wo_spectral,48,9,,,0.2631692886352539,0.0070419974937500135,0.9983278114646497
wo_spectral,48,10,,,0.27365970611572266,0.005949471303674558,0.9967337625804839
wo_spectral,48,11,,,0.27306461334228516,0.006161608409433279,0.9992029755579172
wo_spectral,48,12,,,0.28006458282470703,0.005101639059780831,0.9979996249296743
wo_spectral,48,13,,,0.2772383689880371,0.005014134322343656,0.9984840907670188
wo_spectral,48,14,,,0.28387928009033203,0.004590199877235898,0.9982809276739388
wo_spectral,48,15,,,0.28986310958862305,0.004298059885694043,0.9986247421391511
wo_spectral,48,16,,,0.29387760162353516,0.004365621944588513,0.9989060448834156
wo_spectral,48,17,,,0.2981534004211426,0.00393312256438277,0.9995467900231293
wo_spectral,48,18,,,0.3007626533508301,0.00399501708529625,0.9986559979996249
wo_spectral,48,19,,,0.30150651931762695,0.004353243945793465,0.9994530224417079
wo_spectral,48,20,,,0.2996177673339844,0.0034234453178491244,0.9977808339063574
wo_spectral,48,21,,,0.3001213073730469,0.003455683949298866,0.9983746952553604
wo_spectral,48,22,,,0.30132579803466797,0.003442095036701684,0.997874601487779
wo_spectral,48,23,,,0.29736757278442383,0.0033688351321557023,0.9967962743014315
wo_spectral,48,24,,,0.30322790145874023,0.0031505448526306956,0.9973276239294868
wo_spectral,48,25,,,0.30583810806274414,0.002688437078251973,0.9972026004875915
wo_spectral,48,26,,,0.3177757263183594,0.0031548707882006607,0.9983434393948866
wo_spectral,48,27,,,0.31815099716186523,0.002801241622083314,0.9992029755579172
wo_spectral,49,0,,,0.16413116455078125,0.19140360427720093,0.9860755141589048
wo_spectral,49,1,,,0.2092118263244629,0.04239104696125582,0.9872632368569106
wo_spectral,49,2,,,0.2212200164794922,0.026420399957410898,0.9917171969744327
wo_spectral,49,3,,,0.23554134368896484,0.01951874030635613,0.9946083640682628
wo_spectral,49,4,,,0.24555158615112305,0.014933356651515363,0.9972182284178284
wo_spectral,49,5,,,0.2575249671936035,0.012324516682786033,0.9970306932549853
wo_spectral,49,6,,,0.26072072982788086,0.010496578586025368,0.9977652059761205
wo_spectral,49,7,,,0.28134727478027344,0.009542443773256196,0.9975776708132775
wo_spectral,49,8,,,0.2682476043701172,0.008250293378050442,0.9971869725573546
wo_spectral,49,9,,,0.27313661575317383,0.007038196108827023,0.9961555291617178
wo_spectral,49,10,,,0.27942991256713867,0.0071342470207118765,0.9983590673251235
wo_spectral,49,11,,,0.2760605812072754,0.0060287651497998316,0.9953585047196349
wo_spectral,49,12,,,0.28418445587158203,0.005604609209649546,0.9973276239294868
wo_spectral,49,13,,,0.2827491760253906,0.0052575362662297615,0.997280740138776
wo_spectral,49,14,,,0.28618574142456055,0.005283054416750421,0.9977026942551729
wo_spectral,49,15,,,0.2942676544189453,0.004972331451585768,0.9983746952553604
wo_spectral,49,16,,,0.29578351974487305,0.0042282807713292965,0.9985778583484404
wo_spectral,49,17,,,0.293729305267334,0.003984444655759759,0.9978433456273051
wo_spectral,49,18,,,0.3021235466003418,0.004025721370014439,0.9988122773019942
wo_spectral,49,19,,,0.2968273162841797,0.0033086450546489826,0.9978120897668313
wo_spectral,49,20,,,0.3040428161621094,0.003128201429370214,0.9979839969994374
wo_spectral,49,21,,,0.3053402900695801,0.003391472865200734,0.9985934862786773
wo_spectral,49,22,,,0.31581687927246094,0.0035154524148302444,0.9990466962555479
wo_spectral,49,23,,,0.3086256980895996,0.0031084501198582045,0.999031068325311
wo_spectral,49,24,,,0.31274890899658203,0.003464356599203115,0.9974682753016191
wo_spectral,49,25,,,0.31418371200561523,0.002582245667009889,0.9987028817903357
wo_spectral,49,26,,,0.3198566436767578,0.00289951514849304,0.999406138650997
wo_spectral,49,27,,,0.3175778388977051,0.003298646930683446,0.9991560917672063
wo_spectral,49,28,,,0.3210458755493164,0.0024285464610607284,0.9989841845346003
wo_spectral,49,29,,,0.3263411521911621,0.002656001217260256,0.9991560917672063
wo_spectral,49,30,,,0.32809019088745117,0.0027072355573836897,0.9990935800462587
wo_spectral,49,31,,,0.3320026397705078,0.002280008107606713,0.9991248359067325
wo_spectral,49,32,,,0.3383140563964844,0.002974664379524182,0.9993123710695756
wo_spectral,49,33,,,0.3371720314025879,0.0024154254407910063,0.9990779521160218
wo_spectral,49,34,,,0.3363628387451172,0.0021041830494050407,0.9993436269300494
wo_spectral,49,35,,,0.32523441314697266,0.0023302018932815386,0.9981715321622804
wo_spectral,49,36,,,0.32783985137939453,0.0021493821893668738,0.9985466024879665
wo_spectral,50,0,,,0.18839645385742188,0.20937455325251653,0.9735419141088955
wo_spectral,50,1,,,0.21509218215942383,0.04342618360257282,0.9819028567856473
wo_spectral,50,2,,,0.24214553833007812,0.027203097544915716,0.9947958992311058
wo_spectral,50,3,,,0.25237464904785156,0.01980506347698823,0.9927642683003063
wo_spectral,50,4,,,0.26098060607910156,0.016017984767175183,0.9977808339063574
wo_spectral,50,5,,,0.26769161224365234,0.012436550961266194,0.998046508720385
wo_spectral,50,6,,,0.28510618209838867,0.010487788637455718,0.9985934862786773
wo_spectral,50,7,,,0.2823147773742676,0.008676565340057434,0.9958117146965056
wo_spectral,50,8,,,0.28825807571411133,0.008572904485522323,0.9954991560917672
wo_spectral,50,9,,,0.2951211929321289,0.00675720634336712,0.9989529286741264
wo_spectral,50,10,,,0.30127763748168945,0.0067907473580554895,0.9991717196974432
wo_spectral,50,11,,,0.305117130279541,0.00525809364770649,0.9968744139526161
wo_spectral,50,12,,,0.3074188232421875,0.006318876777372531,0.9986716259298618
wo_spectral,50,13,,,0.30469417572021484,0.00514151992070638,0.9975776708132775
wo_spectral,50,14,,,0.3073005676269531,0.004836209233025353,0.995342876789398
wo_spectral,50,15,,,0.30439281463623047,0.0050847898082435035,0.9972494842783022
wo_spectral,50,16,,,0.31543588638305664,0.004265532510208023,0.998843533162468
wo_spectral,50,17,,,0.3224959373474121,0.004261967676186678,0.9991092079764956
wo_spectral,50,18,,,0.32334184646606445,0.004347214084092788,0.9991404638369694
wo_spectral,50,19,,,0.32552003860473633,0.003808058570459439,0.9989841845346003
wo_spectral,50,20,,,0.32525634765625,0.0039652171373973375,0.9987810214415203
wo_spectral,51,0,,,0.16950511932373047,0.19117460462947714,0.9810433206226168
wo_spectral,51,1,,,0.1953573226928711,0.04111735503758485,0.9780740138776021
wo_spectral,51,2,,,0.21868610382080078,0.02512997712980945,0.9932018503469401
wo_spectral,51,3,,,0.22877216339111328,0.01864289840149021,0.9962492967431393
wo_spectral,51,4,,,0.25576114654541016,0.013905162351722549,0.9966868787897731
wo_spectral,51,5,,,0.2572660446166992,0.011722730013786563,0.9977652059761205
wo_spectral,51,6,,,0.2724170684814453,0.010655781291920085,0.9977495780458836
wo_spectral,51,7,,,0.27100658416748047,0.008547168072292707,0.999031068325311
wo_spectral,51,8,,,0.2770371437072754,0.008226008384965955,0.9965462274176408
wo_spectral,51,9,,,0.28821611404418945,0.00745604470150048,0.9979527411389636
wo_spectral,51,10,,,0.28850221633911133,0.006682782797840979,0.9992654872788648
wo_spectral,51,11,,,0.2908906936645508,0.006112955698718104,0.9992029755579172
wo_spectral,51,12,,,0.3002328872680664,0.005531817402680528,0.9979214852784897
wo_spectral,51,13,,,0.29926395416259766,0.004928287090945126,0.9992811152091017
wo_spectral,51,14,,,0.3009004592895508,0.004861592004896348,0.9969369256735638
wo_spectral,51,15,,,0.3006253242492676,0.00429848786587313,0.9982965556041757
wo_spectral,51,16,,,0.30897951126098633,0.004564304625841313,0.9944364568356567
wo_spectral,51,17,,,0.3171067237854004,0.004380848625200606,0.9978433456273051
wo_spectral,51,18,,,0.31764793395996094,0.004149627759730016,0.9985778583484404
wo_spectral,51,19,,,0.31987905502319336,0.00407123131874872,0.9989529286741264
wo_spectral,51,20,,,0.3179326057434082,0.0036081913914165847,0.9985778583484404
wo_spectral,51,21,,,0.3259105682373047,0.0034474759069606548,0.9993279989998125
wo_spectral,51,22,,,0.32936716079711914,0.0030261394679922415,0.9992967431393386
wo_spectral,51,23,,,0.3245244026184082,0.003485730811377384,0.9989060448834156
wo_spectral,51,24,,,0.33811092376708984,0.0028209781882191504,0.998249671813465
wo_spectral,51,25,,,0.33773183822631836,0.0029666490320409277,0.9994999062324186
wo_spectral,51,26,,,0.3322758674621582,0.0022884510760418455,0.9983903231855973
wo_spectral,51,27,,,0.33041954040527344,0.0034651617623439055,0.9990779521160218
wo_spectral,51,28,,,0.33418798446655273,0.0029747218511418836,0.9995467900231293
wo_spectral,51,29,,,0.32704639434814453,0.002707544159936853,0.9993748827905232
wo_spectral,51,30,,,0.3365015983581543,0.0027594923504045696,0.9991560917672063
wo_spectral,51,31,,,0.33527040481567383,0.0027210528351342637,0.999437394511471
wo_spectral,51,32,,,0.33094024658203125,0.0020562527517236128,0.9988747890229418
wo_spectral,51,33,,,0.3326125144958496,0.0026339527826935126,0.9983590673251235
wo_spectral,51,34,,,0.3403940200805664,0.0025113014835382434,0.9991248359067325
wo_spectral,51,35,,,0.3389010429382324,0.002130461722303866,0.9990623241857849
wo_spectral,51,36,,,0.33916282653808594,0.0024759845984303765,0.9993279989998125
wo_spectral,51,37,,,0.3454899787902832,0.0023975875730028453,0.998843533162468
wo_spectral,51,38,,,0.3459291458129883,0.0020087289526135726,0.9993123710695756
wo_temporal,42,0,,,0.08467960357666016,0.36003963274720774,0.9044352066012378
wo_temporal,42,1,,,0.13089704513549805,0.1916773314912354,0.9314715259111084
wo_temporal,42,2,,,0.14936017990112305,0.1524582354303242,0.946661874101394
wo_temporal,42,3,,,0.1642308235168457,0.13034129273421122,0.9521472776145528
wo_temporal,42,4,,,0.17822933197021484,0.11552921791533814,0.9518816028005251
wo_temporal,42,5,,,0.18065834045410156,0.10496734797153856,0.9619928736638119
wo_temporal,42,6,,,0.2002277374267578,0.09648695057271116,0.9528974182659249
wo_temporal,42,7,,,0.19367170333862305,0.0887240035435615,0.9621491529661812
wo_temporal,42,8,,,0.19846725463867188,0.08356462059733878,0.9625554791523411
wo_temporal,42,9,,,0.2030620574951172,0.07856743184452278,0.9655872976183034
wo_temporal,42,10,,,0.20182085037231445,0.07311298332200936,0.9652278552228543
wo_temporal,42,11,,,0.20932722091674805,0.06909424236003806,0.967415765456023
wo_temporal,42,12,,,0.2101755142211914,0.06673878882975963,0.9674001375257861
wo_temporal,42,13,,,0.21461868286132812,0.061926271629232844,0.9682440457585797
wo_temporal,42,14,,,0.21172475814819336,0.0596114659053333,0.9676814402700507
wo_temporal,42,15,,,0.21435785293579102,0.056257315286293304,0.9685409764330812
wo_temporal,42,16,,,0.22102880477905273,0.05421065549352003,0.9702287928986685
wo_temporal,42,17,,,0.2175154685974121,0.05145499537833233,0.968791023316872
wo_temporal,42,18,,,0.2225804328918457,0.050883460714081175,0.9715727948990436
wo_temporal,42,19,,,0.2270040512084961,0.04699372336363174,0.9714008876664375
wo_temporal,42,20,,,0.22333049774169922,0.04628770430783234,0.9673219978746015
wo_temporal,42,21,,,0.23443126678466797,0.0444106502215854,0.9712602362943051
wo_temporal,42,22,,,0.22877264022827148,0.04214539412276458,0.9722291679689942
wo_temporal,42,23,,,0.2245640754699707,0.04167623243014051,0.9716509345502282
wo_temporal,42,24,,,0.23394775390625,0.0396610697563624,0.9731980996436832
wo_temporal,42,25,,,0.23237180709838867,0.03737894816782034,0.9723073076201788
wo_temporal,42,26,,,0.23649835586547852,0.03642450901252307,0.9694161405263487
wo_temporal,42,27,,,0.23490667343139648,0.036481122246388074,0.9704475839219854
wo_temporal,42,28,,,0.23751020431518555,0.03408463720841707,0.9732137275739201
wo_temporal,42,29,,,0.2361435890197754,0.033246677138958604,0.9720260048759143
wo_temporal,42,30,,,0.24008893966674805,0.031620101363600495,0.9724948427830218
wo_temporal,42,31,,,0.24478816986083984,0.031928108521618384,0.9729324248296556
wo_temporal,42,32,,,0.23718976974487305,0.03103185824616616,0.9714165155966744
wo_temporal,42,33,,,0.23999786376953125,0.02977900462648439,0.9704788397824592
wo_temporal,42,34,,,0.2388453483581543,0.030244693551043148,0.9711664687128837
wo_temporal,42,35,,,0.2479696273803711,0.0279384165620027,0.9689941864099518
wo_temporal,42,36,,,0.24192333221435547,0.02777626229333224,0.9713696318059636
wo_temporal,42,37,,,0.2423391342163086,0.026513234831776904,0.97362005376008
wo_temporal,42,38,,,0.2478032112121582,0.025809958480560533,0.9710883290616991
wo_temporal,42,39,,,0.25216102600097656,0.025658629240140795,0.972666750015628
wo_temporal,42,40,,,0.2456188201904297,0.025173119412939066,0.9734168906670001
wo_temporal,42,41,,,0.24404668807983398,0.024228371250462916,0.9725104707132587
wo_temporal,42,42,,,0.24509859085083008,0.024019005712192204,0.9723854472713633
wo_temporal,42,43,,,0.24454736709594727,0.02274422694573588,0.9727605175970494
wo_temporal,42,44,,,0.24676752090454102,0.022159704782445687,0.9730730762017878
wo_temporal,42,45,,,0.2512173652648926,0.022312544719536677,0.9737607051322122
wo_temporal,42,46,,,0.24747514724731445,0.021647320893701034,0.9695099081077702
wo_temporal,42,47,,,0.2508835792541504,0.02200789395848153,0.9733700068762893
wo_temporal,42,48,,,0.2485346794128418,0.020849289213181098,0.9744795899231106
wo_temporal,42,49,,,0.25084400177001953,0.02035432649933631,0.9715259111083329
wo_temporal,42,50,,,0.2491903305053711,0.02032687698977208,0.9728074013877602
wo_temporal,42,51,,,0.24363279342651367,0.019984862894352796,0.9730105644808401
wo_temporal,42,52,,,0.2529916763305664,0.01929479755497669,0.9733856348065262
wo_temporal,42,53,,,0.24490070343017578,0.020174981487222556,0.970713258736013
wo_temporal,42,54,,,0.24637699127197266,0.01801448824147115,0.9725886103644433
wo_temporal,42,55,,,0.25133800506591797,0.019293236652485373,0.9714477714571482
wo_temporal,42,56,,,0.2480607032775879,0.018123477168397767,0.9692911170844534
wo_temporal,42,57,,,0.24820566177368164,0.01799261093683361,0.9696349315496655
wo_temporal,42,58,,,0.2542843818664551,0.01781072104028524,0.9729793086203663
wo_temporal,43,0,,,0.09599733352661133,0.3650541459710414,0.9169531787210102
wo_temporal,43,1,,,0.14442920684814453,0.18182332295907533,0.9373788835406639
wo_temporal,43,2,,,0.16170120239257812,0.1476917944096373,0.9471307120085016
wo_temporal,43,3,,,0.1781296730041504,0.12819336485035157,0.9530380696380572
wo_temporal,43,4,,,0.18639898300170898,0.1161227822704512,0.9466775020316309
wo_temporal,43,5,,,0.19253873825073242,0.10549620527657795,0.9611333375007814
wo_temporal,43,6,,,0.20242547988891602,0.0976844221084041,0.9530224417078202
wo_temporal,43,7,,,0.19739866256713867,0.09051523142946502,0.9639151090829531
wo_temporal,43,8,,,0.20461559295654297,0.08346527746653876,0.966837532037257
wo_temporal,43,9,,,0.2119126319885254,0.07831004725081556,0.9654466462461712
wo_temporal,43,10,,,0.2110576629638672,0.07481282428578773,0.9663686941301494
wo_temporal,43,11,,,0.22025299072265625,0.0698691610667635,0.9674782771769707
wo_temporal,43,12,,,0.2220473289489746,0.06738744098340738,0.9617740826404951
wo_temporal,43,13,,,0.22439241409301758,0.06260175866516034,0.9681346502469212
wo_temporal,43,14,,,0.22147655487060547,0.06030075538130924,0.9643995749202976
wo_temporal,43,15,,,0.2248539924621582,0.05623120524487407,0.9654622741764081
wo_temporal,43,16,,,0.2332291603088379,0.054766528351686154,0.9677439519909983
wo_temporal,43,17,,,0.22819280624389648,0.05242642948296489,0.9673845095955491
wo_temporal,43,18,,,0.23372459411621094,0.05076693645140403,0.97032256048009
wo_temporal,43,19,,,0.23410654067993164,0.04801751357189817,0.9690098143401887
wo_temporal,43,20,,,0.2295513153076172,0.04568235387096309,0.9686972557354504
wo_temporal,43,21,,,0.2347726821899414,0.044191536734208475,0.9676814402700507
wo_temporal,43,22,,,0.23417901992797852,0.04311254930367412,0.9715727948990436
wo_temporal,43,23,,,0.2354717254638672,0.04048866678922227,0.9697599549915609
wo_temporal,43,24,,,0.23972654342651367,0.039500859721873,0.9696974432706132
wo_temporal,43,25,,,0.2391362190246582,0.038629404364519046,0.9713227480152529
wo_temporal,43,26,,,0.2359151840209961,0.03689560673084605,0.9710258173407514
wo_temporal,43,27,,,0.2395467758178711,0.03533316630050373,0.9694161405263487
wo_temporal,43,28,,,0.24575328826904297,0.03462053782936603,0.971479027317622
wo_temporal,43,29,,,0.2484431266784668,0.03381115739104338,0.9710727011314622
wo_temporal,43,30,,,0.2482295036315918,0.03230137292293461,0.9690879539913734
wo_temporal,43,31,,,0.24720287322998047,0.031870184056032744,0.9689004188285304
wo_temporal,43,32,,,0.25022268295288086,0.029378798039781596,0.972666750015628
wo_temporal,43,33,,,0.24993467330932617,0.02883447552705691,0.9718540976433081
wo_temporal,43,34,,,0.24590396881103516,0.02891618399292288,0.9700568856660624
wo_temporal,43,35,,,0.2508821487426758,0.02887610544983979,0.9637432018503469
wo_temporal,43,36,,,0.2512812614440918,0.02721627058135416,0.9674001375257861
wo_temporal,43,37,,,0.24089336395263672,0.027029014332756316,0.9689785584797149
wo_temporal,43,38,,,0.24690485000610352,0.025616827433673144,0.9722916796899419
wo_temporal,43,39,,,0.24983596801757812,0.02499757233734378,0.9719322372944927
wo_temporal,43,40,,,0.24828100204467773,0.023919020261541347,0.9719478652247296
wo_temporal,43,41,,,0.25130653381347656,0.02365767196411871,0.9717134462711758
wo_temporal,43,42,,,0.2472515106201172,0.023128571039990487,0.9689941864099518
wo_temporal,44,0,,,0.07326364517211914,0.36755363800032725,0.9115771707195099
wo_temporal,44,1,,,0.11888885498046875,0.1870828338228731,0.9428017753328749
wo_temporal,44,2,,,0.1423177719116211,0.14920147054529168,0.9480058761017691
wo_temporal,44,3,,,0.15687131881713867,0.13111986779528859,0.95074076389323
wo_temporal,44,4,,,0.16932439804077148,0.11784940379753638,0.9469431768456585
wo_temporal,44,5,,,0.17934179306030273,0.1069944267873407,0.9619303619428643
wo_temporal,44,6,,,0.18622970581054688,0.10073346307187342,0.9498030880790148
wo_temporal,44,7,,,0.18501901626586914,0.09282859444288935,0.9640401325248484
wo_temporal,44,8,,,0.19626951217651367,0.0867147171811724,0.962774270175658
wo_temporal,44,9,,,0.1969318389892578,0.08038149500817997,0.9641026442457961
wo_temporal,44,10,,,0.19414758682250977,0.07586529968960634,0.966634368944177
wo_temporal,44,11,,,0.20208358764648438,0.07233503366100531,0.9656498093392512
wo_temporal,44,12,,,0.2073955535888672,0.06881642173341783,0.9679314871538414
wo_temporal,44,13,,,0.21123075485229492,0.06577970762782966,0.9690879539913734
wo_temporal,44,14,,,0.20948171615600586,0.06218433428611839,0.9631962242920548
wo_temporal,44,15,,,0.21318769454956055,0.05919038945898416,0.9650559479902482
wo_temporal,44,16,,,0.21238040924072266,0.05657259979817144,0.9677752078514722
wo_temporal,44,17,,,0.21660232543945312,0.05421758292505676,0.9661655310370695
wo_temporal,44,18,,,0.21988439559936523,0.05287871749636442,0.968759767456398
wo_temporal,44,19,,,0.22218704223632812,0.0499007675510851,0.9670250672001001
wo_temporal,44,20,,,0.2177443504333496,0.04802376473035255,0.9708226542476714
wo_temporal,44,21,,,0.22239351272583008,0.04633750658566383,0.9695099081077702
wo_temporal,44,22,,,0.22274160385131836,0.045496152642639225,0.9709320497593299
wo_temporal,44,23,,,0.21813011169433594,0.04303532778186181,0.9708382821779084
wo_temporal,44,24,,,0.22934436798095703,0.041398160840904176,0.9692598612239794
wo_temporal,44,25,,,0.22801589965820312,0.04077533423293281,0.971307120085016
wo_temporal,44,26,,,0.22519159317016602,0.03892241206397558,0.9737607051322122
wo_temporal,44,27,,,0.2253270149230957,0.03754167775760138,0.9734481465274739
wo_temporal,44,28,,,0.22731781005859375,0.036851578499534896,0.9712602362943051
wo_temporal,44,29,,,0.23115777969360352,0.03569530140401869,0.9699787460148778
wo_temporal,44,30,,,0.23732995986938477,0.03390848676423557,0.9685409764330812
wo_temporal,44,31,,,0.23317527770996094,0.03393477312705499,0.9706976308057761
wo_temporal,44,32,,,0.23610925674438477,0.03147826408069885,0.9725260986434957
wo_temporal,44,33,,,0.23503923416137695,0.032395286010471244,0.9704163280615116
wo_temporal,44,34,,,0.23369979858398438,0.029751769334499446,0.96722823029318
wo_temporal,44,35,,,0.24046850204467773,0.03108514002293027,0.9649309245483528
wo_temporal,44,36,,,0.2385396957397461,0.029842030879109322,0.972854285178471
wo_temporal,45,0,,,0.08514022827148438,0.351004060382467,0.9037006938801025
wo_temporal,45,1,,,0.13053512573242188,0.18863113128732614,0.940270050634494
wo_temporal,45,2,,,0.14847660064697266,0.15156721112889596,0.9461774082640495
wo_temporal,45,3,,,0.16276311874389648,0.13244543024218647,0.946865037194474
wo_temporal,45,4,,,0.17014312744140625,0.11883028123265459,0.9514127648934175
wo_temporal,45,5,,,0.19060564041137695,0.10748618568497179,0.9535537913358755
wo_temporal,45,6,,,0.19590377807617188,0.09955966147606919,0.949177970869538
wo_temporal,45,7,,,0.19776153564453125,0.0920184146795196,0.9613677564543351
wo_temporal,45,8,,,0.19957780838012695,0.08579521202070912,0.9616803150590736
wo_temporal,45,9,,,0.20637941360473633,0.07933970064250197,0.9642120397574545
wo_temporal,45,10,,,0.21018123626708984,0.07546560454927453,0.9597893355004063
wo_temporal,45,11,,,0.21749162673950195,0.0705433204110731,0.9664312058510971
wo_temporal,45,12,,,0.217742919921875,0.0684901621692648,0.9617428267800212
wo_temporal,45,13,,,0.22535467147827148,0.06289220148802438,0.9667750203163094
wo_temporal,45,14,,,0.22554302215576172,0.06110242992672937,0.9599456148027755
wo_temporal,45,15,,,0.2281804084777832,0.057560069028501894,0.9628211539663687
wo_temporal,45,16,,,0.2352614402770996,0.05500179885900637,0.969744327061324
wo_temporal,45,17,,,0.22875213623046875,0.05324537061789153,0.9661186472463587
wo_temporal,45,18,,,0.2351832389831543,0.05036087700916662,0.9690098143401887
wo_temporal,45,19,,,0.23314523696899414,0.04682751901986753,0.9701662811777209
wo_temporal,45,20,,,0.23816251754760742,0.04658681977162231,0.9677595799212352
wo_temporal,45,21,,,0.24094629287719727,0.043983799041710805,0.9680408826654998
wo_temporal,45,22,,,0.23703861236572266,0.043512576259585274,0.9693692567356379
wo_temporal,45,23,,,0.2412567138671875,0.04046378228385294,0.9661967868975433
wo_temporal,45,24,,,0.2490835189819336,0.03975456510632865,0.9695724198287179
wo_temporal,45,25,,,0.24498558044433594,0.03785442938947472,0.9693223729449272
wo_temporal,45,26,,,0.24547100067138672,0.03695958537333692,0.9692442332937425
wo_temporal,45,27,,,0.2438039779663086,0.035993314507452474,0.970150653247484
wo_temporal,45,28,,,0.25980329513549805,0.034332373519532194,0.9697599549915609
wo_temporal,45,29,,,0.2502741813659668,0.034297200319647336,0.9711977245733575
wo_temporal,45,30,,,0.2529892921447754,0.032063360024660446,0.9692442332937425
wo_temporal,45,31,,,0.25148487091064453,0.032059864660082045,0.9684472088516597
wo_temporal,45,32,,,0.24974584579467773,0.030448436024499516,0.972072888666625
wo_temporal,45,33,,,0.24895858764648438,0.028800353882856705,0.9714165155966744
wo_temporal,45,34,,,0.2529010772705078,0.028552406076707854,0.9706351190848284
wo_temporal,45,35,,,0.2566385269165039,0.028566339169659255,0.9702131649684316
wo_temporal,45,36,,,0.2529454231262207,0.02731131916289934,0.9714633993873851
wo_temporal,45,37,,,0.2510051727294922,0.026609815886214958,0.9697755829217979
wo_temporal,45,38,,,0.25672292709350586,0.025793768951739036,0.9698537225729824
wo_temporal,45,39,,,0.2547416687011719,0.025483501374256715,0.9721510283178096
wo_temporal,45,40,,,0.25794029235839844,0.025323040211345984,0.9703694442708007
wo_temporal,45,41,,,0.25623226165771484,0.023377843772690674,0.971479027317622
wo_temporal,45,42,,,0.25510120391845703,0.023739219629187805,0.9729324248296556
wo_temporal,45,43,,,0.25660133361816406,0.023578234513241883,0.9706820028755392
wo_temporal,45,44,,,0.25553226470947266,0.02260079375085608,0.9708070263174345
wo_temporal,45,45,,,0.25930166244506836,0.022708325212663225,0.9708382821779084
wo_temporal,45,46,,,0.25735902786254883,0.02207517820882863,0.969556791898481
wo_temporal,45,47,,,0.2620515823364258,0.021749263447843593,0.9712602362943051
wo_temporal,45,48,,,0.25674915313720703,0.020169455069642687,0.9716978183409389
wo_temporal,45,49,,,0.25590944290161133,0.020389951588279203,0.9700881415265362
wo_temporal,45,50,,,0.25940418243408203,0.02036696234696729,0.9728699131087079
wo_temporal,45,51,,,0.2531900405883789,0.019029954583521705,0.9708382821779084
wo_temporal,45,52,,,0.2553563117980957,0.019166651516069392,0.9710883290616991
wo_temporal,46,0,,,0.07965230941772461,0.3610447680946437,0.9160623866975058
wo_temporal,46,1,,,0.11752843856811523,0.18476203422733833,0.9389729324248297
wo_temporal,46,2,,,0.14053916931152344,0.1479739618755253,0.9393480027505158
wo_temporal,46,3,,,0.16008329391479492,0.12851994790934024,0.9552572357316997
wo_temporal,46,4,,,0.16916656494140625,0.11457277844348508,0.9538976058010877
wo_temporal,46,5,,,0.18468809127807617,0.10395941523583727,0.960820778896043
wo_temporal,46,6,,,0.19256305694580078,0.09556870901215572,0.9573982621741577
wo_temporal,46,7,,,0.19568443298339844,0.08810749186750698,0.9660873913858848
wo_temporal,46,8,,,0.19788885116577148,0.0817943937790697,0.9671813465024692
wo_temporal,46,9,,,0.21026134490966797,0.07743544105822674,0.9662124148277802
wo_temporal,46,10,,,0.20294618606567383,0.07308508477848392,0.9664312058510971
wo_temporal,46,11,,,0.21288156509399414,0.06796153918512109,0.9696349315496655
wo_temporal,46,12,,,0.21802949905395508,0.06468935960843283,0.9649778083390635
wo_temporal,46,13,,,0.21728992462158203,0.061500187852791384,0.9681346502469212
wo_temporal,46,14,,,0.22453927993774414,0.05809897151120621,0.9665718572232294
wo_temporal,46,15,,,0.22493743896484375,0.05489866331537314,0.9663686941301494
wo_temporal,46,16,,,0.22947168350219727,0.0541792204993323,0.9708539101081453
wo_temporal,46,17,,,0.23092317581176758,0.05068446411399544,0.9679627430143152
wo_temporal,46,18,,,0.23141050338745117,0.04846131670723993,0.9718072138525974
wo_temporal,46,19,,,0.22970294952392578,0.046227841791097145,0.9723698193411264
wo_temporal,46,20,,,0.2307572364807129,0.045117935538194855,0.9713540038757267
wo_temporal,46,21,,,0.23785877227783203,0.04282670905358762,0.9680565105957367
wo_temporal,46,22,,,0.23296165466308594,0.04131390562565161,0.970916421829093
wo_temporal,46,23,,,0.23291683197021484,0.04017757162791131,0.9694161405263487
wo_temporal,46,24,,,0.2383260726928711,0.03866752700029471,0.9694161405263487
wo_temporal,46,25,,,0.24104690551757812,0.03699090665306013,0.9729949365506032
wo_temporal,46,26,,,0.24122858047485352,0.03551613837677614,0.9734794023879477
wo_temporal,46,27,,,0.23976516723632812,0.03481781841416147,0.9721041445270988
wo_temporal,46,28,,,0.24501562118530273,0.03336565818974666,0.9736356816903169
wo_temporal,46,29,,,0.2424030303955078,0.03272456751490098,0.9741670313183722
wo_temporal,46,30,,,0.24584388732910156,0.030628874872837785,0.9707913983871976
wo_temporal,46,31,,,0.24502849578857422,0.029971486643598326,0.9689316746890042
wo_temporal,46,32,,,0.2470107078552246,0.02890962418228972,0.97032256048009
wo_temporal,46,33,,,0.24584484100341797,0.029246759355304495,0.9711195849221729
wo_temporal,46,34,,,0.2452254295349121,0.028276246780821922,0.9669312996186785
wo_temporal,46,35,,,0.2446303367614746,0.026916261591376826,0.9659467400137526
wo_temporal,46,36,,,0.24732637405395508,0.02570993666497401,0.9724167031318373
wo_temporal,46,37,,,0.24519729614257812,0.026296852889285384,0.9737450772019753
wo_temporal,46,38,,,0.24902915954589844,0.025016400057641122,0.9697130712008502
wo_temporal,46,39,,,0.2508087158203125,0.02527884072732632,0.9723854472713633
wo_temporal,47,0,,,0.08011913299560547,0.3583703143799691,0.9167187597674564
wo_temporal,47,1,,,0.11702251434326172,0.18408495785258142,0.9395824217040695
wo_temporal,47,2,,,0.13764142990112305,0.14885153942904789,0.940660748890417
wo_temporal,47,3,,,0.16060209274291992,0.12887923100479493,0.9491310870788273
wo_temporal,47,4,,,0.17598915100097656,0.11545146063751449,0.9495374132649872
wo_temporal,47,5,,,0.18658971786499023,0.10519969270107812,0.9603675689191723
wo_temporal,47,6,,,0.19709205627441406,0.09834963090800504,0.9529755579171094
wo_temporal,47,7,,,0.1949176788330078,0.08959278433927868,0.9631337125711071
wo_temporal,47,8,,,0.19913530349731445,0.083756293897573,0.9603831968494093
wo_temporal,47,9,,,0.20595741271972656,0.07828417641407827,0.9633837594548978
wo_temporal,47,10,,,0.21166658401489258,0.0745141364593264,0.9627898981058949
wo_temporal,47,11,,,0.21838045120239258,0.07025684806658389,0.9647746452459837
wo_temporal,47,12,,,0.2180333137512207,0.06736723672455507,0.9646496218040883
wo_temporal,47,13,,,0.22465753555297852,0.06376310872468251,0.9661342751765956
wo_temporal,47,14,,,0.22121620178222656,0.059565961120332044,0.9631337125711071
wo_temporal,47,15,,,0.2269883155822754,0.057697810910247234,0.9654310183159343
wo_temporal,47,16,,,0.2316274642944336,0.054941366145060816,0.9667906482465463
wo_temporal,47,17,,,0.23913240432739258,0.052056942979309635,0.9647590173157466
wo_temporal,47,18,,,0.23457860946655273,0.05091727160730096,0.9681033943864474
wo_temporal,47,19,,,0.23581457138061523,0.047679130918772857,0.9708539101081453
wo_temporal,47,20,,,0.2370615005493164,0.04629590704090432,0.9695880477589548
wo_temporal,47,21,,,0.24297142028808594,0.04487267651406309,0.967806463711946
wo_temporal,47,22,,,0.24111318588256836,0.0438809768900655,0.9698537225729824
wo_temporal,47,23,,,0.2403120994567871,0.042266532369748214,0.9694786522472963
wo_temporal,47,24,,,0.2448406219482422,0.03992494893045611,0.9701350253172469
wo_temporal,47,25,,,0.24353885650634766,0.038303950972078074,0.9708226542476714
wo_temporal,47,26,,,0.24710369110107422,0.03743839586669987,0.9691973495030318
wo_temporal,47,27,,,0.24184846878051758,0.03574943957477458,0.9714477714571482
wo_temporal,47,28,,,0.24599123001098633,0.0355333735195573,0.9684472088516597
wo_temporal,47,29,,,0.24711132049560547,0.0334969351717934,0.9719947490154404
wo_temporal,47,30,,,0.2508721351623535,0.032855656148637974,0.9683534412702381
wo_temporal,47,31,,,0.2499237060546875,0.03233803586846789,0.9712446083640682
wo_temporal,47,32,,,0.2521648406982422,0.031200981272309095,0.97032256048009
wo_temporal,47,33,,,0.2546815872192383,0.02948620262482217,0.9715259111083329
wo_temporal,47,34,,,0.25179433822631836,0.02930452563504459,0.9679314871538414
wo_temporal,47,35,,,0.25451183319091797,0.02854811710928222,0.967806463711946
wo_temporal,47,36,,,0.25223684310913086,0.02824489512518316,0.9716196786897543
wo_temporal,47,37,,,0.25221729278564453,0.027831583601827085,0.9710258173407514
wo_temporal,47,38,,,0.256742000579834,0.026804174005380654,0.9680721385259736
wo_temporal,47,39,,,0.2564983367919922,0.025359662564102173,0.9711664687128837
wo_temporal,48,0,,,0.09483623504638672,0.3560674385454865,0.9082327936488092
wo_temporal,48,1,,,0.14249801635742188,0.19095301539507306,0.9316278052134775
wo_temporal,48,2,,,0.15826940536499023,0.14956264867978675,0.949177970869538
wo_temporal,48,3,,,0.17357730865478516,0.12784851773743888,0.9453803838219667
wo_temporal,48,4,,,0.18852996826171875,0.11621874085733652,0.947255735450397
wo_temporal,48,5,,,0.19431161880493164,0.10449966888632267,0.9604613365005938
wo_temporal,48,6,,,0.1996607780456543,0.09675421044785751,0.952881790335688
wo_temporal,48,7,,,0.2063617706298828,0.09041720826320329,0.9616959429893105
wo_temporal,48,8,,,0.2107706069946289,0.0837400064401221,0.9648059011064575
wo_temporal,48,9,,,0.21131658554077148,0.07889303785719705,0.9641807838969807
wo_temporal,48,10,,,0.2136826515197754,0.07463116647133256,0.9635869225479777
wo_temporal,48,11,,,0.22153472900390625,0.06981206383231303,0.9689004188285304
wo_temporal,48,12,,,0.22703838348388672,0.06638034815790475,0.9645714821529037
wo_temporal,48,13,,,0.22164058685302734,0.06270626721737775,0.9659779958742264
wo_temporal,48,14,,,0.22725200653076172,0.05978467354666772,0.9637588297805839
wo_temporal,48,15,,,0.22414064407348633,0.05712976700967011,0.966243670688254
wo_temporal,48,16,,,0.22763919830322266,0.05404133652258505,0.9678689754328936
wo_temporal,48,17,,,0.22839784622192383,0.05066403681566209,0.9675095330374445
wo_temporal,48,18,,,0.23284578323364258,0.05110894791163901,0.9694942801775333
wo_temporal,48,19,,,0.22734355926513672,0.04736659748926965,0.9718853535037819
wo_temporal,48,20,,,0.2339611053466797,0.0460142459114215,0.9689941864099518
wo_temporal,48,21,,,0.23701763153076172,0.043098982413739,0.9679471150840783
wo_temporal,48,22,,,0.2349848747253418,0.042153213252211746,0.9665718572232294
wo_temporal,48,23,,,0.23552608489990234,0.04132563672534989,0.9711977245733575
wo_temporal,48,24,,,0.2426013946533203,0.039140457467064814,0.9682909295492905
wo_temporal,48,25,,,0.2389078140258789,0.03785657336263715,0.9706507470150654
wo_temporal,48,26,,,0.23419570922851562,0.035734297309599226,0.9710570732012253
wo_temporal,48,27,,,0.23778343200683594,0.03518217555372721,0.971103956991936
wo_temporal,48,28,,,0.2443408966064453,0.03421500279081918,0.9690098143401887
wo_temporal,48,29,,,0.2440638542175293,0.03358598360389897,0.9718228417828343
wo_temporal,49,0,,,0.07541227340698242,0.34452177866894945,0.9083578170907045
wo_temporal,49,1,,,0.1306004524230957,0.18414174213088272,0.9380352566106145
wo_temporal,49,2,,,0.15856456756591797,0.14949599984403622,0.9482559229855598
wo_temporal,49,3,,,0.1856684684753418,0.12753445115153006,0.9477870850784522
wo_temporal,49,4,,,0.19583415985107422,0.11528351760652418,0.9500843908232793
wo_temporal,49,5,,,0.2008352279663086,0.10420583544439091,0.9582265424767143
wo_temporal,49,6,,,0.20714664459228516,0.09714758649259508,0.9539601175220354
wo_temporal,49,7,,,0.2079930305480957,0.08915221992960293,0.959664312058511
wo_temporal,49,8,,,0.22116327285766602,0.08199173112813868,0.961977245733575
wo_temporal,49,9,,,0.21205902099609375,0.07821078065549991,0.9647433893855097
wo_temporal,49,10,,,0.2220616340637207,0.07273243552214309,0.9644308307807714
wo_temporal,49,11,,,0.22629880905151367,0.0690536029881886,0.9670563230605739
wo_temporal,49,12,,,0.22971296310424805,0.06581649031584642,0.9623366881290242
wo_temporal,49,13,,,0.22982168197631836,0.062425094948066195,0.9663061824092017
wo_temporal,49,14,,,0.23076963424682617,0.0589138232107852,0.9633212477339501
wo_temporal,49,15,,,0.2306351661682129,0.05565545496507969,0.9672438582234169
wo_temporal,49,16,,,0.24110698699951172,0.054398033762997317,0.9667750203163094
wo_temporal,49,17,,,0.23742151260375977,0.05073713622894075,0.9675407888979184
wo_temporal,49,18,,,0.2428140640258789,0.04847051372830519,0.9664780896418078
wo_temporal,49,19,,,0.24118614196777344,0.04738158862398077,0.9666968806651247
wo_temporal,49,20,,,0.24387550354003906,0.044571672656537484,0.9700725135962993
wo_temporal,49,21,,,0.2444148063659668,0.04388191238505456,0.9700568856660624
wo_temporal,49,22,,,0.24109411239624023,0.04283186429494593,0.9693380008751641
wo_temporal,49,23,,,0.24387454986572266,0.039858608798476726,0.9690410702006627
wo_temporal,49,24,,,0.25363683700561523,0.03805145879957637,0.9697599549915609
wo_temporal,49,25,,,0.24229049682617188,0.037557696540638875,0.9702600487591423
wo_temporal,49,26,,,0.24910974502563477,0.03614137837920648,0.9723698193411264
wo_temporal,49,27,,,0.2435908317565918,0.03518662591144313,0.9688847908982934
wo_temporal,49,28,,,0.2461543083190918,0.0339843102560001,0.9709945614802775
wo_temporal,49,29,,,0.24587202072143555,0.03345144406181793,0.9705569794336438
wo_temporal,49,30,,,0.24745464324951172,0.03122131377383579,0.9675564168281553
wo_temporal,49,31,,,0.24700593948364258,0.03176682768333277,0.971682190410702
wo_temporal,49,32,,,0.24800729751586914,0.02988759226031695,0.9712133525035944
wo_temporal,49,33,,,0.24121379852294922,0.028641962986880688,0.9733856348065262
wo_temporal,49,34,,,0.2424144744873047,0.028517653088403722,0.9710101894105144
wo_temporal,49,35,,,0.2490077018737793,0.027764256830537046,0.9708695380383822
wo_temporal,49,36,,,0.24666166305541992,0.026962870582764423,0.9688379071075827
wo_temporal,49,37,,,0.24435853958129883,0.026831567928663112,0.9718072138525974
wo_temporal,49,38,,,0.2462458610534668,0.025356386190423703,0.9714477714571482
wo_temporal,49,39,,,0.24888229370117188,0.024208871877163026,0.9705569794336438
wo_temporal,49,40,,,0.24973392486572266,0.024371157901912213,0.9726198662249171
wo_temporal,49,41,,,0.24798297882080078,0.024154375512553845,0.9712289804338313
wo_temporal,49,42,,,0.2502470016479492,0.022663725868968147,0.9734012627367632
wo_temporal,49,43,,,0.2511777877807617,0.022235428976476693,0.9703850722010376
wo_temporal,49,44,,,0.2488880157470703,0.022020262254806324,0.9702444208289054
wo_temporal,49,45,,,0.254274845123291,0.02173175979701124,0.9733856348065262
wo_temporal,49,46,,,0.25270795822143555,0.021117084830826673,0.9710570732012253
wo_temporal,49,47,,,0.25466108322143555,0.020848583360089757,0.9711352128524098
wo_temporal,49,48,,,0.2479257583618164,0.020447370686777572,0.9709945614802775
wo_temporal,49,49,,,0.25199031829833984,0.019567535102432494,0.9717134462711758
wo_temporal,49,50,,,0.25078392028808594,0.019740344002767085,0.9707913983871976
wo_temporal,49,51,,,0.2500429153442383,0.02024695605276092,0.9719478652247296
wo_temporal,49,52,,,0.24997329711914062,0.019114199420204227,0.9720572607363881
wo_temporal,50,0,,,0.09401178359985352,0.3740816750664109,0.9177345752328562
wo_temporal,50,1,,,0.14002275466918945,0.18455883134270049,0.9423798212164781
wo_temporal,50,2,,,0.15784263610839844,0.1482059093132128,0.9509439269863099
wo_temporal,50,3,,,0.17452383041381836,0.126608714523651,0.953241232731137
wo_temporal,50,4,,,0.18072175979614258,0.11275209982260535,0.9536944427080077
wo_temporal,50,5,,,0.18893051147460938,0.10406343422194435,0.9577577045696068
wo_temporal,50,6,,,0.20136594772338867,0.09646553148416939,0.9547571419641183
wo_temporal,50,7,,,0.19534063339233398,0.08896335744809482,0.9655247858973558
wo_temporal,50,8,,,0.19749975204467773,0.08244307067798787,0.9648371569669313
wo_temporal,50,9,,,0.20061206817626953,0.07656583184807485,0.9645402262924299
wo_temporal,50,10,,,0.20817899703979492,0.07236330707707438,0.9642276676876914
wo_temporal,50,11,,,0.21042585372924805,0.06723932710488306,0.9665874851534663
wo_temporal,50,12,,,0.21359634399414062,0.0650462318863579,0.9664937175720447
wo_temporal,50,13,,,0.21590137481689453,0.060284901921867286,0.9675564168281553
wo_temporal,50,14,,,0.21978521347045898,0.0571812505125083,0.9654935300368819
wo_temporal,50,15,,,0.2201995849609375,0.05421380191146721,0.96393073701319
wo_temporal,50,16,,,0.22733402252197266,0.05210818985483206,0.9688222791773458
wo_temporal,50,17,,,0.22958803176879883,0.04924946097423999,0.9669781834093892
wo_temporal,50,18,,,0.22701597213745117,0.04772938096325672,0.969166093642558
wo_temporal,50,19,,,0.2336416244506836,0.04513471095355367,0.9679002312933676
wo_temporal,50,20,,,0.22737503051757812,0.04400038757184934,0.969931862224167
wo_temporal,50,21,,,0.2320723533630371,0.040662670559070954,0.9660405075951741
wo_temporal,50,22,,,0.23283100128173828,0.03988051898569737,0.9688847908982934
wo_temporal,50,23,,,0.23526620864868164,0.03845688108057358,0.9698380946427455
wo_temporal,50,24,,,0.23927974700927734,0.037276833557462676,0.9703381884103269
wo_temporal,50,25,,,0.23920536041259766,0.03475612692969641,0.9676970682002876
wo_temporal,50,26,,,0.24263906478881836,0.03391218555071574,0.9696818153403763
wo_temporal,50,27,,,0.2429966926574707,0.032385183368323786,0.9697912108520348
wo_temporal,50,28,,,0.24022436141967773,0.03056741517652437,0.969947490154404
wo_temporal,50,29,,,0.23969316482543945,0.03069955687051075,0.972260423829468
wo_temporal,50,30,,,0.2418055534362793,0.029187952768425125,0.9688222791773458
wo_temporal,50,31,,,0.24655580520629883,0.02916830404794933,0.97052572357317
wo_temporal,50,32,,,0.2438349723815918,0.027190981063232242,0.9714477714571482
wo_temporal,50,33,,,0.2459278106689453,0.026514971883693856,0.9710883290616991
wo_temporal,50,34,,,0.24097728729248047,0.025997990309086286,0.9699943739451147
wo_temporal,50,35,,,0.24585294723510742,0.025841318767664587,0.9647121335250359
wo_temporal,50,36,,,0.24541378021240234,0.02396747749054416,0.9719009814340189
wo_temporal,50,37,,,0.24678468704223633,0.024405732788801794,0.9682753016190536
wo_temporal,50,38,,,0.24930572509765625,0.023029330276519416,0.9683065574795274
wo_temporal,50,39,,,0.2464308738708496,0.02285358048951198,0.969353628805401
wo_temporal,51,0,,,0.09192323684692383,0.3694890286382605,0.9109207976495592
wo_temporal,51,1,,,0.1334376335144043,0.18951085600909753,0.9307213852597362
wo_temporal,51,2,,,0.15385723114013672,0.15034694879821525,0.9461930361942864
wo_temporal,51,3,,,0.1637406349182129,0.12930456510641455,0.9541476526848784
wo_temporal,51,4,,,0.17568254470825195,0.11599445723969139,0.9409264237044446
wo_temporal,51,5,,,0.18517541885375977,0.1049610877270658,0.9605238482215416
wo_temporal,51,6,,,0.19722414016723633,0.09793020460861225,0.9522566731262112
wo_temporal,51,7,,,0.19376611709594727,0.09023991059980789,0.9636650621991624
wo_temporal,51,8,,,0.2017812728881836,0.083281883087906,0.9669938113396261
wo_temporal,51,9,,,0.2068185806274414,0.07575575773515728,0.9667437644558354
wo_temporal,51,10,,,0.2067699432373047,0.07181078131818508,0.9658842282928048
wo_temporal,51,11,,,0.2113041877746582,0.06829792304506097,0.9642120397574545
wo_temporal,51,12,,,0.21830511093139648,0.06434166048075661,0.9659154841532788
wo_temporal,51,13,,,0.2194056510925293,0.06145837725037106,0.9673219978746015
wo_temporal,51,14,,,0.21813297271728516,0.05737479836340463,0.963336875664187
wo_temporal,51,15,,,0.2191181182861328,0.05510262983974958,0.9652591110833281
wo_temporal,51,16,,,0.22341489791870117,0.05218639859018405,0.9676970682002876
wo_temporal,51,17,,,0.22222375869750977,0.0507092756294978,0.9689941864099518
wo_temporal,51,18,,,0.22835254669189453,0.04855038150172255,0.9684628367818966
wo_temporal,51,19,,,0.23258304595947266,0.04631828916499719,0.9688222791773458
wo_temporal,51,20,,,0.22940731048583984,0.04394592548538371,0.9688535350378196
wo_temporal,51,21,,,0.2339639663696289,0.04255876438403403,0.9693692567356379
wo_temporal,51,22,,,0.2343764305114746,0.04031278971931066,0.9657592048509095
wo_temporal,51,23,,,0.23087644577026367,0.038796452465100925,0.9707445145964868
wo_temporal,51,24,,,0.23432588577270508,0.03752928960120129,0.9708851659686191
wo_temporal,51,25,,,0.23529529571533203,0.03617151196950516,0.9708695380383822
wo_temporal,51,26,,,0.2394118309020996,0.035506487113534366,0.9712289804338313
wo_temporal,51,27,,,0.23401355743408203,0.033800933565501755,0.9700412577358255
wo_temporal,51,28,,,0.23914670944213867,0.03314603892330558,0.9708070263174345
wo_temporal,51,29,,,0.2421436309814453,0.0319616914435801,0.9713383759454898
wo_temporal,51,30,,,0.24021196365356445,0.03063082055646392,0.9717759579921236
wo_temporal,51,31,,,0.24383878707885742,0.030549029631699098,0.9694786522472963
wo_temporal,51,32,,,0.2371077537536621,0.028476302629770557,0.9695099081077702
wo_temporal,51,33,,,0.24126243591308594,0.02811661767316576,0.9709945614802775
wo_temporal,51,34,,,0.24457120895385742,0.02789205219200544,0.9699162342939301
wo_temporal,51,35,,,0.24719953536987305,0.025957620925061643,0.968384697130712
wo_temporal,51,36,,,0.24574708938598633,0.026339685969560867,0.9692129774332687
wo_temporal,51,37,,,0.24638843536376953,0.02538482099679275,0.969947490154404
wo_temporal,51,38,,,0.2506728172302246,0.02388542475362413,0.9680408826654998
wo_temporal,51,39,,,0.24816179275512695,0.02385357925372755,0.9696036756891917
wo_temporal,51,40,,,0.24497461318969727,0.02456083324543787,0.9703069325498531
