config,seed,epoch,h_alpha,rho,s_tau,train_loss,val_acc
full,42,0,0.34362088111865013,2.2740115048412495,0.10262727737426758,1.2429293306026354,0.7400228050171037
full,42,1,0.4078272860845052,1.5046766022533289,0.10320329666137695,0.4860792535924651,0.7571265678449259
full,42,2,0.3742609448430836,1.1703462046853108,0.08458375930786133,0.453750314130958,0.8107183580387686
full,42,3,0.3722189664876133,1.299693201346876,0.08136796951293945,0.4403488653452017,0.7708095781071835
full,42,4,0.4055341644424899,0.9511170934115097,0.07659912109375,0.3896034468384621,0.7730900798175598
full,42,5,0.3951679502078129,1.137913121417192,0.06794548034667969,0.3688787319427324,0.7833523375142531
full,42,6,0.3876450207553126,1.2147050158181067,0.07386112213134766,0.36903417736927235,0.7993158494868872
full,42,7,0.36242212423265135,0.8102407154047464,0.07574272155761719,0.3639307834159991,0.7947548460661346
full,42,8,0.3409324226472843,1.4696318805073765,0.0747690200805664,0.34564376332467894,0.7240592930444698
full,42,9,0.43494055533667975,1.7655272132716475,0.07967996597290039,0.3607478618149008,0.7844925883694412
full,42,10,0.5047890631498487,0.9630310909209816,0.09037494659423828,0.3579856416170823,0.7879133409350056
full,42,11,0.5118779478228322,1.3920568379821308,0.0822305679321289,0.37878244273072725,0.7822120866590649
full,42,12,0.5025763699126402,1.086714801380789,0.0795292854309082,0.34986859581068,0.7833523375142531
full,43,0,0.4241418891674813,2.411312900247359,0.1156930923461914,1.2458355320108723,0.7080957810718358
full,43,1,0.37219126501219046,1.7120613968595433,0.11937475204467773,0.5416385945436916,0.7137970353477765
full,43,2,0.30476371265675395,1.1128661780004385,0.13580560684204102,0.44658550603825914,0.7411630558722919
full,43,3,0.3965036166043224,1.1743588370337001,0.11940956115722656,0.4227118403473052,0.6396807297605474
full,43,4,0.3566607264948608,0.9012440467387445,0.11553525924682617,0.40793149614310464,0.7810718358038768
full,43,5,0.3472090327556522,1.3964915565897291,0.12390756607055664,0.3778819705687009,0.7730900798175598
full,43,6,0.3522891883195079,1.2027700722168932,0.10994148254394531,0.38387225113945783,0.7594070695553021
full,43,7,0.41566954753613067,1.1957512849379637,0.0999140739440918,0.37087101338225303,0.774230330672748
full,43,8,0.34540781147250965,1.9228718190200182,0.11110687255859375,0.3619899018660712,0.7753705815279361
full,43,9,0.3441696869955456,1.4507357382737118,0.10144901275634766,0.4019673172648614,0.7730900798175598
full,43,10,0.3583700408190169,1.4342283333734631,0.09973430633544922,0.36410051354021944,0.7787913340935005
full,43,11,0.36139379287136997,2.16091773113843,0.1186990737915039,0.34691706197830374,0.7229190421892816
full,43,12,0.36012877348197253,1.8376240761907952,0.08985233306884766,0.4150618697134764,0.7856328392246295
full,43,13,0.3352766995151817,1.5890902773971987,0.10184240341186523,0.3597681748140077,0.7947548460661346
full,43,14,0.3899533096941894,1.886576181065972,0.11774063110351562,0.38160124517160887,0.7856328392246295
full,43,15,0.34924660672033336,2.453122374767434,0.12577342987060547,0.3623587752872017,0.7776510832383124
full,43,16,0.3447133381736344,1.7046657600505872,0.10167598724365234,0.34327554117646264,0.7856328392246295
full,43,17,0.37879784313644543,1.425751109320481,0.10727643966674805,0.3508393458346063,0.7719498289623717
full,43,18,0.34342874106733234,1.5158992647754896,0.12357473373413086,0.33800672326397646,0.7844925883694412
full,43,19,0.34555106426193816,1.654951961565171,0.11142253875732422,0.4061128285242061,0.7867730900798175
full,43,20,0.32857281883237094,1.7203066912814406,0.11554479598999023,0.34747368342579743,0.7856328392246295
full,43,21,0.3447286599959869,2.6113042376471065,0.10259628295898438,0.3243344293470482,0.7867730900798175
full,43,22,0.3269719674080715,1.899723193624593,0.13116836547851562,0.341862987514528,0.7913340935005702
full,43,23,0.33639232999221597,1.9465957466422728,0.10727643966674805,0.3491829633121746,0.7833523375142531
full,44,0,0.4145905832228762,2.5445991942710817,0.09816122055053711,1.220108410185614,0.7388825541619156
full,44,1,0.46940796710581745,1.8382810816440909,0.07176685333251953,0.5077562663126063,0.701254275940707
full,44,2,0.42867955081784315,1.3862546719607751,0.09740972518920898,0.4405473581209121,0.8015963511972634
full,44,3,0.37852274247262213,0.931757425274949,0.12384891510009766,0.42650173191511226,0.7708095781071835
full,44,4,0.39184877015955855,1.3065714823506571,0.12318849563598633,0.39534877129102264,0.7753705815279361
full,44,5,0.36488587853402243,1.511366675300368,0.14032411575317383,0.38065834664802,0.7810718358038768
full,44,6,0.3241149797296156,1.9764179923998797,0.11834144592285156,0.3592670384644871,0.7936145952109465
full,44,7,0.4112830251807662,1.1209819167632735,0.08099746704101562,0.4108890886937975,0.7844925883694412
full,44,8,0.40333991774325906,1.4393721282754917,0.0854029655456543,0.37145109125216763,0.7616875712656784
full,44,9,0.4198054086396117,1.647285173485559,0.0871577262878418,0.3728937898228295,0.7765108323831242
full,44,10,0.41203449063618397,1.1142707155344205,0.08619976043701172,0.35666730606916464,0.7958950969213227
full,44,11,0.5308839213089862,1.9643627343427432,0.1104130744934082,0.39305304097963784,0.7639680729760547
full,44,12,0.421738055532192,0.8539961302988762,0.09226226806640625,0.37636976125042926,0.7776510832383124
full,45,0,0.12216739428181866,2.545231897887268,0.08166933059692383,1.2879907194789117,0.6191562143671607
full,45,1,0.21599004272807024,2.3008781284236264,0.07325220108032227,0.5232620017033257,0.7719498289623717
full,45,2,0.16151001888949468,2.311875791772416,0.061785221099853516,0.4442689268672945,0.790193842645382
full,45,3,0.29416146502319485,2.5355611139325007,0.05286359786987305,0.42565400362842204,0.7799315849486887
full,45,4,0.12731591861948838,2.2748746087918112,0.08650445938110352,0.4028301500541241,0.7548460661345496
full,45,5,0.10911001346982094,2.0622757660532023,0.09171199798583984,0.4005283276870455,0.7776510832383124
full,45,6,0.14355665408770035,1.9198164415892516,0.08561515808105469,0.377560233206931,0.7890535917901939
full,45,7,0.17131783466070782,2.6491002636162833,0.07377004623413086,0.3941023963243582,0.7765108323831242
full,45,8,0.14739381603495452,1.802013518170276,0.07489538192749023,0.36767028296531634,0.7867730900798175
full,45,9,0.17694649200157964,2.9052953704551854,0.06650352478027344,0.3926948973254278,0.7833523375142531
full,45,10,0.2744604842736162,2.555312846262531,0.05739593505859375,0.3771895471633397,0.7936145952109465
full,45,11,0.3186780156991348,1.9011397761718174,0.06395912170410156,0.355142365485415,0.766248574686431
full,45,12,0.3634155478229001,1.7396124138142024,0.06428003311157227,0.36882512836569775,0.7765108323831242
full,45,13,0.3409570072832713,0.944002068905716,0.0771474838256836,0.3596874041668424,0.798175598631699
full,45,14,0.2840582085716775,1.5075066737524434,0.07512712478637695,0.34798482809553777,0.798175598631699
full,45,15,0.2947970730675994,1.0013073780874828,0.07062435150146484,0.33928965558849705,0.6704675028506272
full,45,16,0.3370953881744754,1.6422403786773634,0.06655502319335938,0.3451696241262471,0.7993158494868872
full,45,17,0.3483689649930353,2.7192164563588626,0.07376575469970703,0.3296779885289689,0.7822120866590649
full,45,18,0.35107232636555674,1.5786680838688756,0.07058143615722656,0.36899531293931903,0.7936145952109465
full,45,19,0.2718349093289729,1.605803511104677,0.05993223190307617,0.33814869981386547,0.7867730900798175
full,45,20,0.25349797043155103,1.5353033303593042,0.06845331192016602,0.36174665711336224,0.7970353477765109
full,45,21,0.26764288684194393,2.8332985044565433,0.06452751159667969,0.33450771217365105,0.7936145952109465
full,45,22,0.24563740038672177,2.104660944513509,0.07796955108642578,0.3747343729200727,0.7947548460661346
full,45,23,0.2866479181494288,1.9284929457514666,0.0788121223449707,0.332815065795263,0.7890535917901939
full,45,24,0.25151817585996894,1.9491362790443292,0.07044506072998047,0.32326439435256255,0.7958950969213227
full,45,25,0.21142218326052184,2.022731151750502,0.07610845565795898,0.3339002849917395,0.8050171037628279
full,45,26,0.23886326680925452,1.258146063490309,0.0789804458618164,0.3278219352781507,0.8015963511972634
full,45,27,0.2075041188512377,2.6979977619943663,0.08579063415527344,0.3163764128072698,0.798175598631699
full,45,28,0.23451809362410622,1.8385117347377626,0.07839727401733398,0.3096333342610342,0.7833523375142531
full,45,29,0.29901460066021057,2.551896981862471,0.08753108978271484,0.339562979631632,0.7890535917901939
full,45,30,0.31995007189366104,1.1296198128942043,0.08802175521850586,0.3417155446542864,0.798175598631699
full,45,31,0.25041395170412545,0.9625979953124169,0.1028895378112793,0.356763060871894,0.7879133409350056
full,45,32,0.23906855143300257,0.613330558832897,0.0870351791381836,0.34404899821472185,0.8015963511972634
full,45,33,0.26907267660046086,1.5259882067545754,0.08118820190429688,0.3237358978259191,0.7833523375142531
full,45,34,0.2686111380941639,1.1495780929405084,0.10812807083129883,0.32133184781923235,0.8004561003420753
full,45,35,0.18696682780880494,1.652193616113481,0.08527231216430664,0.3186283572570014,0.798175598631699
full,46,0,0.3932651244979413,3.254267872642801,0.10411310195922852,1.2520272087566204,0.7753705815279361
full,46,1,0.44090207238911233,3.021117875234718,0.0973663330078125,0.495284942452956,0.6567844925883695
full,46,2,0.4238542650210945,2.5417415353487915,0.08719205856323242,0.4417082848499243,0.8027366020524516
full,46,3,0.38948084480606004,1.9098311407351445,0.0888223648071289,0.4034101737272521,0.7913340935005702
full,46,4,0.41341160565205326,1.7374446852814818,0.1062612533569336,0.4036654826137295,0.7890535917901939
full,46,5,0.3919871790763333,2.1881664038123363,0.11772775650024414,0.3722298872252177,0.7890535917901939
full,46,6,0.40495923982477267,2.100007247535864,0.08047056198120117,0.4017294121663288,0.790193842645382
full,46,7,0.45601434293496024,2.059419874081295,0.0861506462097168,0.35586196175292983,0.7993158494868872
full,46,8,0.4762746978975783,2.2721825743227453,0.10002994537353516,0.34731007432015626,0.7856328392246295
full,46,9,0.44091782295897985,1.456873177603794,0.08900690078735352,0.36082814457278234,0.7913340935005702
full,46,10,0.41693331342092355,2.1130150224784625,0.08417654037475586,0.34180568197781813,0.7240592930444698
full,46,11,0.43034418541009,2.1968905314179423,0.0926198959350586,0.4093499785168193,0.7468643101482326
full,46,12,0.4246823441036883,1.7189311170584562,0.10632991790771484,0.37512486797781,0.7924743443557583
full,47,0,0.357143906344508,3.4646009514660276,0.11193561553955078,1.217954803795642,0.7879133409350056
full,47,1,0.3581332262714846,2.7494207372829296,0.16484308242797852,0.5085666639472686,0.7605473204104903
full,47,2,0.4406248512642843,2.6095644059763874,0.13095426559448242,0.44324246880791834,0.6556442417331813
full,47,3,0.3868989709196541,2.404270239519521,0.1555194854736328,0.37917905581960837,0.7924743443557583
full,47,4,0.3570369937306016,1.7103700939678967,0.14582538604736328,0.41970482278000204,0.7548460661345496
full,47,5,0.35872008879826145,1.5471049754609107,0.14319467544555664,0.3851126483837803,0.7673888255416191
full,47,6,0.4405128008584651,2.165221136836664,0.1346597671508789,0.36667406884052994,0.7810718358038768
full,47,7,0.39232918157279534,2.015471188643441,0.14161396026611328,0.369749709055101,0.7833523375142531
full,47,8,0.4053308380921184,2.416804490526486,0.1618785858154297,0.34735299944582115,0.7765108323831242
full,47,9,0.4042455938566747,1.7716408779561692,0.15113353729248047,0.35566100148677116,0.7993158494868872
full,47,10,0.4146820880210947,1.817702166015948,0.14922523498535156,0.3521205338238044,0.7810718358038768
full,47,11,0.41701988374596205,2.1454947377244094,0.17023420333862305,0.3524466730842628,0.7799315849486887
full,47,12,0.4151390837242441,1.3444798893914371,0.14714813232421875,0.33906983396238805,0.8050171037628279
full,47,13,0.4398872633671125,1.2860899914635646,0.14925193786621094,0.3382858102370089,0.7844925883694412
full,47,14,0.42135531483285404,1.4740084515229928,0.12702083587646484,0.34632220738703623,0.6807297605473204
full,47,15,0.4532263002759484,1.7210968847214023,0.11567831039428711,0.34244815689771557,0.7924743443557583
full,47,16,0.3986006049256554,1.4779396376314287,0.11993789672851562,0.38915377935088974,0.7913340935005702
full,47,17,0.3822788342440189,1.8668154557598728,0.14006280899047852,0.336888446059331,0.7765108323831242
full,47,18,0.39477745825906224,1.2916296420767552,0.12551355361938477,0.34339025567886433,0.7924743443557583
full,47,19,0.41143335915218815,1.5321485797673993,0.10402488708496094,0.3264726988443007,0.7924743443557583
full,47,20,0.37855805464390196,1.6494494277865863,0.11259603500366211,0.41702452937328527,0.7787913340935005
full,47,21,0.37412560044655735,1.4115867702213085,0.12166690826416016,0.34482086786375105,0.790193842645382
full,47,22,0.2865115491774843,1.422926336363203,0.15199708938598633,0.3428645668256738,0.7958950969213227
full,48,0,0.3986658193601017,3.4840194734559993,0.0803074836730957,1.2400924408264424,0.7548460661345496
full,48,1,0.4467881759702082,3.21346825916451,0.10309839248657227,0.5282439882352202,0.7799315849486887
full,48,2,0.39541381297155753,1.9770759483039808,0.11952877044677734,0.4596827289049851,0.7879133409350056
full,48,3,0.3637677219622806,1.5996156002050057,0.12340641021728516,0.42841642069592,0.7719498289623717
full,48,4,0.42470094095269106,1.2001674381038643,0.08810710906982422,0.39504708248492093,0.7947548460661346
full,48,5,0.4220044790625991,1.0150204347805634,0.09572601318359375,0.4323212324124962,0.7628278221208666
full,48,6,0.4582010200197856,1.3687071985622299,0.0883479118347168,0.3901089811656046,0.7936145952109465
full,48,7,0.44697191615916976,1.3485674177359102,0.09880638122558594,0.3808684452784552,0.7730900798175598
full,48,8,0.44379482526224645,1.5965701463508881,0.08795738220214844,0.35439216207027674,0.7696693272519954
full,48,9,0.4252901657698002,1.3767090360931513,0.06891870498657227,0.36309404720690325,0.7913340935005702
full,48,10,0.4435294666275639,1.0720837886139725,0.07872390747070312,0.3547377903743965,0.7913340935005702
full,48,11,0.4503967177004087,1.2792261497163073,0.09046745300292969,0.3519912969965597,0.7856328392246295
full,48,12,0.42120925234984685,1.159161670795966,0.06273841857910156,0.3549194559344101,0.7924743443557583
full,48,13,0.398295052175634,1.4995917929199436,0.11018610000610352,0.369130317504062,0.7924743443557583
full,48,14,0.4148675405853505,1.4043683208044406,0.07555866241455078,0.3747693575663796,0.6727480045610034
full,49,0,0.40766569162587746,3.2264466774306158,0.0986185073852539,1.1993841167482102,0.6704675028506272
full,49,1,0.5457223051575129,2.715228730801814,0.07952737808227539,0.47871320024243547,0.7833523375142531
full,49,2,0.3525117788371296,1.801632445873497,0.0849609375,0.42305658078749225,0.7046750285062714
full,49,3,0.37623923454530617,1.868097270175221,0.08667659759521484,0.44750680460100073,0.7799315849486887
full,49,4,0.3256006026585673,2.0802770942983573,0.11524248123168945,0.37660001810080473,0.7879133409350056
full,49,5,0.3548807250194947,2.6933373662440068,0.11410665512084961,0.36513788273385334,0.7822120866590649
full,49,6,0.3563934618902308,2.4458353131839257,0.09912347793579102,0.3543459381511085,0.7696693272519954
full,49,7,0.3673755615180412,2.3628997830203984,0.11804008483886719,0.3648926496623942,0.7400228050171037
full,49,8,0.357893965273815,2.3883329859692664,0.09602642059326172,0.39267570569365107,0.7787913340935005
full,49,9,0.35079848705308686,2.438499414998427,0.10253238677978516,0.344746976425935,0.7867730900798175
full,49,10,0.375228630022299,2.3804554609024526,0.1062769889831543,0.35015040663397423,0.7947548460661346
full,49,11,0.36199794235452376,1.8869743821149254,0.12193536758422852,0.36916484794938215,0.7890535917901939
full,49,12,0.4013049913767569,2.7989358521224688,0.1000666618347168,0.3442492467020193,0.7958950969213227
full,49,13,0.42927036749551406,3.079685088590683,0.09337139129638672,0.3401798874538726,0.7856328392246295
full,49,14,0.43068966494646893,1.8570102246616664,0.08899402618408203,0.350019827536799,0.8038768529076397
full,49,15,0.504114374517005,2.505398927532795,0.09545564651489258,0.36070215790710297,0.7890535917901939
full,49,16,0.47970915937686875,2.570717251081816,0.10736989974975586,0.337097226125389,0.798175598631699
full,49,17,0.5129867707949107,2.5519871452644938,0.108367919921875,0.32592482972348985,0.7947548460661346
full,49,18,0.4809131393308087,2.261717996499876,0.09488439559936523,0.34130166956381924,0.7924743443557583
full,49,19,0.4336828672338813,1.7479977011630168,0.10305452346801758,0.3401170769243708,0.8015963511972634
full,49,20,0.4516052299714655,2.009902816968345,0.12388038635253906,0.3397339814419668,0.8050171037628279
full,49,21,0.4596398373791834,2.4153466900453853,0.10440444946289062,0.31525425451134004,0.7970353477765109
full,49,22,0.41059648469397636,2.9544039548284804,0.12099933624267578,0.32348910070139403,0.7947548460661346
full,49,23,0.37269998945834276,2.2103601379289084,0.11731863021850586,0.3376633190671347,0.7947548460661346
full,49,24,0.4153636839130372,1.7368002547240318,0.10946178436279297,0.31687964114093164,0.806157354618016
full,49,25,0.38828071230999217,1.9203480533370816,0.11631107330322266,0.30737003366369153,0.7958950969213227
full,49,26,0.3949621048057027,1.9100546916424674,0.10784387588500977,0.3178560331899693,0.7913340935005702
full,49,27,0.36794083740930156,1.586997100754659,0.11120986938476562,0.3157620740279622,0.8004561003420753
full,49,28,0.38011639721132007,2.398162156691181,0.0984187126159668,0.3025984269708587,0.8015963511972634
full,49,29,0.3751288458311164,2.569100488266277,0.12336111068725586,0.31074858246667586,0.7320410490307868
full,49,30,0.39843943726958175,1.8783079142932038,0.11574125289916992,0.3148904130136133,0.7924743443557583
full,49,31,0.385992831432313,1.9701288360646054,0.11182165145874023,0.30785094184572886,0.6636259977194983
full,49,32,0.3883878802761035,2.771274417376053,0.10463523864746094,0.323254135024979,0.8027366020524516
full,49,33,0.4785799774230689,2.1502960988937465,0.10815858840942383,0.35767665760103107,0.7719498289623717
full,49,34,0.4804138490648068,1.783548512748586,0.10712909698486328,0.32205659946002874,0.798175598631699
full,50,0,0.4179348613878748,3.8411360946314934,0.10228395462036133,1.2030837287333087,0.7810718358038768
full,50,1,0.36849856487449195,2.6299063122576496,0.13385915756225586,0.4667927395546856,0.7844925883694412
full,50,2,0.4097991933428147,1.9662315826924306,0.1257038116455078,0.41926344811000266,0.7822120866590649
full,50,3,0.36651457130613363,2.1070845373703904,0.11081600189208984,0.40590188765679486,0.7776510832383124
full,50,4,0.35966703555042556,1.2960025535318507,0.12014198303222656,0.38704339605070426,0.8050171037628279
full,50,5,0.391684951045572,1.9242657771396172,0.1195216178894043,0.36591219195766383,0.798175598631699
full,50,6,0.3953924193564115,2.2442622604236018,0.11244630813598633,0.3452045155682656,0.7993158494868872
full,50,7,0.4281282582923394,2.7466125376077564,0.10741949081420898,0.3647238915665172,0.774230330672748
full,50,8,0.4408367901427388,2.4955508761644913,0.11488103866577148,0.36594218328912836,0.7947548460661346
full,50,9,0.42123178426997676,2.4867553627641366,0.08733749389648438,0.3634699642746887,0.7776510832383124
full,50,10,0.3683089109421146,1.356821942560727,0.09148168563842773,0.36562745170423044,0.7776510832383124
full,50,11,0.42403502845896013,1.6816827074858076,0.10201692581176758,0.3630436909009634,0.7822120866590649
full,50,12,0.3865378737818004,1.590535641600928,0.08104944229125977,0.3439144143002661,0.7947548460661346
full,50,13,0.3138069873407448,1.4166825448119835,0.09270238876342773,0.3536224584503817,0.7936145952109465
full,50,14,0.2732468918850884,1.6527261985747224,0.07658147811889648,0.33397547874819483,0.8004561003420753
full,51,0,0.3522578056393061,3.672059414169889,0.08604907989501953,1.1912573997668245,0.7753705815279361
full,51,1,0.4843978872598711,2.8754959121434718,0.09656238555908203,0.4702235475056941,0.7514253135689852
full,51,2,0.43069060460008396,2.4158812244720913,0.0756673812866211,0.4584057296805885,0.7958950969213227
full,51,3,0.46731468985177754,2.735249218589966,0.06929826736450195,0.407675138132136,0.7708095781071835
full,51,4,0.5166068753840916,2.269817485601211,0.08787727355957031,0.3865403728314893,0.790193842645382
full,51,5,0.4824684159629497,1.730878943789753,0.08607006072998047,0.3699267711093299,0.7867730900798175
full,51,6,0.5047287418689761,3.4432808079065516,0.0803990364074707,0.3511141385545102,0.8038768529076397
full,51,7,0.5057961878431942,3.2766368694590335,0.09883451461791992,0.36691252202401375,0.7879133409350056
full,51,8,0.42808801026406074,3.6323114252773823,0.08367729187011719,0.35917849317894873,0.7776510832383124
full,51,9,0.48323288824459926,3.1421709609847897,0.0889277458190918,0.3947987136240341,0.7639680729760547
full,51,10,0.47792903595436326,1.5969916599374905,0.09968137741088867,0.35890685754006724,0.7958950969213227
full,51,11,0.511895968746546,2.1462306800874886,0.08976411819458008,0.35356905329446126,0.7856328392246295
full,51,12,0.4759586424619577,1.9168646860006395,0.08542156219482422,0.33205789116330825,0.7958950969213227
full,51,13,0.48698047876097905,1.8502120110040394,0.09136199951171875,0.3358194855220494,0.798175598631699
full,51,14,0.6220821724240824,1.4656206870136583,0.08229446411132812,0.3625726738836603,0.7833523375142531
full,51,15,0.455765735757259,1.9076448406376216,0.07816886901855469,0.35414050792075646,0.7594070695553021
full,51,16,0.5281193090324706,2.0130740218716796,0.08384227752685547,0.3570801378419391,0.7856328392246295
wo_dynamic_gating,42,0,0.4306288098940525,2.406102645026049,0.1497802734375,1.243187184433093,0.6476624857468644
wo_dynamic_gating,42,1,0.3940140652415206,1.9732255747211591,0.24444580078125,0.48659528424731563,0.7776510832383124
wo_dynamic_gating,42,2,0.4826007797584255,1.8962633074995008,0.2930908203125,0.42844328108434343,0.7867730900798175
wo_dynamic_gating,42,3,0.4159183567044279,1.7415578600396653,0.2900390625,0.3961881681072517,0.7787913340935005
wo_dynamic_gating,42,4,0.4438836216247931,2.1414106417315275,0.2999267578125,0.3854261802811403,0.7879133409350056
wo_dynamic_gating,42,5,0.42414512522554193,2.383625345481558,0.31170654296875,0.38096147819976733,0.7822120866590649
wo_dynamic_gating,42,6,0.5623821433868619,2.0999802839530703,0.2608642578125,0.3686761599575226,0.7958950969213227
wo_dynamic_gating,42,7,0.542827796690158,2.494643622806499,0.2769775390625,0.3423528270551221,0.7879133409350056
wo_dynamic_gating,42,8,0.47473035473327735,2.106518291128081,0.369049072265625,0.3502797033743038,0.7810718358038768
wo_dynamic_gating,42,9,0.49613841054242946,2.246928346179054,0.36865234375,0.33768615039433947,0.7890535917901939
wo_dynamic_gating,42,10,0.4692431975235676,1.3952366623882124,0.27301025390625,0.38354993596429215,0.7947548460661346
wo_dynamic_gating,42,11,0.5106388224555367,1.995513777626912,0.245574951171875,0.34998115193861573,0.7765108323831242
wo_dynamic_gating,42,12,0.4975526474597682,2.2875459952187382,0.272796630859375,0.33518172031103177,0.7879133409350056
wo_dynamic_gating,42,13,0.47470435017073354,2.499077260731823,0.238250732421875,0.3266363474302618,0.7890535917901939
wo_dynamic_gating,42,14,0.5223139808325584,1.8050916754944795,0.253631591796875,0.32609699940586895,0.7924743443557583
wo_dynamic_gating,42,15,0.4650833165911963,2.2121653402043986,0.2030029296875,0.3348329427163082,0.7924743443557583
wo_dynamic_gating,42,16,0.4838359661669402,1.6750051734142932,0.17779541015625,0.3412180615937172,0.8015963511972634
wo_dynamic_gating,42,17,0.42390383573829027,1.4719199499330289,0.252471923828125,0.34404139021983166,0.7993158494868872
wo_dynamic_gating,42,18,0.3841123997372704,2.318756470186261,0.304107666015625,0.32068563110472603,0.790193842645382
wo_dynamic_gating,42,19,0.3920321036434003,2.4223957799850795,0.326385498046875,0.33322157715592693,0.7822120866590649
wo_dynamic_gating,42,20,0.5723620194327987,1.8031212571526112,0.340576171875,0.36393679104409243,0.8027366020524516
wo_dynamic_gating,42,21,0.49393513134072575,1.6121537669532613,0.310638427734375,0.32851913936314275,0.8004561003420753
wo_dynamic_gating,42,22,0.3833501939639297,1.8933038622679454,0.358734130859375,0.3346818167500172,0.8027366020524516
wo_dynamic_gating,42,23,0.3840057737149828,1.5997982949413119,0.382415771484375,0.34666575331113453,0.7890535917901939
wo_dynamic_gating,42,24,0.37045800150585756,1.4871663598643603,0.3465576171875,0.32798084762939206,0.8027366020524516
wo_dynamic_gating,42,25,0.40999126745600567,1.7700948121583089,0.32720947265625,0.310139440727754,0.790193842645382
wo_dynamic_gating,42,26,0.38714588758179197,2.621948348979617,0.337188720703125,0.318113622995787,0.7924743443557583
wo_dynamic_gating,42,27,0.3677714254013539,2.0383645907548313,0.348419189453125,0.30267573336770054,0.69327251995439
wo_dynamic_gating,42,28,0.3788114381825153,2.019063090696593,0.3450927734375,0.30817247435901207,0.6716077537058153
wo_dynamic_gating,42,29,0.39470847998590936,1.9289299061531833,0.343536376953125,0.31214762737269913,0.8004561003420753
wo_dynamic_gating,42,30,0.44142620066702054,2.232824692660676,0.351837158203125,0.30753740462916407,0.7822120866590649
wo_dynamic_gating,43,0,0.40766416002677275,3.4615100647329005,0.105133056640625,1.2467729465820794,0.7708095781071835
wo_dynamic_gating,43,1,0.24746192240375947,3.50291109343517,0.22869873046875,0.5129323412299924,0.6761687571265679
wo_dynamic_gating,43,2,0.30740630427172266,2.9706517938757933,0.272430419921875,0.4256882588935478,0.7137970353477765
wo_dynamic_gating,43,3,0.3707429111801068,2.474515358867401,0.272796630859375,0.38436452563469753,0.7628278221208666
wo_dynamic_gating,43,4,0.2869851838474195,2.094189413033496,0.25140380859375,0.40318595553366454,0.7331812998859749
wo_dynamic_gating,43,5,0.29421966653144227,2.8190479514769646,0.308258056640625,0.36272374393919876,0.7548460661345496
wo_dynamic_gating,43,6,0.2882702657234212,2.4944506994444176,0.306365966796875,0.3770615321075674,0.7787913340935005
wo_dynamic_gating,43,7,0.3469631331450593,2.062991260231782,0.33575439453125,0.36848599277159694,0.7537058152793614
wo_dynamic_gating,43,8,0.4029882202874271,2.0604972959263814,0.377197265625,0.36881869930882943,0.7616875712656784
wo_dynamic_gating,43,9,0.2810933444920223,2.441694802623469,0.36279296875,0.3508110878546757,0.6522234891676169
wo_dynamic_gating,43,10,0.3769129135595904,1.5677319767468467,0.346954345703125,0.3901942718993867,0.7822120866590649
wo_dynamic_gating,43,11,0.3164101179943129,1.7051090486307443,0.335174560546875,0.35976411915676515,0.7240592930444698
wo_dynamic_gating,43,12,0.33072475368236953,1.6209661071611094,0.33001708984375,0.3468526795074292,0.7970353477765109
wo_dynamic_gating,43,13,0.45794375656264635,1.493533474329621,0.292327880859375,0.350282202395816,0.7833523375142531
wo_dynamic_gating,43,14,0.5061817479189907,1.161500185466298,0.267303466796875,0.33027096281089463,0.7947548460661346
wo_dynamic_gating,43,15,0.35736943288309,2.1348846300685143,0.3065185546875,0.3306474358537851,0.7879133409350056
wo_dynamic_gating,43,16,0.37005803344403143,2.12684224710983,0.277191162109375,0.32639153108894675,0.7822120866590649
wo_dynamic_gating,43,17,0.3799049023271769,1.7154867888536178,0.310150146484375,0.3517044518894646,0.7366020524515393
wo_dynamic_gating,43,18,0.29994707098160167,1.8221667071259178,0.35284423828125,0.3418614610209581,0.7651083238312428
wo_dynamic_gating,43,19,0.3334205366322946,1.79560365502607,0.31298828125,0.33109332383949686,0.7879133409350056
wo_dynamic_gating,43,20,0.4219701646195879,1.6499847154017857,0.327911376953125,0.35221920612724805,0.7730900798175598
wo_dynamic_gating,43,21,0.3547694552653774,1.320141763957087,0.317779541015625,0.34026398118557644,0.790193842645382
wo_dynamic_gating,43,22,0.3303746050672064,1.0984340685030172,0.374786376953125,0.34996111900072374,0.7879133409350056
wo_dynamic_gating,44,0,0.3595122554637457,4.221107966987676,0.14959716796875,1.2353388693998164,0.734321550741163
wo_dynamic_gating,44,1,0.3965404182136183,3.2221712003472356,0.18255615234375,0.5073298319295071,0.7651083238312428
wo_dynamic_gating,44,2,0.3911941349900789,1.218750723090553,0.164947509765625,0.4437781471277028,0.8038768529076397
wo_dynamic_gating,44,3,0.4227213096704885,1.8724018876913033,0.15899658203125,0.39770157312365767,0.6590649942987458
wo_dynamic_gating,44,4,0.45056659252810183,1.2167624677794462,0.169464111328125,0.4118982844265251,0.7993158494868872
wo_dynamic_gating,44,5,0.4580584441793623,1.8152761852824475,0.217987060546875,0.3756444627953805,0.7913340935005702
wo_dynamic_gating,44,6,0.5145777198538457,1.4942499312935098,0.160064697265625,0.37266815943947273,0.798175598631699
wo_dynamic_gating,44,7,0.400885753904114,1.8202365013404198,0.175262451171875,0.36310624910807576,0.7924743443557583
wo_dynamic_gating,44,8,0.39521893495134497,2.7828654776464896,0.19952392578125,0.3530397949445703,0.7867730900798175
wo_dynamic_gating,44,9,0.3874103758375523,2.3209705074283935,0.2183837890625,0.3532298165615916,0.7856328392246295
wo_dynamic_gating,44,10,0.46577882201186493,2.184726726693207,0.185882568359375,0.360859391892243,0.7947548460661346
wo_dynamic_gating,44,11,0.4701934264101494,2.4835621287388605,0.180267333984375,0.3415069168135265,0.6647662485746865
wo_dynamic_gating,44,12,0.5558717294275208,2.4255166917148907,0.1771240234375,0.3355213407838942,0.7867730900798175
wo_dynamic_gating,45,0,0.36996252274374897,3.0464685851784608,0.140777587890625,1.2333891566696886,0.7651083238312428
wo_dynamic_gating,45,1,0.400123211177229,1.9186153939903225,0.193267822265625,0.5057423838779486,0.7936145952109465
wo_dynamic_gating,45,2,0.42433956453443344,1.908753334719075,0.215972900390625,0.43912364837256884,0.798175598631699
wo_dynamic_gating,45,3,0.41010791308776834,1.6049951216483542,0.242279052734375,0.41291411376909626,0.7799315849486887
wo_dynamic_gating,45,4,0.43294234977021495,2.1007551018534807,0.26837158203125,0.3888776399856401,0.7913340935005702
wo_dynamic_gating,45,5,0.4354305997466434,2.3129893210537764,0.32366943359375,0.3629602861097087,0.7890535917901939
wo_dynamic_gating,45,6,0.48139562736882285,1.9042370872777519,0.285675048828125,0.36028511797843976,0.7867730900798175
wo_dynamic_gating,45,7,0.4772958824820962,2.3723252746504784,0.31707763671875,0.36485780904833254,0.766248574686431
wo_dynamic_gating,45,8,0.38859060995275024,2.272072791627329,0.315765380859375,0.38038245001581555,0.7708095781071835
wo_dynamic_gating,45,9,0.47615356798674957,2.1393154190656425,0.28204345703125,0.3625707715587209,0.7685290763968073
wo_dynamic_gating,45,10,0.42515707291405735,2.032019526320873,0.288055419921875,0.37205749315735603,0.7879133409350056
wo_dynamic_gating,45,11,0.516889374418905,1.9839678228150608,0.312225341796875,0.34277235810036816,0.7810718358038768
wo_dynamic_gating,45,12,0.45822284454624596,1.895011614947637,0.319061279296875,0.3493100204382666,0.7970353477765109
wo_dynamic_gating,46,0,0.334575794271788,3.6828780715751908,0.162567138671875,1.2798750411181623,0.7525655644241733
wo_dynamic_gating,46,1,0.33739888214590597,5.291969732665247,0.159149169921875,0.5374259424493286,0.774230330672748
wo_dynamic_gating,46,2,0.3573785875407778,3.8691077940468737,0.20428466796875,0.4515303286456447,0.7628278221208666
wo_dynamic_gating,46,3,0.47832911944071244,3.3161823768419696,0.15118408203125,0.4545130419388347,0.7799315849486887
wo_dynamic_gating,46,4,0.45337963200201975,2.3351521411002447,0.2017822265625,0.4035669290375225,0.7924743443557583
wo_dynamic_gating,46,5,0.4629027700354217,3.3818025894636485,0.17974853515625,0.40119497859956726,0.7844925883694412
wo_dynamic_gating,46,6,0.4558575403511911,2.4409261400573774,0.167938232421875,0.3753213037874773,0.7879133409350056
wo_dynamic_gating,46,7,0.5134561041296994,2.004889400910306,0.2335205078125,0.3741439064954494,0.7491448118586089
wo_dynamic_gating,46,8,0.4348592241494241,2.5180213099939435,0.25152587890625,0.3984217016071628,0.790193842645382
wo_dynamic_gating,46,9,0.4374689916401896,2.1128914552178886,0.29071044921875,0.3592739756531685,0.7639680729760547
wo_dynamic_gating,46,10,0.41717011095849366,1.5879570196076815,0.27032470703125,0.38135346344750176,0.8072976054732041
wo_dynamic_gating,46,11,0.41732675899079785,2.892239561355621,0.267486572265625,0.3367689920050943,0.7525655644241733
wo_dynamic_gating,46,12,0.4263181428611752,3.275140126094412,0.28106689453125,0.34036944819135007,0.758266818700114
wo_dynamic_gating,46,13,0.41590065848783775,2.7557447013281813,0.2493896484375,0.3314438672956997,0.7970353477765109
wo_dynamic_gating,46,14,0.43489583192845954,2.3979186793070744,0.338897705078125,0.34178376209635397,0.8038768529076397
wo_dynamic_gating,46,15,0.44387402971488654,2.711630252164807,0.270416259765625,0.33066910508249914,0.8004561003420753
wo_dynamic_gating,46,16,0.45927472120748086,2.593669594399725,0.309112548828125,0.32857230859755526,0.7776510832383124
wo_dynamic_gating,46,17,0.3864383241093403,1.5259164236603242,0.297210693359375,0.34515811823563347,0.7822120866590649
wo_dynamic_gating,46,18,0.3597440868062939,2.4014428402731793,0.34100341796875,0.33708631407227563,0.7958950969213227
wo_dynamic_gating,46,19,0.38823598345946975,2.344571841683866,0.2952880859375,0.3303773143413224,0.7970353477765109
wo_dynamic_gating,46,20,0.4269916451984613,2.9763979258487385,0.29888916015625,0.3235080110949931,0.7616875712656784
wo_dynamic_gating,47,0,0.45606879813005485,2.320805684518998,0.17779541015625,1.2660734426815674,0.7753705815279361
wo_dynamic_gating,47,1,0.5077638007207945,2.522438416633677,0.192626953125,0.4483014654273968,0.7765108323831242
wo_dynamic_gating,47,2,0.5428499511985057,1.9953372539053291,0.283905029296875,0.42327770397222214,0.7491448118586089
wo_dynamic_gating,47,3,0.4046846760584657,1.9475397053528454,0.232940673828125,0.40537128084416313,0.6579247434435576
wo_dynamic_gating,47,4,0.47033936763029544,1.575322941499031,0.218597412109375,0.39126709314874925,0.7799315849486887
wo_dynamic_gating,47,5,0.5586168821110148,2.1058555320668013,0.268218994140625,0.3681598940756159,0.7480045610034207
wo_dynamic_gating,47,6,0.517299063143252,1.790437672309662,0.265869140625,0.36899451533933647,0.7730900798175598
wo_dynamic_gating,47,7,0.4599844599591057,2.0287302665871945,0.3062744140625,0.3879478368418726,0.798175598631699
wo_dynamic_gating,47,8,0.45154591908450437,2.004987509321856,0.336334228515625,0.3690097769505326,0.7776510832383124
wo_dynamic_gating,47,9,0.3488389559884133,1.9578709636527885,0.32470703125,0.3433408967090469,0.7936145952109465
wo_dynamic_gating,47,10,0.37103487367460053,1.9664779766796652,0.33111572265625,0.35644092646103775,0.7913340935005702
wo_dynamic_gating,47,11,0.3425698294441706,1.695794715539734,0.35711669921875,0.33678110336158085,0.7810718358038768
wo_dynamic_gating,47,12,0.36274106187965816,1.8685934578182584,0.362091064453125,0.3421600860833058,0.7605473204104903
wo_dynamic_gating,47,13,0.3569023689805484,2.4015801372077137,0.3135986328125,0.3673644514443204,0.7913340935005702
wo_dynamic_gating,47,14,0.3216359341827132,1.851826388378033,0.321258544921875,0.3455412824096571,0.7924743443557583
wo_dynamic_gating,47,15,0.3699172226897984,2.315045495556845,0.30816650390625,0.33754555128208175,0.7867730900798175
wo_dynamic_gating,47,16,0.2929618919346823,2.1948907189279914,0.342620849609375,0.3324110533970089,0.766248574686431
wo_dynamic_gating,47,17,0.33231931940156895,2.3376109826343683,0.3140869140625,0.35597964757051453,0.7651083238312428
wo_dynamic_gating,48,0,0.1550693268467515,2.9590192782003966,0.07464599609375,1.269307413016089,0.750285062713797
wo_dynamic_gating,48,1,0.22686072509572716,2.5638298717492316,0.10040283203125,0.5103407107666689,0.6499429874572406
wo_dynamic_gating,48,2,0.2279025264703033,2.228552021378476,0.092620849609375,0.4751843842292222,0.7765108323831242
wo_dynamic_gating,48,3,0.26322520971927943,3.0631623141762017,0.072967529296875,0.4261094611295096,0.7822120866590649
wo_dynamic_gating,48,4,0.30798599538864885,1.9572045582116702,0.077056884765625,0.4305869957333339,0.7833523375142531
wo_dynamic_gating,48,5,0.4221162405066199,1.444855505737416,0.061676025390625,0.4075624656133505,0.7776510832383124
wo_dynamic_gating,48,6,0.5533959772976482,2.060546088573865,0.06353759765625,0.38607984459157857,0.7411630558722919
wo_dynamic_gating,48,7,0.3527301247523039,1.2386633410126402,0.086334228515625,0.39441054967824457,0.7879133409350056
wo_dynamic_gating,48,8,0.37729588000861036,2.148171865142749,0.078460693359375,0.36397334984995433,0.7913340935005702
wo_dynamic_gating,48,9,0.3940878604358671,2.119090317731046,0.08209228515625,0.34591650442729566,0.7856328392246295
wo_dynamic_gating,48,10,0.4227613420522758,2.091232655015219,0.111663818359375,0.3569517967115255,0.7867730900798175
wo_dynamic_gating,48,11,0.4107311483234317,2.018063352607201,0.120086669921875,0.34087445928604815,0.7696693272519954
wo_dynamic_gating,48,12,0.40321481473857995,1.7326973989788514,0.10736083984375,0.3486014114610618,0.7867730900798175
wo_dynamic_gating,48,13,0.42905998200084616,1.8664699896845671,0.11322021484375,0.3447686695024172,0.7970353477765109
wo_dynamic_gating,48,14,0.38603724166794273,2.2402711976284406,0.112701416015625,0.35819383346035627,0.790193842645382
wo_dynamic_gating,48,15,0.5043787011423311,1.7601201965000204,0.09564208984375,0.3519123875982524,0.7970353477765109
wo_dynamic_gating,48,16,0.49534639146246107,1.694328015417883,0.127777099609375,0.3408947512839889,0.7970353477765109
wo_dynamic_gating,48,17,0.5282067617483605,2.1628868833658386,0.144317626953125,0.32153314947490946,0.7958950969213227
wo_dynamic_gating,48,18,0.4787763493039253,2.507117763374637,0.1539306640625,0.3245222159524217,0.7879133409350056
wo_dynamic_gating,48,19,0.45578644778023314,1.867786084022642,0.160980224609375,0.34463451886212526,0.7833523375142531
wo_dynamic_gating,48,20,0.4432881515830957,1.6425149543532211,0.15325927734375,0.3456991147037538,0.7856328392246295
wo_dynamic_gating,48,21,0.4828752456544923,2.0409096424298747,0.1385498046875,0.3192900044526803,0.7958950969213227
wo_dynamic_gating,48,22,0.479833541375913,1.3736089180030975,0.163970947265625,0.33602747559015506,0.7993158494868872
wo_dynamic_gating,48,23,0.46951030017491346,1.68489025841957,0.145782470703125,0.3301849575047453,0.7958950969213227
wo_dynamic_gating,48,24,0.46378908968307575,1.9373275958902452,0.1346435546875,0.3088613149844365,0.6681870011402509
wo_dynamic_gating,48,25,0.47607445640993307,1.8905493038006131,0.184906005859375,0.3089437573394624,0.7947548460661346
wo_dynamic_gating,48,26,0.47829879286880606,1.8689329604250697,0.170257568359375,0.3072292787135091,0.7936145952109465
wo_dynamic_gating,48,27,0.44511673009054215,1.932178427732376,0.164093017578125,0.30175659889387624,0.7229190421892816
wo_dynamic_gating,48,28,0.4652037684775532,1.8160564290163754,0.16082763671875,0.31909641963335095,0.7958950969213227
wo_dynamic_gating,48,29,0.4191735556695829,1.8819439587998321,0.18475341796875,0.3086160333752337,0.7970353477765109
wo_dynamic_gating,48,30,0.45363552648075534,1.4309278313549885,0.165069580078125,0.30236374322055104,0.7765108323831242
wo_dynamic_gating,48,31,0.47810788716896985,1.8137843144178845,0.184661865234375,0.29458069830881706,0.6921322690992018
wo_dynamic_gating,48,32,0.4909472406914859,1.6920744466656652,0.1475830078125,0.3226972544961967,0.8027366020524516
wo_dynamic_gating,48,33,0.4584258818423928,1.2718111007167883,0.15631103515625,0.3120015647426713,0.798175598631699
wo_dynamic_gating,48,34,0.4117594844512319,1.2979680551599884,0.250946044921875,0.32266332964880606,0.7913340935005702
wo_dynamic_gating,48,35,0.38383517301110137,2.3208236390327603,0.114898681640625,0.32845762193232525,0.6681870011402509
wo_dynamic_gating,48,36,0.3598651148746002,1.4443085908613327,0.15338134765625,0.36029379578823495,0.790193842645382
wo_dynamic_gating,48,37,0.2870828420764495,1.1508224673491925,0.15887451171875,0.3441723883595275,0.7890535917901939
wo_dynamic_gating,48,38,0.47997019487312154,1.6689460605377935,0.164337158203125,0.31752851172491176,0.7787913340935005
wo_dynamic_gating,48,39,0.43759193726896695,1.7606527794794191,0.1903076171875,0.325720263520384,0.7867730900798175
wo_dynamic_gating,48,40,0.4744638093414434,1.2567575477700763,0.211578369140625,0.33492730830527795,0.790193842645382
wo_dynamic_gating,48,41,0.42584934917522543,1.2734052366414885,0.233001708984375,0.36044245187043555,0.7924743443557583
wo_dynamic_gating,48,42,0.41780543653462254,0.7018747163182637,0.229248046875,0.36177887112810936,0.8027366020524516
wo_dynamic_gating,49,0,0.4615821292790063,2.738736115293397,0.16461181640625,1.2004065465590241,0.7605473204104903
wo_dynamic_gating,49,1,0.42933897063009174,2.2201438596676235,0.182891845703125,0.4643545302058661,0.6704675028506272
wo_dynamic_gating,49,2,0.3677685096107065,1.9446152857681456,0.22882080078125,0.42136830791838403,0.7993158494868872
wo_dynamic_gating,49,3,0.3782644261025009,2.3932540699589855,0.225189208984375,0.38133833718051635,0.7810718358038768
wo_dynamic_gating,49,4,0.33157203980721167,2.1953362213296863,0.284149169921875,0.38893938620136587,0.7251995438996579
wo_dynamic_gating,49,5,0.3753471238075783,1.90289401595372,0.343414306640625,0.3634537624497194,0.7320410490307868
wo_dynamic_gating,49,6,0.3398824028344828,2.1928710777305156,0.3173828125,0.37923484606262947,0.7856328392246295
wo_dynamic_gating,49,7,0.32166348676323464,2.376904055472488,0.324615478515625,0.385054050132551,0.7867730900798175
wo_dynamic_gating,49,8,0.35180722959822214,1.6788330304473331,0.353729248046875,0.36836529327727335,0.7833523375142531
wo_dynamic_gating,49,9,0.2640505184518179,2.244395039680483,0.394683837890625,0.3472993840778826,0.7993158494868872
wo_dynamic_gating,49,10,0.374779950882514,1.7648920745502266,0.381744384765625,0.3461182058692333,0.7890535917901939
wo_dynamic_gating,49,11,0.48629335827148634,1.7705479102078483,0.395172119140625,0.3786239218581828,0.7411630558722919
wo_dynamic_gating,49,12,0.38612406117159864,1.0828400200290418,0.362701416015625,0.3791736627665261,0.790193842645382
wo_dynamic_gating,50,0,0.5118233211077325,2.6253018993170367,0.147247314453125,1.2832225870246867,0.7115165336374002
wo_dynamic_gating,50,1,0.43793717902952456,1.8134849087615743,0.192291259765625,0.5202286004665528,0.7936145952109465
wo_dynamic_gating,50,2,0.4936720947457023,1.9224257477903082,0.25299072265625,0.44099672465969797,0.7457240592930444
wo_dynamic_gating,50,3,0.36463609824213095,1.3504441287346156,0.20709228515625,0.41467830309728376,0.6533637400228051
wo_dynamic_gating,50,4,0.4202978025677157,1.5409166236466172,0.2525634765625,0.3874423081294463,0.7833523375142531
wo_dynamic_gating,50,5,0.4079974727418211,1.709108377866066,0.2806396484375,0.3621216749991293,0.6636259977194983
wo_dynamic_gating,50,6,0.4110448122806728,1.236768744990344,0.26483154296875,0.3731391119023154,0.7879133409350056
wo_dynamic_gating,50,7,0.3791036260413609,1.5512491170958524,0.26947021484375,0.35627332854282756,0.7776510832383124
wo_dynamic_gating,50,8,0.3397490041484164,1.8867623339153776,0.301788330078125,0.35888163651578425,0.7844925883694412
wo_dynamic_gating,50,9,0.35088534218439904,2.00014287858067,0.3455810546875,0.3466194244558763,0.7890535917901939
wo_dynamic_gating,50,10,0.4088798981000633,1.2984295584752434,0.32415771484375,0.34040336686901723,0.7924743443557583
wo_dynamic_gating,50,11,0.4288256655313756,1.6034126718627153,0.33856201171875,0.35394508171093364,0.7696693272519954
wo_dynamic_gating,51,0,0.3611934262964772,4.043068660359884,0.078765869140625,1.24297940819702,0.7434435575826682
wo_dynamic_gating,51,1,0.4761440596403377,3.732213905479861,0.09619140625,0.5184418119648984,0.7765108323831242
wo_dynamic_gating,51,2,0.5545916083461168,2.508106409228112,0.118804931640625,0.46642340370257657,0.7559863169897377
wo_dynamic_gating,51,3,0.49031915225134515,1.2864124837228614,0.098114013671875,0.4306761963153512,0.7571265678449259
wo_dynamic_gating,51,4,0.5082777091726818,1.4263596329764407,0.1058349609375,0.4089599228992755,0.7594070695553021
wo_dynamic_gating,51,5,0.5124817684581764,1.8120216831240405,0.0894775390625,0.39338465054908717,0.7833523375142531
wo_dynamic_gating,51,6,0.5477008701854307,2.6745463464709873,0.064300537109375,0.371218577433649,0.7651083238312428
wo_dynamic_gating,51,7,0.6005192851462099,1.3560308762616287,0.155364990234375,0.38123300859227177,0.6864310148232611
wo_dynamic_gating,51,8,0.483431850203888,1.0551138334869377,0.157196044921875,0.42639742680097137,0.7776510832383124
wo_dynamic_gating,51,9,0.5160494781729295,1.4668031821217116,0.121551513671875,0.3843351810003308,0.7719498289623717
wo_dynamic_gating,51,10,0.5240714176848427,1.2611997344439505,0.125152587890625,0.3679375765262468,0.7890535917901939
wo_dynamic_gating,51,11,0.520141719067038,1.5346672300393083,0.150421142578125,0.3497075342458253,0.7799315849486887
wo_dynamic_gating,51,12,0.4843328394201727,2.2390466342315203,0.17523193359375,0.34802081517553823,0.7970353477765109
wo_dynamic_gating,51,13,0.4663170906716595,1.9465358940983035,0.18035888671875,0.3521679117943192,0.7799315849486887
wo_dynamic_gating,51,14,0.507640539494181,2.0235291563415205,0.166839599609375,0.3489900705509394,0.7856328392246295
wo_dynamic_gating,51,15,0.4811781891723269,2.569629518591963,0.15960693359375,0.34220602338598927,0.7924743443557583
wo_dynamic_gating,51,16,0.4636481748130032,1.7930944243032974,0.191864013671875,0.3498296887199655,0.7947548460661346
wo_dynamic_gating,51,17,0.48015042205473735,1.2034811796446387,0.22021484375,0.3531668534669536,0.7822120866590649
wo_dynamic_gating,51,18,0.46063800157208495,1.6351838659461793,0.23858642578125,0.3660310671716027,0.7890535917901939
wo_dynamic_gating,51,19,0.47123074136404086,1.1529796156850156,0.232177734375,0.35411132138497653,0.7194982896237172
wo_dynamic_gating,51,20,0.5287633753469081,1.655651745542953,0.221160888671875,0.35318060156491704,0.7844925883694412
wo_dynamic_gating,51,21,0.486816368531798,1.1661616406219575,0.205108642578125,0.3345704398122115,0.8027366020524516
wo_dynamic_gating,51,22,0.4663078983687593,1.4631350104496847,0.197418212890625,0.33276769623758773,0.798175598631699
wo_dynamic_gating,51,23,0.511335160454317,1.974140501458859,0.18341064453125,0.3636885535675639,0.790193842645382
wo_dynamic_gating,51,24,0.5035539341669817,1.4087269771743536,0.190216064453125,0.3516011910386528,0.7993158494868872
wo_dynamic_gating,51,25,0.4866537782667435,3.7130750070394365,0.176361083984375,0.3218807827793967,0.8015963511972634
wo_dynamic_gating,51,26,0.49198253866766406,2.364869164078959,0.193511962890625,0.32254266201060894,0.8027366020524516
wo_dynamic_gating,51,27,0.4835475699905688,2.7114259680725623,0.189727783203125,0.31909112937390127,0.8004561003420753
wo_dynamic_gating,51,28,0.4762497336485589,2.096457320938721,0.20330810546875,0.3136474694955095,0.8072976054732041
wo_dynamic_gating,51,29,0.4626716505292528,2.4942267925568733,0.2264404296875,0.30991646026879416,0.798175598631699
wo_dynamic_gating,51,30,0.471653725457709,1.9823255660088348,0.223175048828125,0.30775429135909693,0.8038768529076397
wo_dynamic_gating,51,31,0.42752644450329846,2.7586812992788277,0.23565673828125,0.2997274898808961,0.7080957810718358
wo_dynamic_gating,51,32,0.4545532302544144,1.6860493561203316,0.251068115234375,0.3569019010413325,0.8004561003420753
wo_dynamic_gating,51,33,0.4626310459832794,1.9397546947056488,0.20953369140625,0.31627684456319816,0.798175598631699
wo_dynamic_gating,51,34,0.4996651623821826,2.5002419240723563,0.199432373046875,0.31317316020072894,0.7936145952109465
wo_dynamic_gating,51,35,0.4742290705675576,1.8371161773266302,0.1641845703125,0.34045360480787495,0.8004561003420753
wo_dynamic_gating,51,36,0.47180615946315385,1.3196011656128679,0.190399169921875,0.3425025348733957,0.7879133409350056
wo_dynamic_gating,51,37,0.47245229637050057,1.531078417758546,0.19244384765625,0.31850437542915816,0.7970353477765109
wo_dynamic_gating,51,38,0.42706498245593716,1.7407185331926276,0.17352294921875,0.31763078924684046,0.7993158494868872
wo_fusion,42,0,,1.958983723196765,0.08266162872314453,1.2741693417270643,0.7559863169897377
wo_fusion,42,1,,1.8193181549219344,0.07689476013183594,0.48697990459797696,0.7776510832383124
wo_fusion,42,2,,1.3438155254966209,0.08453607559204102,0.44225793683889425,0.774230330672748
wo_fusion,42,3,,1.3841932094643794,0.10484027862548828,0.400988893220492,0.7822120866590649
wo_fusion,42,4,,1.4821765168333583,0.09181690216064453,0.38046051643836837,0.7924743443557583
wo_fusion,42,5,,1.1864587974527296,0.0803842544555664,0.3640907920110208,0.7833523375142531
wo_fusion,42,6,,1.338713062611805,0.0771641731262207,0.3640221848781001,0.7970353477765109
wo_fusion,42,7,,1.446094492982445,0.09015035629272461,0.3478959385687961,0.7844925883694412
wo_fusion,42,8,,1.5559517675110488,0.09926509857177734,0.35119368548906255,0.7856328392246295
wo_fusion,42,9,,1.4777976947095737,0.09143590927124023,0.37750306316218757,0.7936145952109465
wo_fusion,42,10,,1.5990918193078478,0.08769512176513672,0.35374157678153056,0.7958950969213227
wo_fusion,42,11,,1.3437410414949635,0.06347465515136719,0.38186706655026664,0.7970353477765109
wo_fusion,42,12,,1.4830914220976723,0.07677364349365234,0.3434692540113206,0.8027366020524516
wo_fusion,42,13,,1.7840050617005974,0.07114219665527344,0.3526911172881006,0.7867730900798175
wo_fusion,42,14,,1.3553104843173518,0.08422470092773438,0.3607215678035829,0.7993158494868872
wo_fusion,42,15,,1.5589441425025317,0.07735252380371094,0.33857653497999474,0.7913340935005702
wo_fusion,42,16,,1.2732862364037456,0.09257364273071289,0.3736959218860677,0.8015963511972634
wo_fusion,42,17,,1.4045139855901447,0.09736967086791992,0.3341759644452451,0.7810718358038768
wo_fusion,42,18,,1.9684028370067264,0.09393596649169922,0.32444211723902583,0.7993158494868872
wo_fusion,42,19,,1.4797204818098428,0.0933833122253418,0.3291213764491859,0.8027366020524516
wo_fusion,42,20,,1.470189660312726,0.08109521865844727,0.33093210738604767,0.7867730900798175
wo_fusion,42,21,,1.772523083147835,0.08680963516235352,0.309858341085834,0.798175598631699
wo_fusion,42,22,,1.4589542760604226,0.07575702667236328,0.36971733418797054,0.7890535917901939
wo_fusion,43,0,,2.445333186209021,0.07916021347045898,1.2896753263520793,0.7434435575826682
wo_fusion,43,1,,2.03980348551563,0.0550079345703125,0.4893599557711101,0.6522234891676169
wo_fusion,43,2,,1.4245340449916386,0.06258678436279297,0.41512738399477245,0.7970353477765109
wo_fusion,43,3,,1.3788008708109334,0.041932106018066406,0.3977596457783515,0.7879133409350056
wo_fusion,43,4,,1.3143135267311554,0.07021760940551758,0.3770595259399301,0.6602052451539339
wo_fusion,43,5,,1.2471935714977267,0.059978485107421875,0.3707934578988714,0.8004561003420753
wo_fusion,43,6,,1.3597564797488664,0.06847333908081055,0.3726547977152471,0.750285062713797
wo_fusion,43,7,,0.9284718992882279,0.08364295959472656,0.41582892386701714,0.7913340935005702
wo_fusion,43,8,,1.3051413492556874,0.08810949325561523,0.38207282852169067,0.7924743443557583
wo_fusion,43,9,,1.7270156023642467,0.1018362045288086,0.3549173452739498,0.7605473204104903
wo_fusion,43,10,,1.010793326513949,0.10657119750976562,0.3849851501183044,0.798175598631699
wo_fusion,43,11,,1.1268168782886854,0.09083986282348633,0.35137403258074024,0.7924743443557583
wo_fusion,43,12,,1.3553702670614782,0.10356950759887695,0.33682396681402127,0.766248574686431
wo_fusion,43,13,,1.295468545584889,0.09009218215942383,0.344916547355406,0.8050171037628279
wo_fusion,43,14,,1.2705247881452804,0.09558820724487305,0.3568530945004835,0.7708095781071835
wo_fusion,43,15,,1.1699686515355623,0.08397340774536133,0.357547134589487,0.8027366020524516
wo_fusion,43,16,,1.2133860484117152,0.09248971939086914,0.3548658505030416,0.7913340935005702
wo_fusion,43,17,,1.5530995600639252,0.0949563980102539,0.32358512640771414,0.7970353477765109
wo_fusion,43,18,,1.7649313928502535,0.10358142852783203,0.3188195496309968,0.7947548460661346
wo_fusion,43,19,,1.2835418819918603,0.0768270492553711,0.3452155063456099,0.7970353477765109
wo_fusion,43,20,,0.9618932089873675,0.07515382766723633,0.3321923141025587,0.8038768529076397
wo_fusion,43,21,,1.3880132226893152,0.07658004760742188,0.321087153937832,0.8015963511972634
wo_fusion,43,22,,0.9407171768160028,0.08308935165405273,0.3436623854866463,0.8107183580387686
wo_fusion,43,23,,1.1922768214789676,0.06885051727294922,0.3277905040527253,0.8004561003420753
wo_fusion,43,24,,1.0920979869235647,0.07360982894897461,0.33702869910560274,0.7993158494868872
wo_fusion,43,25,,1.2484282747296735,0.08130884170532227,0.3232153881642271,0.7947548460661346
wo_fusion,43,26,,1.3082525084310572,0.0742192268371582,0.32391814985781187,0.8050171037628279
wo_fusion,43,27,,1.268950682153099,0.06146240234375,0.32753111775936794,0.7160775370581528
wo_fusion,43,28,,0.7069239763330384,0.06819820404052734,0.3380677098972583,0.8038768529076397
wo_fusion,43,29,,0.9686969151707185,0.08004045486450195,0.32225865261591363,0.8015963511972634
wo_fusion,43,30,,1.0132682398596662,0.07662153244018555,0.3125988767770002,0.7958950969213227
wo_fusion,43,31,,1.1427540406891135,0.06705951690673828,0.38870706248531617,0.7719498289623717
wo_fusion,43,32,,1.0260080829131224,0.08572149276733398,0.35580604093820667,0.7970353477765109
wo_fusion,44,0,,2.146282958754573,0.05746030807495117,1.2527312717641057,0.6567844925883695
wo_fusion,44,1,,1.1715668067703613,0.06181192398071289,0.5176802033177094,0.7879133409350056
wo_fusion,44,2,,1.2208438517856381,0.06848859786987305,0.4076313408046414,0.8015963511972634
wo_fusion,44,3,,1.2837507449619134,0.07974910736083984,0.4064005840279764,0.7776510832383124
wo_fusion,44,4,,1.4389513810217074,0.10138607025146484,0.3739334507986172,0.7787913340935005
wo_fusion,44,5,,1.1164625957703884,0.10183858871459961,0.38375834273299075,0.7810718358038768
wo_fusion,44,6,,1.489592773095075,0.0834341049194336,0.3661133359432457,0.7936145952109465
wo_fusion,44,7,,1.412815158765345,0.08759212493896484,0.36077413147608123,0.7947548460661346
wo_fusion,44,8,,1.3243430339070397,0.07871389389038086,0.360637832408975,0.7993158494868872
wo_fusion,44,9,,1.0771141542037797,0.07115650177001953,0.38214182428162347,0.7263397947548461
wo_fusion,44,10,,1.1992796135872346,0.0728764533996582,0.34996097414843447,0.7787913340935005
wo_fusion,44,11,,2.0025604768381005,0.08053207397460938,0.3427032171409202,0.7799315849486887
wo_fusion,44,12,,1.2620263324682135,0.07504129409790039,0.34035832017852224,0.7696693272519954
wo_fusion,45,0,,2.040034436644527,0.07674837112426758,1.3009093402338667,0.6533637400228051
wo_fusion,45,1,,1.583508144468604,0.0755610466003418,0.5118349898139262,0.7890535917901939
wo_fusion,45,2,,1.0893261502704932,0.07252216339111328,0.4211426810811638,0.7753705815279361
wo_fusion,45,3,,1.230283434601227,0.05134773254394531,0.4042136819278715,0.750285062713797
wo_fusion,45,4,,1.4420160546541652,0.07836532592773438,0.41564258941932664,0.7411630558722919
wo_fusion,45,5,,1.4492364751983289,0.0809025764465332,0.38031214360382276,0.7571265678449259
wo_fusion,45,6,,1.2988334469130465,0.08797168731689453,0.3545862168561248,0.7696693272519954
wo_fusion,45,7,,1.0508378109543042,0.079742431640625,0.38409213376742635,0.774230330672748
wo_fusion,45,8,,1.5807223747848127,0.08720970153808594,0.34566370694425713,0.7879133409350056
wo_fusion,45,9,,1.1955323560578415,0.0772099494934082,0.3575793638877131,0.7879133409350056
wo_fusion,45,10,,1.4523309215122884,0.062412261962890625,0.3336721755634397,0.7924743443557583
wo_fusion,45,11,,1.3861921098575838,0.06864786148071289,0.3560358099731763,0.7947548460661346
wo_fusion,45,12,,1.4843594439007046,0.07563114166259766,0.3430519619966771,0.7730900798175598
wo_fusion,45,13,,1.2832293315033194,0.07324600219726562,0.3488467092199614,0.7913340935005702
wo_fusion,45,14,,1.3916320967864282,0.08371400833129883,0.32771462536,0.7890535917901939
wo_fusion,45,15,,1.4960631785047656,0.06515359878540039,0.32140014321720123,0.7936145952109465
wo_fusion,45,16,,1.3559540371861751,0.07076597213745117,0.33376471146416653,0.790193842645382
wo_fusion,45,17,,1.1406904333489505,0.0745697021484375,0.31569085626626997,0.7890535917901939
wo_fusion,45,18,,1.1208488209006178,0.0780482292175293,0.32122307740997785,0.7833523375142531
wo_fusion,45,19,,1.1176128148910691,0.0554356575012207,0.3353162372118184,0.790193842645382
wo_fusion,45,20,,1.639167754606715,0.0781254768371582,0.34738524715440605,0.7673888255416191
wo_fusion,45,21,,1.3671277996767648,0.06946420669555664,0.3332242230465936,0.790193842645382
wo_fusion,46,0,,2.246403139636637,0.0818638801574707,1.2619349636178119,0.7719498289623717
wo_fusion,46,1,,1.4006501458779126,0.06653118133544922,0.5249743136546372,0.7639680729760547
wo_fusion,46,2,,1.415575004307741,0.07937192916870117,0.436073445009015,0.8072976054732041
wo_fusion,46,3,,1.5244389143056325,0.07119894027709961,0.40951233780141744,0.7844925883694412
wo_fusion,46,4,,1.5723287355341724,0.09527826309204102,0.36433229103026915,0.7822120866590649
wo_fusion,46,5,,1.4527112838076235,0.09548473358154297,0.3748681477289952,0.7628278221208666
wo_fusion,46,6,,1.5259964191668658,0.07607364654541016,0.35905865548445437,0.8027366020524516
wo_fusion,46,7,,1.586384105601746,0.10175180435180664,0.3593976578029241,0.7708095781071835
wo_fusion,46,8,,1.3684514760188446,0.09556818008422852,0.3592447833844678,0.7719498289623717
wo_fusion,46,9,,1.8918722574561262,0.09343290328979492,0.34260464589313283,0.7776510832383124
wo_fusion,46,10,,1.2128712206539491,0.09402990341186523,0.35129173368171235,0.6659064994298746
wo_fusion,46,11,,1.4704808621899215,0.08607959747314453,0.3467315816766978,0.7890535917901939
wo_fusion,46,12,,1.466685066657901,0.11190080642700195,0.33542005314381335,0.7708095781071835
wo_fusion,47,0,,2.2427124635177766,0.09143590927124023,1.30335703437495,0.7035347776510832
wo_fusion,47,1,,1.742237196573938,0.0852665901184082,0.503216103746209,0.8004561003420753
wo_fusion,47,2,,1.530404564510491,0.09320640563964844,0.43977108566726736,0.7651083238312428
wo_fusion,47,3,,1.9506588804009026,0.0823659896850586,0.38918806286690316,0.7822120866590649
wo_fusion,47,4,,1.6509912042248285,0.0839695930480957,0.3895677816885559,0.798175598631699
wo_fusion,47,5,,1.9281278544230576,0.08874177932739258,0.370346248726119,0.7696693272519954
wo_fusion,47,6,,1.9009947479617764,0.08871936798095703,0.35457889183831204,0.7924743443557583
wo_fusion,47,7,,1.3204227300676479,0.08187437057495117,0.400440841203996,0.7890535917901939
wo_fusion,47,8,,1.4231614611591,0.09217023849487305,0.35568574202433045,0.7765108323831242
wo_fusion,47,9,,1.6870702903485126,0.08890247344970703,0.360275731502811,0.7673888255416191
wo_fusion,47,10,,1.290508018026236,0.08352518081665039,0.36240700086376487,0.7867730900798175
wo_fusion,47,11,,1.117754962164193,0.0939493179321289,0.3345102313490391,0.7856328392246295
wo_fusion,48,0,,2.5518140361873933,0.0661916732788086,1.2987354936490982,0.734321550741163
wo_fusion,48,1,,1.7008626900739006,0.05289793014526367,0.5215258837100829,0.7491448118586089
wo_fusion,48,2,,1.2579940497367472,0.0672597885131836,0.4460283151403417,0.8038768529076397
wo_fusion,48,3,,1.6139261519203076,0.06515979766845703,0.40022616783580867,0.6499429874572406
wo_fusion,48,4,,1.134468942506733,0.09558582305908203,0.4073194423759699,0.7890535917901939
wo_fusion,48,5,,1.4425261673809602,0.08352088928222656,0.3750409799220246,0.7890535917901939
wo_fusion,48,6,,1.681555256436147,0.06066083908081055,0.3515215876614273,0.8004561003420753
wo_fusion,48,7,,1.4461096429894096,0.07940959930419922,0.3577998751865854,0.7776510832383124
wo_fusion,48,8,,1.5636356201910644,0.08425664901733398,0.36009804128004763,0.798175598631699
wo_fusion,48,9,,1.2964627838130425,0.08466339111328125,0.34502555724708056,0.7879133409350056
wo_fusion,48,10,,1.1811653006247782,0.08004045486450195,0.33817069674253347,0.790193842645382
wo_fusion,48,11,,1.11485578519596,0.06989336013793945,0.34569852238074944,0.8038768529076397
wo_fusion,48,12,,1.0338343241698613,0.06260824203491211,0.3399208035573075,0.7867730900798175
wo_fusion,49,0,,2.2767243318654433,0.059041500091552734,1.2878647795631322,0.7571265678449259
wo_fusion,49,1,,1.8338373511484614,0.0567936897277832,0.46338140320293253,0.7616875712656784
wo_fusion,49,2,,0.8792217368581923,0.051015377044677734,0.4626973392234087,0.7844925883694412
wo_fusion,49,3,,0.8463019255005909,0.06526041030883789,0.3974139433304272,0.7833523375142531
wo_fusion,49,4,,0.8429978690086396,0.08295679092407227,0.4026608967107301,0.7137970353477765
wo_fusion,49,5,,0.6241248579786187,0.07389307022094727,0.41303189154243375,0.7924743443557583
wo_fusion,49,6,,1.1130515465051187,0.0670003890991211,0.37004131684518415,0.7913340935005702
wo_fusion,49,7,,1.0904982419706342,0.076324462890625,0.38328238640554957,0.7970353477765109
wo_fusion,49,8,,1.7998900819425943,0.06137228012084961,0.35722710037798827,0.7936145952109465
wo_fusion,49,9,,1.5206444203156457,0.0636434555053711,0.3460906540100446,0.790193842645382
wo_fusion,49,10,,1.3089064870091947,0.05840492248535156,0.3729593021241993,0.7936145952109465
wo_fusion,49,11,,1.3676885252843674,0.060489654541015625,0.3480021632657408,0.7799315849486887
wo_fusion,49,12,,1.5527828693460946,0.0710744857788086,0.335496367235614,0.7970353477765109
wo_fusion,49,13,,1.4446331089572535,0.08135795593261719,0.3415107484731452,0.7856328392246295
wo_fusion,49,14,,1.4577598877610933,0.07593250274658203,0.33460277512883807,0.6659064994298746
wo_fusion,49,15,,1.3961694973806615,0.07651758193969727,0.33354737750362157,0.7867730900798175
wo_fusion,49,16,,1.298279782707833,0.07816791534423828,0.35703394917727815,0.7924743443557583
wo_fusion,49,17,,1.3393127377004692,0.06150674819946289,0.3408391768824776,0.7730900798175598
wo_fusion,50,0,,2.2233909759974515,0.08141613006591797,1.3064505484178626,0.7879133409350056
wo_fusion,50,1,,1.40840626540774,0.08110952377319336,0.5194344286523837,0.7844925883694412
wo_fusion,50,2,,1.3397229235504309,0.07171058654785156,0.42177383475334385,0.7776510832383124
wo_fusion,50,3,,1.3916976271935075,0.08112478256225586,0.39281463362996866,0.798175598631699
wo_fusion,50,4,,1.1923494579108649,0.08505582809448242,0.38903546173736847,0.7890535917901939
wo_fusion,50,5,,1.3917045322327108,0.0761876106262207,0.3827063060362385,0.7787913340935005
wo_fusion,50,6,,1.7100370004797454,0.0815877914428711,0.3886120787456476,0.750285062713797
wo_fusion,50,7,,1.2413234344710602,0.08846426010131836,0.35649782630495347,0.7833523375142531
wo_fusion,50,8,,1.4550335282682234,0.0980839729309082,0.3531519611637132,0.7787913340935005
wo_fusion,50,9,,1.5599209863529047,0.0817718505859375,0.3454511261364583,0.790193842645382
wo_fusion,50,10,,1.4325274759172353,0.0912179946899414,0.3468328334638608,0.7924743443557583
wo_fusion,50,11,,1.2144332357302137,0.0898580551147461,0.37291666009843377,0.7913340935005702
wo_fusion,50,12,,1.3911352350684627,0.08649873733520508,0.34128343234513736,0.8027366020524516
wo_fusion,50,13,,1.5837335199084734,0.10468053817749023,0.3440052172779505,0.7970353477765109
wo_fusion,50,14,,1.1647949238078916,0.10444116592407227,0.3218247668543368,0.7947548460661346
wo_fusion,50,15,,1.3727799468951143,0.09736108779907227,0.3258758111347582,0.7958950969213227
wo_fusion,50,16,,0.9541245299389144,0.08169412612915039,0.37260708066574344,0.7958950969213227
wo_fusion,50,17,,1.0613469674135037,0.09285497665405273,0.3675189870725957,0.8004561003420753
wo_fusion,50,18,,0.9609862607166912,0.09329366683959961,0.33316140784801207,0.7947548460661346
wo_fusion,50,19,,1.1269081781950183,0.09041166305541992,0.3363846357825019,0.7719498289623717
wo_fusion,50,20,,1.1484657190326732,0.09531593322753906,0.34972187624039125,0.7947548460661346
wo_fusion,50,21,,1.3859325656106765,0.08525562286376953,0.32829705322503927,0.7993158494868872
wo_fusion,50,22,,1.309200271795984,0.10108613967895508,0.32516141812814364,0.7890535917901939
wo_fusion,51,0,,2.4686046324195954,0.049895286560058594,1.2958843115242507,0.7765108323831242
wo_fusion,51,1,,2.879892373393807,0.03863954544067383,0.5252440226332173,0.7958950969213227
wo_fusion,51,2,,1.8925959052328067,0.048601627349853516,0.42939591413686107,0.8118586088939567
wo_fusion,51,3,,1.5183714490483449,0.04537820816040039,0.40923701918946676,0.7890535917901939
wo_fusion,51,4,,1.7102898858640612,0.05746316909790039,0.3820732513984714,0.7856328392246295
wo_fusion,51,5,,1.9912364409652608,0.05748319625854492,0.3671851307375335,0.7673888255416191
wo_fusion,51,6,,1.7571347447973418,0.047237396240234375,0.3664183529166816,0.8084378563283923
wo_fusion,51,7,,1.8713339240617817,0.0535888671875,0.3438106969102338,0.8004561003420753
wo_fusion,51,8,,1.6586366706026698,0.058025360107421875,0.35152409823743436,0.7765108323831242
wo_fusion,51,9,,2.1289671217322788,0.04857063293457031,0.35745626315659207,0.790193842645382
wo_fusion,51,10,,1.8304990466200728,0.044057369232177734,0.340387915879355,0.8027366020524516
wo_fusion,51,11,,1.5943747961657517,0.06070518493652344,0.3640343122808544,0.7673888255416191
wo_fusion,51,12,,1.4697567560942735,0.05377674102783203,0.33965248865364916,0.8084378563283923
wo_gating,42,0,0.5786760086416123,3.202554598002597,,1.1838810553217383,0.7730900798175598
wo_gating,42,1,0.5651824722203471,2.9642771310289953,,0.5080186101429286,0.7457240592930444
wo_gating,42,2,0.4985374428711534,1.6601250359981852,,0.4595646067426887,0.7879133409350056
wo_gating,42,3,0.44007574926617465,1.9606334972024002,,0.4123680081235104,0.7856328392246295
wo_gating,42,4,0.4387222250173785,2.079599735775334,,0.36785969263737783,0.7685290763968073
wo_gating,42,5,0.5007109475814419,2.21744754547381,,0.3600966893745994,0.7833523375142531
wo_gating,42,6,0.5208827451195482,2.6571731522321045,,0.3638481052428942,0.7936145952109465
wo_gating,42,7,0.549625450976678,2.2186347113945017,,0.37733994617164285,0.790193842645382
wo_gating,42,8,0.4531591380426365,2.34124698474768,,0.3550688016219605,0.7924743443557583
wo_gating,42,9,0.43833475276443123,2.1569896921108933,,0.34049896462222523,0.7844925883694412
wo_gating,42,10,0.46351544381094156,1.6435250535908805,,0.36580636873508837,0.7924743443557583
wo_gating,42,11,0.4855531024719686,1.672410690986466,,0.3359792275067066,0.7890535917901939
wo_gating,42,12,0.4912404582421482,2.477803926449686,,0.34849169448453954,0.7765108323831242
wo_gating,42,13,0.47299791044280404,1.7289268691362536,,0.3391616417147703,0.7936145952109465
wo_gating,42,14,0.5169837625516982,2.0436770670186832,,0.3335357332767445,0.7924743443557583
wo_gating,42,15,0.4793412962810979,1.7042513854954513,,0.3391654211279775,0.7867730900798175
wo_gating,42,16,0.42955156535711503,1.611101842832757,,0.33517136535966047,0.7856328392246295
wo_gating,43,0,0.5775211692076733,3.4133767306162044,,1.1410642218400655,0.7776510832383124
wo_gating,43,1,0.6025983977718365,4.905481413676443,,0.4820857286216838,0.7799315849486887
wo_gating,43,2,0.5325639784811942,3.782090856235506,,0.43271776308325416,0.669327251995439
wo_gating,43,3,0.5779475286015642,3.211852069309588,,0.38739700783108744,0.7594070695553021
wo_gating,43,4,0.568823899221945,3.059811778137249,,0.37716807737525404,0.7890535917901939
wo_gating,43,5,0.5965491332205038,3.4084937487836395,,0.3607183714934251,0.7844925883694412
wo_gating,43,6,0.5471191862203482,3.335028580146272,,0.3615952760025482,0.7514253135689852
wo_gating,43,7,0.5388821986349772,2.70084838178017,,0.36772876454865394,0.7947548460661346
wo_gating,43,8,0.5115987705584388,4.094244556441217,,0.35419259487430116,0.7947548460661346
wo_gating,43,9,0.5150846758460814,3.307615169545345,,0.34175307016651646,0.7799315849486887
wo_gating,43,10,0.45634431869866077,2.35048925072053,,0.3696911786311206,0.7445838084378563
wo_gating,43,11,0.4569838038819757,3.3596581191346684,,0.3504498080564243,0.7833523375142531
wo_gating,43,12,0.4943084001058796,2.5272550919416754,,0.3505147035941519,0.7958950969213227
wo_gating,43,13,0.41935793705178714,3.597654125743625,,0.3564238169433223,0.6590649942987458
wo_gating,43,14,0.35767255673225895,3.77711733148048,,0.34228119506774474,0.8004561003420753
wo_gating,43,15,0.4177281754720218,2.8754590589038056,,0.35681387115718705,0.7913340935005702
wo_gating,43,16,0.3854715508495262,3.174631327117254,,0.3367750644683838,0.8015963511972634
wo_gating,43,17,0.3142600897679463,1.8467275365741767,,0.34896166050270105,0.7947548460661346
wo_gating,43,18,0.26419282628856866,2.5233083934023703,,0.3291828744058037,0.7958950969213227
wo_gating,43,19,0.35449746833523416,2.8751961877243084,,0.34183315372017864,0.8027366020524516
wo_gating,43,20,0.4685379770365239,1.7932835323556116,,0.33172696494914305,0.7958950969213227
wo_gating,43,21,0.4985265263814981,2.466801174448866,,0.3287842127729538,0.774230330672748
wo_gating,43,22,0.3746743944193924,1.5344051916917532,,0.3419380941542293,0.8004561003420753
wo_gating,43,23,0.4092311378899781,1.63038658318299,,0.3263029378419119,0.7913340935005702
wo_gating,43,24,0.37852800823285,2.0266908738495957,,0.3248128524852615,0.7958950969213227
wo_gating,43,25,0.3274285824898212,2.4686965123165376,,0.32094934805821357,0.7958950969213227
wo_gating,43,26,0.4734819430754969,2.474593963349384,,0.3180545115447245,0.7753705815279361
wo_gating,43,27,0.38363186645486447,2.67204685245074,,0.3193630387301958,0.7320410490307868
wo_gating,43,28,0.4651166870987332,1.8120023062429358,,0.30857381283734536,0.8050171037628279
wo_gating,43,29,0.3436967577474478,3.0600533581237497,,0.31528336688853986,0.8015963511972634
wo_gating,43,30,0.37214775911130177,2.078831202452207,,0.30296198134973135,0.7958950969213227
wo_gating,43,31,0.380865944979041,2.0264039265340514,,0.3056352069369625,0.774230330672748
wo_gating,43,32,0.38536018424679414,2.1461928284749012,,0.31954206029081555,0.7947548460661346
wo_gating,43,33,0.4138500837086339,2.3333710970578796,,0.3121292331414348,0.7890535917901939
wo_gating,43,34,0.478282644556895,2.5368616964558646,,0.3212307963444564,0.7822120866590649
wo_gating,43,35,0.4465166401689592,2.420114263267539,,0.3300152387604834,0.8015963511972634
wo_gating,43,36,0.47128592347457654,1.6543635140345145,,0.3421014914373153,0.8004561003420753
wo_gating,43,37,0.30221544531743094,1.6705639727657255,,0.3348575702207657,0.7947548460661346
wo_gating,43,38,0.3975409256347674,2.9530077561125667,,0.33380645575591933,0.7879133409350056
wo_gating,44,0,0.22541394801615647,4.402178725418159,,1.1685894126636769,0.74230330672748
wo_gating,44,1,0.2588496879453965,3.287340639964463,,0.47917834153314837,0.7924743443557583
wo_gating,44,2,0.2144330289757909,2.273986871449572,,0.42744330374037326,0.7844925883694412
wo_gating,44,3,0.4784923719287838,2.484185366948554,,0.4297644451341832,0.7867730900798175
wo_gating,44,4,0.3235637955741203,1.7026227635688442,,0.3907062786016715,0.7856328392246295
wo_gating,44,5,0.32606043438208054,1.7680667912939505,,0.3606600814605622,0.7776510832383124
wo_gating,44,6,0.30009871080832484,2.4296089924607767,,0.3641996369482446,0.7856328392246295
wo_gating,44,7,0.3965052736057971,2.330688683755124,,0.3552235151554726,0.7947548460661346
wo_gating,44,8,0.5390758133408842,1.5430444615965389,,0.3609002937346209,0.774230330672748
wo_gating,44,9,0.584873160946574,2.3650331844964594,,0.3562512804389768,0.7594070695553021
wo_gating,44,10,0.5247337506830186,2.057063466477051,,0.37138690516153183,0.7719498289623717
wo_gating,44,11,0.4433042895576048,1.8870922236424685,,0.3332299239338774,0.7890535917901939
wo_gating,44,12,0.33747712692902077,2.699505244752179,,0.3509137641692079,0.7913340935005702
wo_gating,44,13,0.3367570572423408,1.9059218788012753,,0.3506742093488611,0.7879133409350056
wo_gating,44,14,0.21725593038267596,1.8224088809354764,,0.3496433822276513,0.790193842645382
wo_gating,44,15,0.26101068941683253,1.7614635965197518,,0.3351647424768799,0.7924743443557583
wo_gating,44,16,0.355591984803648,2.612376930309866,,0.3734424763170279,0.7867730900798175
wo_gating,44,17,0.42783744881396313,1.6189414302070708,,0.342224975535346,0.7936145952109465
wo_gating,45,0,0.28549197095781886,5.205434109316129,,1.1746019404538504,0.7537058152793614
wo_gating,45,1,0.33979853896893986,6.6077152494149445,,0.5119614540850933,0.6647662485746865
wo_gating,45,2,0.24326196183643803,5.59063388344471,,0.44374268729910143,0.7480045610034207
wo_gating,45,3,0.33035071740586414,4.5320755429729065,,0.4075092912961424,0.7890535917901939
wo_gating,45,4,0.34387787818237125,4.342275638027045,,0.38336743904212117,0.798175598631699
wo_gating,45,5,0.4530004337829459,4.301798663068114,,0.3780673697376582,0.7924743443557583
wo_gating,45,6,0.38384598465948344,2.8413406921066433,,0.3670845396990343,0.8004561003420753
wo_gating,45,7,0.37991196646716363,2.330841759193956,,0.3878288403796157,0.7822120866590649
wo_gating,45,8,0.3652359449862281,2.780929995235846,,0.36138291192279337,0.7753705815279361
wo_gating,45,9,0.3053355922619533,2.5774425902155844,,0.34655091082275535,0.7879133409350056
wo_gating,45,10,0.2836255242255411,2.641156043758481,,0.33757695728561105,0.790193842645382
wo_gating,45,11,0.30579687959887597,3.387698686679821,,0.36098798466721677,0.7799315849486887
wo_gating,45,12,0.2663483950455757,2.6035474312880242,,0.37861478760151446,0.7879133409350056
wo_gating,45,13,0.25896371292653303,2.9763346333545604,,0.33345653928620544,0.798175598631699
wo_gating,45,14,0.3526276430573809,2.149550450484735,,0.338814749006121,0.7822120866590649
wo_gating,45,15,0.44889494143196657,1.827759638810126,,0.34515082014629495,0.7970353477765109
wo_gating,45,16,0.41722254119477886,1.8947346342001388,,0.34966335523583597,0.7913340935005702
wo_gating,46,0,0.16233356397821777,3.641549967407832,,1.1622018227792341,0.5883694412770809
wo_gating,46,1,0.23512868588491234,3.066212348197234,,0.5441793530780488,0.7844925883694412
wo_gating,46,2,0.22781312823703165,2.6225401792870078,,0.4527245720365465,0.7924743443557583
wo_gating,46,3,0.23441514155270587,2.6518547547999667,,0.4367312862545651,0.7765108323831242
wo_gating,46,4,0.43555847081198795,1.5043754831750027,,0.4231947792244241,0.7833523375142531
wo_gating,46,5,0.45537945978101957,1.3603594391961584,,0.38642622015531786,0.7776510832383124
wo_gating,46,6,0.4525772164375109,1.9256295665319074,,0.3554703311927258,0.7913340935005702
wo_gating,46,7,0.4384533659091392,1.4343263884911672,,0.361282530593943,0.790193842645382
wo_gating,46,8,0.36249537068517856,2.207144325236693,,0.3463032560651114,0.7822120866590649
wo_gating,46,9,0.24689285140355302,1.583293184562126,,0.37737802118727876,0.7947548460661346
wo_gating,46,10,0.26166903409308234,1.2875570890516506,,0.36402137798428474,0.7936145952109465
wo_gating,46,11,0.2828357413527829,1.5997574991561796,,0.356151811619708,0.7970353477765109
wo_gating,46,12,0.295282606958112,1.7701526172466022,,0.3397959810586985,0.7947548460661346
wo_gating,46,13,0.3585346775315877,1.9133126519336197,,0.34461907508294065,0.7913340935005702
wo_gating,46,14,0.335610818817632,1.6474754970035486,,0.3536725176639585,0.790193842645382
wo_gating,46,15,0.29541373404409194,1.646951945486575,,0.3374428902159366,0.7958950969213227
wo_gating,46,16,0.2880681959537274,1.7161582482811042,,0.34012817615439056,0.7924743443557583
wo_gating,46,17,0.3347476485027506,1.4298445500681192,,0.3325459902748709,0.7799315849486887
wo_gating,46,18,0.20686769778937286,1.480244173227036,,0.3397576872759901,0.7970353477765109
wo_gating,46,19,0.27164456551739213,1.5275577783553183,,0.32184216180649144,0.7822120866590649
wo_gating,46,20,0.24744390298839425,1.0177645978651944,,0.3569172775621277,0.7947548460661346
wo_gating,46,21,0.322308717261227,1.7095813851691513,,0.3302433763805686,0.7924743443557583
wo_gating,47,0,0.5002847053345086,3.9316184894841237,,1.1628412286066216,0.7696693272519954
wo_gating,47,1,0.36612924544149134,3.163584823980143,,0.4975367986038881,0.7879133409350056
wo_gating,47,2,0.420042582306347,2.5257267160876866,,0.43526577512167086,0.798175598631699
wo_gating,47,3,0.3550495959606278,2.545518846951527,,0.3894882976388246,0.7822120866590649
wo_gating,47,4,0.32734260846682073,2.001892537590705,,0.3768192500127207,0.790193842645382
wo_gating,47,5,0.33864144703286286,2.8288915313393606,,0.35167575683343155,0.7856328392246295
wo_gating,47,6,0.3748313428060564,3.16696092755683,,0.34662654090175904,0.7867730900798175
wo_gating,47,7,0.39261893668537867,2.2412643010120314,,0.41878358077813804,0.7844925883694412
wo_gating,47,8,0.3553867037620899,2.247808199278863,,0.3735017538602599,0.7753705815279361
wo_gating,47,9,0.34332844041415156,1.9806274870970737,,0.35642709694230207,0.7810718358038768
wo_gating,47,10,0.3246611465593019,1.7261233477060354,,0.3607895058581128,0.7890535917901939
wo_gating,47,11,0.34470325518440936,2.6258700645556576,,0.3259347244602179,0.790193842645382
wo_gating,47,12,0.4083483180880686,2.6789825023281333,,0.3348282088013527,0.7776510832383124
wo_gating,48,0,0.5309318775821199,3.8542796121373493,,1.1516169588283318,0.7058152793614595
wo_gating,48,1,0.40333794911904636,2.76039289154694,,0.5051338912593177,0.7776510832383124
wo_gating,48,2,0.4586227701627721,1.671996976173691,,0.416862864865486,0.8095781071835804
wo_gating,48,3,0.4418858614381213,1.6525193340362676,,0.412498421165455,0.7776510832383124
wo_gating,48,4,0.5092217015091656,1.5802165918864866,,0.39823691349663115,0.7867730900798175
wo_gating,48,5,0.44547228397261307,1.8431133558578319,,0.36075418014365607,0.7993158494868872
wo_gating,48,6,0.5356534338026124,2.472802629502754,,0.3687713408032797,0.7947548460661346
wo_gating,48,7,0.5307463797980843,1.9501173385666024,,0.3619101277423721,0.7229190421892816
wo_gating,48,8,0.4530091864814765,2.0245531436701203,,0.36386755982069435,0.7799315849486887
wo_gating,48,9,0.41196628342028885,1.9803726511188737,,0.3571953559548298,0.7947548460661346
wo_gating,48,10,0.43149757651427,1.527792659612548,,0.3455258286939024,0.7844925883694412
wo_gating,48,11,0.4180366332784908,3.0172349597540506,,0.33561788204582715,0.7936145952109465
wo_gating,48,12,0.39962897828396093,1.9309683013801648,,0.34244950513143496,0.798175598631699
wo_gating,49,0,0.4418111826472732,2.4362784628243395,,1.149636129636722,0.7480045610034207
wo_gating,49,1,0.5110126963051339,1.9955630717939994,,0.4888940738697837,0.8038768529076397
wo_gating,49,2,0.4855234492910906,2.4434964861604005,,0.40367039365820445,0.806157354618016
wo_gating,49,3,0.39999817250022496,1.6149210300234573,,0.3882294436995204,0.7867730900798175
wo_gating,49,4,0.4551292786974254,1.582168100118825,,0.38917411000171864,0.7879133409350056
wo_gating,49,5,0.4267804126417248,2.0997697998467855,,0.3579975785036517,0.7844925883694412
wo_gating,49,6,0.5459443274494057,2.2898369891742285,,0.36297412509958404,0.758266818700114
wo_gating,49,7,0.5347987008460744,2.0622429139484613,,0.3578803721311131,0.7890535917901939
wo_gating,49,8,0.4071489787047995,2.520306249845623,,0.34180582757627365,0.7571265678449259
wo_gating,49,9,0.4811433964547717,2.0199449100774025,,0.3506736826293824,0.7947548460661346
wo_gating,49,10,0.5503533833966601,2.2615980015847676,,0.33678795231056496,0.7970353477765109
wo_gating,49,11,0.4986754273591174,2.293076008157501,,0.3652370753238623,0.7822120866590649
wo_gating,49,12,0.5505091158038155,1.7438535328500842,,0.350087799826322,0.7936145952109465
wo_gating,50,0,0.5416512365982092,3.086064903495867,,1.1936593068136576,0.7366020524515393
wo_gating,50,1,0.40860032183034534,1.7050487270137302,,0.5204321355824431,0.7787913340935005
wo_gating,50,2,0.46742006000081887,1.868206476146108,,0.42347301748878124,0.7810718358038768
wo_gating,50,3,0.5329529568492322,2.0068914938593263,,0.3969960153605244,0.7685290763968073
wo_gating,50,4,0.5190410689942779,1.4687420425773523,,0.4016504832642706,0.7822120866590649
wo_gating,50,5,0.4830905429142336,1.437095204954734,,0.35323343226149584,0.7787913340935005
wo_gating,50,6,0.4745913370075258,2.0635774083537264,,0.3470650192351996,0.7924743443557583
wo_gating,50,7,0.4550682514152806,2.2781486858575146,,0.35248833720377903,0.7879133409350056
wo_gating,50,8,0.43650075534793076,1.9350550812147131,,0.3501856989445637,0.7856328392246295
wo_gating,50,9,0.43448656205758923,1.9102625592534621,,0.36420784897300706,0.7445838084378563
wo_gating,50,10,0.4493485954225257,1.7994957456895062,,0.3767066566909843,0.7229190421892816
wo_gating,50,11,0.580427881204956,2.5964668347031954,,0.3762446351138802,0.7251995438996579
wo_gating,50,12,0.47734972711118134,1.22004153398007,,0.39992173990520086,0.7913340935005702
wo_gating,50,13,0.4714767138765926,1.6613344585528302,,0.3547766917875987,0.7913340935005702
wo_gating,50,14,0.49708588267762505,1.761989888777457,,0.3417322688842683,0.7844925883694412
wo_gating,50,15,0.47609120139339833,2.117558567848627,,0.3492568381422513,0.7936145952109465
wo_gating,50,16,0.4655347431935386,2.0478792463870965,,0.3368577907507409,0.7833523375142531
wo_gating,50,17,0.4647178183887292,1.5503769201789694,,0.3395584071988686,0.7947548460661346
wo_gating,50,18,0.5057068759392181,1.8573568855460136,,0.35296729631097706,0.7958950969213227
wo_gating,50,19,0.48882812062532155,1.933157472560431,,0.3321383530158599,0.7730900798175598
wo_gating,50,20,0.4714114112111095,2.150041761372816,,0.3478522833822739,0.7936145952109465
wo_gating,50,21,0.4296349575084907,2.354947717236085,,0.3217745822552826,0.7924743443557583
wo_gating,50,22,0.29469662693059157,2.201365502651995,,0.3391537392972777,0.7993158494868872
wo_gating,50,23,0.36731209865014297,3.4772329975715923,,0.32412139708651844,0.7947548460661346
wo_gating,50,24,0.3970734623719504,3.9652031197025113,,0.3229424666223635,0.7719498289623717
wo_gating,50,25,0.31620483931317284,2.721412774978056,,0.3294815244093116,0.7913340935005702
wo_gating,50,26,0.3708794352873013,3.2777847613378017,,0.3197063512594084,0.7913340935005702
wo_gating,50,27,0.3709352695805478,2.7980573192095655,,0.31648743595885476,0.7936145952109465
wo_gating,50,28,0.384137398886931,2.8872967167023127,,0.30892718098337363,0.7947548460661346
wo_gating,50,29,0.3578785167506366,3.161623399114149,,0.3202023759713312,0.7958950969213227
wo_gating,50,30,0.39741749032575774,2.273426879678321,,0.31317492268968466,0.798175598631699
wo_gating,50,31,0.2618160300807827,2.3760886960249277,,0.31198255934216446,0.798175598631699
wo_gating,50,32,0.34368369720245745,2.253475170781696,,0.3384921934472256,0.7890535917901939
wo_gating,51,0,0.5708740683834554,2.8218470029501734,,1.164978051368825,0.7924743443557583
wo_gating,51,1,0.4773167497122932,1.8850014684746117,,0.5135980888233365,0.7628278221208666
wo_gating,51,2,0.5303325130922054,1.6196108222459331,,0.4095943678589699,0.798175598631699
wo_gating,51,3,0.5024908221043677,1.6609158046078818,,0.40924041248750853,0.7787913340935005
wo_gating,51,4,0.5077623425426314,1.9308920230941702,,0.38128447568115176,0.7776510832383124
wo_gating,51,5,0.5277827052037836,2.3108062411855776,,0.3563264833562848,0.7799315849486887
wo_gating,51,6,0.5012485850920401,2.9847149358126766,,0.3446388119332082,0.806157354618016
wo_gating,51,7,0.5477290651310087,2.3370134522554005,,0.35118666127228065,0.7787913340935005
wo_gating,51,8,0.48704511716405907,2.9860944577802377,,0.33928034154270686,0.7867730900798175
wo_gating,51,9,0.5256876578718016,2.8592499039870507,,0.34844720014913516,0.6225769669327252
wo_gating,51,10,0.3120837992283189,1.9989048497290054,,0.3672164139560856,0.7856328392246295
wo_gating,51,11,0.3603248083587013,2.39861120546534,,0.35518377815430036,0.7696693272519954
wo_gating,51,12,0.34255304230004213,3.040786891300447,,0.3314985261143111,0.7833523375142531
wo_gating,51,13,0.4494889725431567,1.995499636552845,,0.3498508959461925,0.7833523375142531
wo_gating,51,14,0.44271126638662284,2.2854098432674865,,0.3273345330415176,0.7867730900798175
wo_gating,51,15,0.45835215413836494,2.2376565602820038,,0.3274764554241712,0.7856328392246295
wo_gating,51,16,0.4089655204482571,2.9821610167352266,,0.33769858704975,0.7913340935005702
wo_spectral,42,0,,,0.1370987892150879,1.167785864037101,0.7651083238312428
wo_spectral,42,1,,,0.12720012664794922,0.5120049057233789,0.7810718358038768
wo_spectral,42,2,,,0.11440753936767578,0.44566445428661977,0.7936145952109465
wo_spectral,42,3,,,0.12906360626220703,0.4302940776458044,0.7480045610034207
wo_spectral,42,4,,,0.1341414451599121,0.46194647631553004,0.7765108323831242
wo_spectral,42,5,,,0.13200950622558594,0.42038825058263307,0.758266818700114
wo_spectral,42,6,,,0.12089061737060547,0.4091477732760042,0.8027366020524516
wo_spectral,42,7,,,0.12501096725463867,0.39348456989022607,0.7890535917901939
wo_spectral,42,8,,,0.14731550216674805,0.37726175250189103,0.7559863169897377
wo_spectral,42,9,,,0.12308073043823242,0.37331067292360487,0.7844925883694412
wo_spectral,42,10,,,0.1182398796081543,0.3991917500001816,0.7525655644241733
wo_spectral,42,11,,,0.14464950561523438,0.41112478559833976,0.7970353477765109
wo_spectral,42,12,,,0.13831138610839844,0.3801776794998375,0.7844925883694412
wo_spectral,42,13,,,0.11010551452636719,0.36180410446598205,0.7844925883694412
wo_spectral,42,14,,,0.11633110046386719,0.3708288992580117,0.7822120866590649
wo_spectral,42,15,,,0.10965967178344727,0.3534302848308584,0.7913340935005702
wo_spectral,42,16,,,0.13453912734985352,0.35418961860191484,0.7936145952109465
wo_spectral,43,0,,,0.10107803344726562,1.1462396178200627,0.7833523375142531
wo_spectral,43,1,,,0.0982198715209961,0.4754595585134163,0.7753705815279361
wo_spectral,43,2,,,0.0975484848022461,0.44755648230938966,0.7787913340935005
wo_spectral,43,3,,,0.08689355850219727,0.4555969480600579,0.7730900798175598
wo_spectral,43,4,,,0.09741592407226562,0.44761553091995776,0.7822120866590649
wo_spectral,43,5,,,0.09110832214355469,0.40470141311299407,0.7844925883694412
wo_spectral,43,6,,,0.09706592559814453,0.41972384100570265,0.7936145952109465
wo_spectral,43,7,,,0.09173870086669922,0.41245302367340414,0.7753705815279361
wo_spectral,43,8,,,0.09902477264404297,0.39557765324516464,0.7616875712656784
wo_spectral,43,9,,,0.08603715896606445,0.38015477658500163,0.7833523375142531
wo_spectral,43,10,,,0.09496498107910156,0.38040864887247006,0.7879133409350056
wo_spectral,43,11,,,0.10007333755493164,0.3980674581712109,0.7765108323831242
wo_spectral,43,12,,,0.09060335159301758,0.3653634204448422,0.7947548460661346
wo_spectral,43,13,,,0.09696578979492188,0.3725689351115418,0.7753705815279361
wo_spectral,43,14,,,0.08719444274902344,0.40098664329290745,0.7525655644241733
wo_spectral,43,15,,,0.07394266128540039,0.3735248867568251,0.7936145952109465
wo_spectral,43,16,,,0.0745539665222168,0.3922193056294749,0.8084378563283923
wo_spectral,43,17,,,0.1120309829711914,0.38797071781498876,0.7320410490307868
wo_spectral,43,18,,,0.09804677963256836,0.3729182041453795,0.7787913340935005
wo_spectral,43,19,,,0.08615446090698242,0.35595458819834264,0.7787913340935005
wo_spectral,43,20,,,0.083587646484375,0.3781005213121169,0.806157354618016
wo_spectral,43,21,,,0.09780120849609375,0.35843444969846755,0.7958950969213227
wo_spectral,43,22,,,0.10406970977783203,0.3652495592906443,0.8038768529076397
wo_spectral,43,23,,,0.09409427642822266,0.3510704607909188,0.790193842645382
wo_spectral,43,24,,,0.10039424896240234,0.3439096704709039,0.7194982896237172
wo_spectral,43,25,,,0.10017251968383789,0.3628328131400067,0.7947548460661346
wo_spectral,43,26,,,0.10132408142089844,0.33910987091407246,0.7867730900798175
wo_spectral,44,0,,,0.11274337768554688,1.1805964750290863,0.7559863169897377
wo_spectral,44,1,,,0.08618831634521484,0.49573064902423336,0.7594070695553021
wo_spectral,44,2,,,0.09581613540649414,0.48615262067489357,0.7833523375142531
wo_spectral,44,3,,,0.10836362838745117,0.4232876855782134,0.7753705815279361
wo_spectral,44,4,,,0.13840484619140625,0.42556573142494725,0.7822120866590649
wo_spectral,44,5,,,0.1321730613708496,0.4241600150392974,0.7822120866590649
wo_spectral,44,6,,,0.12127399444580078,0.38970145838770115,0.8004561003420753
wo_spectral,44,7,,,0.13018035888671875,0.4255587995259196,0.7913340935005702
wo_spectral,44,8,,,0.13145971298217773,0.4023930488923545,0.6510832383124288
wo_spectral,44,9,,,0.12279081344604492,0.3995954793280874,0.7958950969213227
wo_spectral,44,10,,,0.1116037368774414,0.4147505254277393,0.7058152793614595
wo_spectral,44,11,,,0.13000726699829102,0.4453957467074434,0.7639680729760547
wo_spectral,44,12,,,0.12985706329345703,0.43782758901895835,0.7160775370581528
wo_spectral,44,13,,,0.11423110961914062,0.46698430805556185,0.7833523375142531
wo_spectral,44,14,,,0.13779735565185547,0.41162091381312244,0.8107183580387686
wo_spectral,44,15,,,0.13011884689331055,0.4116200339279969,0.7833523375142531
wo_spectral,44,16,,,0.12525606155395508,0.4131154661788524,0.7685290763968073
wo_spectral,44,17,,,0.12717866897583008,0.3941015021290942,0.7844925883694412
wo_spectral,44,18,,,0.1482682228088379,0.3642614020175962,0.7879133409350056
wo_spectral,44,19,,,0.1288771629333496,0.37321895470285865,0.7913340935005702
wo_spectral,44,20,,,0.13706111907958984,0.3790214135023882,0.7879133409350056
wo_spectral,44,21,,,0.12958145141601562,0.3596057733451605,0.7913340935005702
wo_spectral,44,22,,,0.12975120544433594,0.36908501756031675,0.7879133409350056
wo_spectral,44,23,,,0.1232304573059082,0.36508889876797346,0.7970353477765109
wo_spectral,44,24,,,0.12439346313476562,0.34632551859201743,0.7844925883694412
wo_spectral,45,0,,,0.10137271881103516,1.119053640635107,0.7480045610034207
wo_spectral,45,1,,,0.10695075988769531,0.48988521601459917,0.7286202964652223
wo_spectral,45,2,,,0.11336851119995117,0.43239935968084153,0.790193842645382
wo_spectral,45,3,,,0.11053466796875,0.45005206814720067,0.7833523375142531
wo_spectral,45,4,,,0.1388845443725586,0.4172026910696753,0.7856328392246295
wo_spectral,45,5,,,0.12042379379272461,0.3910801729827336,0.7810718358038768
wo_spectral,45,6,,,0.12729501724243164,0.418294332851321,0.806157354618016
wo_spectral,45,7,,,0.1380319595336914,0.4090446602252077,0.7936145952109465
wo_spectral,45,8,,,0.14249229431152344,0.3795392106651492,0.7947548460661346
wo_spectral,45,9,,,0.12701892852783203,0.38464701063395373,0.7936145952109465
wo_spectral,45,10,,,0.13491296768188477,0.387207915738177,0.7947548460661346
wo_spectral,45,11,,,0.13103914260864258,0.3589883893506623,0.7730900798175598
wo_spectral,45,12,,,0.16006135940551758,0.3901320812899581,0.7069555302166477
wo_spectral,45,13,,,0.12740230560302734,0.4424275236077751,0.7833523375142531
wo_spectral,45,14,,,0.13754558563232422,0.4115376870822481,0.7879133409350056
wo_spectral,45,15,,,0.1212315559387207,0.382029194257374,0.7867730900798175
wo_spectral,45,16,,,0.13684749603271484,0.39130080508665693,0.8015963511972634
wo_spectral,46,0,,,0.1269550323486328,1.1599569010982789,0.6579247434435576
wo_spectral,46,1,,,0.10822916030883789,0.4917430915511003,0.7377423033067275
wo_spectral,46,2,,,0.10171699523925781,0.45590460643238756,0.7879133409350056
wo_spectral,46,3,,,0.13193655014038086,0.4945933082402787,0.7673888255416191
wo_spectral,46,4,,,0.15197467803955078,0.4257631527650575,0.7787913340935005
wo_spectral,46,5,,,0.1444382667541504,0.4201396388113942,0.7947548460661346
wo_spectral,46,6,,,0.13544178009033203,0.39593942731574555,0.8072976054732041
wo_spectral,46,7,,,0.13153696060180664,0.4098518339489496,0.7616875712656784
wo_spectral,46,8,,,0.1814737319946289,0.3788552710368129,0.7468643101482326
wo_spectral,46,9,,,0.15086698532104492,0.4365127273402595,0.7787913340935005
wo_spectral,46,10,,,0.14270687103271484,0.4080685239264914,0.7947548460661346
wo_spectral,46,11,,,0.1498880386352539,0.38972959284387604,0.7810718358038768
wo_spectral,46,12,,,0.13891220092773438,0.3703202254364676,0.7856328392246295
wo_spectral,46,13,,,0.11982345581054688,0.40025944268283836,0.7890535917901939
wo_spectral,46,14,,,0.13343095779418945,0.3631312480998855,0.7103762827822121
wo_spectral,46,15,,,0.11903095245361328,0.36514708687896236,0.7958950969213227
wo_spectral,46,16,,,0.1364755630493164,0.3468642966488416,0.8004561003420753
wo_spectral,47,0,,,0.09569120407104492,1.1744782113768881,0.6887115165336374
wo_spectral,47,1,,,0.12014913558959961,0.4958425579711714,0.8004561003420753
wo_spectral,47,2,,,0.1064920425415039,0.4498952625999961,0.7936145952109465
wo_spectral,47,3,,,0.10248374938964844,0.44716942268961657,0.7947548460661346
wo_spectral,47,4,,,0.10659074783325195,0.43677564079831244,0.7947548460661346
wo_spectral,47,5,,,0.10916471481323242,0.4064624808954022,0.7696693272519954
wo_spectral,47,6,,,0.10064363479614258,0.39539717404512587,0.7069555302166477
wo_spectral,47,7,,,0.11698246002197266,0.4042662502694496,0.7696693272519954
wo_spectral,47,8,,,0.12206554412841797,0.3820483078150449,0.774230330672748
wo_spectral,47,9,,,0.11353063583374023,0.4006712721548993,0.7856328392246295
wo_spectral,47,10,,,0.11634302139282227,0.38340098290054525,0.7787913340935005
wo_spectral,47,11,,,0.13364458084106445,0.4889499452011267,0.74230330672748
wo_spectral,48,0,,,0.13417625427246094,1.1499031298102633,0.7628278221208666
wo_spectral,48,1,,,0.1414318084716797,0.4901501931468035,0.7844925883694412
wo_spectral,48,2,,,0.12286138534545898,0.4474926569347164,0.7331812998859749
wo_spectral,48,3,,,0.12809133529663086,0.43209433685628035,0.7822120866590649
wo_spectral,48,4,,,0.1787710189819336,0.40880463456658367,0.7787913340935005
wo_spectral,48,5,,,0.16814851760864258,0.38890108869521406,0.766248574686431
wo_spectral,48,6,,,0.14311647415161133,0.40178240332558535,0.8038768529076397
wo_spectral,48,7,,,0.17333984375,0.4604115824653302,0.766248574686431
wo_spectral,48,8,,,0.17697525024414062,0.3988857336663703,0.7594070695553021
wo_spectral,48,9,,,0.17020320892333984,0.41284218092158576,0.7936145952109465
wo_spectral,48,10,,,0.17358160018920898,0.37439705621327396,0.7799315849486887
wo_spectral,48,11,,,0.1832718849182129,0.36774961169426784,0.7844925883694412
wo_spectral,48,12,,,0.19469690322875977,0.36820182625350234,0.7787913340935005
wo_spectral,48,13,,,0.16270208358764648,0.395728217739839,0.7696693272519954
wo_spectral,48,14,,,0.14416790008544922,0.3815663640429374,0.8004561003420753
wo_spectral,48,15,,,0.1375870704650879,0.36701922128267905,0.7867730900798175
wo_spectral,48,16,,,0.13570451736450195,0.3680174160429199,0.7890535917901939
wo_spectral,49,0,,,0.10497140884399414,1.1731322611920836,0.7856328392246295
wo_spectral,49,1,,,0.1223597526550293,0.48347416394526377,0.7616875712656784
wo_spectral,49,2,,,0.0898280143737793,0.4712990803711475,0.7867730900798175
wo_spectral,49,3,,,0.10289144515991211,0.43401979761780873,0.7810718358038768
wo_spectral,49,4,,,0.11396217346191406,0.4251375062429024,0.7730900798175598
wo_spectral,49,5,,,0.12418794631958008,0.42104767027265316,0.7890535917901939
wo_spectral,49,6,,,0.12098932266235352,0.4217666332001844,0.7685290763968073
wo_spectral,49,7,,,0.12508726119995117,0.40941928698689145,0.7890535917901939
wo_spectral,49,8,,,0.10756349563598633,0.3859947693483866,0.6898517673888256
wo_spectral,49,9,,,0.12622976303100586,0.366819685735972,0.7719498289623717
wo_spectral,49,10,,,0.11713981628417969,0.3650187234522153,0.798175598631699
wo_spectral,49,11,,,0.11145496368408203,0.35160027826311097,0.7890535917901939
wo_spectral,49,12,,,0.1205911636352539,0.3611377035893304,0.7879133409350056
wo_spectral,49,13,,,0.10470390319824219,0.37348204138968094,0.7753705815279361
wo_spectral,49,14,,,0.11016273498535156,0.3791595155952233,0.7810718358038768
wo_spectral,49,15,,,0.11929082870483398,0.34986299893970707,0.766248574686431
wo_spectral,49,16,,,0.11360454559326172,0.3545346344587055,0.7776510832383124
wo_spectral,49,17,,,0.13563060760498047,0.36138786800320216,0.7970353477765109
wo_spectral,49,18,,,0.13071823120117188,0.3599971360834034,0.8050171037628279
wo_spectral,49,19,,,0.11786651611328125,0.34475787583116146,0.7890535917901939
wo_spectral,49,20,,,0.11444950103759766,0.4025281622200598,0.8152793614595211
wo_spectral,49,21,,,0.12651872634887695,0.3387160891049205,0.7799315849486887
wo_spectral,49,22,,,0.12573862075805664,0.3628810103954983,0.8038768529076397
wo_spectral,49,23,,,0.12447500228881836,0.3604681456390441,0.7970353477765109
wo_spectral,49,24,,,0.11685371398925781,0.3374174938943047,0.7844925883694412
wo_spectral,49,25,,,0.1171879768371582,0.33863509581948364,0.7913340935005702
wo_spectral,49,26,,,0.11413192749023438,0.3253121196071169,0.790193842645382
wo_spectral,49,27,,,0.1407780647277832,0.31305331798491054,0.7810718358038768
wo_spectral,49,28,,,0.12222003936767578,0.33076867771491475,0.8004561003420753
wo_spectral,49,29,,,0.12024354934692383,0.3162468150516637,0.798175598631699
wo_spectral,49,30,,,0.10850906372070312,0.31431987362760955,0.6579247434435576
wo_spectral,50,0,,,0.10315227508544922,1.1952782982815358,0.7331812998859749
wo_spectral,50,1,,,0.13827276229858398,0.5030897727506729,0.7537058152793614
wo_spectral,50,2,,,0.11984825134277344,0.47410348789137546,0.774230330672748
wo_spectral,50,3,,,0.12743759155273438,0.4352199213305026,0.7548460661345496
wo_spectral,50,4,,,0.14460515975952148,0.4186470906924776,0.7594070695553021
wo_spectral,50,5,,,0.12559938430786133,0.4162025233868271,0.7445838084378563
wo_spectral,50,6,,,0.12275218963623047,0.3795317344637158,0.6944127708095781
wo_spectral,50,7,,,0.1302323341369629,0.38588222171270914,0.7947548460661346
wo_spectral,50,8,,,0.16049528121948242,0.36646227415209665,0.7776510832383124
wo_spectral,50,9,,,0.13535356521606445,0.37352449715462543,0.7719498289623717
wo_spectral,50,10,,,0.13574504852294922,0.3794214327662193,0.7947548460661346
wo_spectral,50,11,,,0.14411497116088867,0.3814937126595134,0.6533637400228051
wo_spectral,50,12,,,0.16785192489624023,0.350718719361144,0.6750285062713797
wo_spectral,50,13,,,0.13612604141235352,0.35520105688183035,0.8015963511972634
wo_spectral,50,14,,,0.14573144912719727,0.3692361402759826,0.7958950969213227
wo_spectral,50,15,,,0.15409374237060547,0.3435073819678197,0.7970353477765109
wo_spectral,50,16,,,0.1359548568725586,0.39905132630347734,0.7970353477765109
wo_spectral,50,17,,,0.14913654327392578,0.36398267013103464,0.7787913340935005
wo_spectral,50,18,,,0.15098047256469727,0.36650666578252183,0.7639680729760547
wo_spectral,50,19,,,0.13882160186767578,0.38977077329992127,0.7958950969213227
wo_spectral,50,20,,,0.15195560455322266,0.37179908471114576,0.7879133409350056
wo_spectral,50,21,,,0.14317798614501953,0.3582163253040909,0.7879133409350056
wo_spectral,50,22,,,0.18765830993652344,0.3766964514419828,0.7970353477765109
wo_spectral,50,23,,,0.17334794998168945,0.35630034052858744,0.790193842645382
wo_spectral,51,0,,,0.11647605895996094,1.1867721177707762,0.7936145952109465
wo_spectral,51,1,,,0.15799570083618164,0.4939851477173336,0.7445838084378563
wo_spectral,51,2,,,0.15947580337524414,0.4728222864951955,0.7229190421892816
wo_spectral,51,3,,,0.13492298126220703,0.4702688990457258,0.7434435575826682
wo_spectral,51,4,,,0.13916873931884766,0.4203981876846109,0.7685290763968073
wo_spectral,51,5,,,0.12935590744018555,0.4042489242600993,0.7822120866590649
wo_spectral,51,6,,,0.13217926025390625,0.3986334027662452,0.7844925883694412
wo_spectral,51,7,,,0.1409463882446289,0.39171783641593905,0.766248574686431
wo_spectral,51,8,,,0.14157629013061523,0.37778940526459204,0.7856328392246295
wo_spectral,51,9,,,0.10572242736816406,0.3707913253114669,0.7970353477765109
wo_spectral,51,10,,,0.1304469108581543,0.3778910601034162,0.8004561003420753
wo_spectral,51,11,,,0.1282644271850586,0.3879992882095473,0.7765108323831242
wo_spectral,51,12,,,0.13941431045532227,0.39141115097049206,0.7787913340935005
wo_spectral,51,13,,,0.13663434982299805,0.3811698937451538,0.7388825541619156
wo_spectral,51,14,,,0.1495976448059082,0.4106153977529714,0.7913340935005702
wo_spectral,51,15,,,0.1252741813659668,0.3552784805080355,0.7787913340935005
wo_spectral,51,16,,,0.12947607040405273,0.4021168110922651,0.8072976054732041
wo_spectral,51,17,,,0.11775827407836914,0.3494024401734711,0.7833523375142531
wo_spectral,51,18,,,0.12080717086791992,0.34989033409670905,0.7936145952109465
wo_spectral,51,19,,,0.11089754104614258,0.3495055334841076,0.7787913340935005
wo_spectral,51,20,,,0.1252884864807129,0.3775917148022706,0.7913340935005702
wo_spectral,51,21,,,0.1342606544494629,0.3363828976436836,0.7799315849486887
wo_spectral,51,22,,,0.14600324630737305,0.35603440936745306,0.798175598631699
wo_spectral,51,23,,,0.14638185501098633,0.34079473220776024,0.7856328392246295
wo_spectral,51,24,,,0.1410059928894043,0.3250013584539804,0.7879133409350056
wo_spectral,51,25,,,0.1550912857055664,0.3285989711706628,0.7776510832383124
wo_spectral,51,26,,,0.12172603607177734,0.32726026534384056,0.7913340935005702
wo_temporal,42,0,,,0.04190540313720703,1.670493607126254,0.5256556442417332
wo_temporal,42,1,,,0.037442684173583984,0.9056739901692547,0.6111744583808438
wo_temporal,42,2,,,0.04543256759643555,0.8116566270781911,0.6077537058152793
wo_temporal,42,3,,,0.038652896881103516,0.7862917841455992,0.621436716077537
wo_temporal,42,4,,,0.050191402435302734,0.7433770538617551,0.6202964652223489
wo_temporal,42,5,,,0.045207977294921875,0.7511437826955679,0.6111744583808438
wo_temporal,42,6,,,0.045035362243652344,0.732464453815882,0.629418472063854
wo_temporal,42,7,,,0.04815483093261719,0.727445593374344,0.6339794754846066
wo_temporal,42,8,,,0.04043769836425781,0.6934310361543503,0.6465222348916762
wo_temporal,42,9,,,0.04203987121582031,0.6767389030224862,0.6419612314709237
wo_temporal,42,10,,,0.04039335250854492,0.6626579221605841,0.6396807297605474
wo_temporal,42,11,,,0.0399632453918457,0.6611866901638369,0.6431014823261118
wo_temporal,42,12,,,0.04128694534301758,0.6414637595754954,0.6636259977194983
wo_temporal,42,13,,,0.03849220275878906,0.6577923286061625,0.6396807297605474
wo_temporal,42,14,,,0.05038118362426758,0.6396011430317657,0.6602052451539339
wo_temporal,42,15,,,0.04208946228027344,0.6621454786001365,0.6396807297605474
wo_temporal,42,16,,,0.047147274017333984,0.6341166304489971,0.6316989737742303
wo_temporal,42,17,,,0.049617767333984375,0.6188745702486199,0.6499429874572406
wo_temporal,42,18,,,0.04720592498779297,0.6014595786326583,0.661345496009122
wo_temporal,42,19,,,0.04422426223754883,0.5969409310232606,0.6488027366020525
wo_temporal,42,20,,,0.04883241653442383,0.6207645531775163,0.6499429874572406
wo_temporal,42,21,,,0.05020761489868164,0.5864706449598502,0.6579247434435576
wo_temporal,42,22,,,0.052786827087402344,0.5910181444827199,0.6488027366020525
wo_temporal,43,0,,,0.03713274002075195,1.6234178881155836,0.580387685290764
wo_temporal,43,1,,,0.0340123176574707,0.8637119741444548,0.6202964652223489
wo_temporal,43,2,,,0.037505149841308594,0.7807419457291398,0.6351197263397947
wo_temporal,43,3,,,0.036538124084472656,0.7485916178357678,0.6339794754846066
wo_temporal,43,4,,,0.04982423782348633,0.7288123998656152,0.6396807297605474
wo_temporal,43,5,,,0.046910762786865234,0.7096134147019922,0.645381984036488
wo_temporal,43,6,,,0.04149818420410156,0.6736763352265025,0.6180159635119726
wo_temporal,43,7,,,0.041986942291259766,0.6653440219669219,0.6316989737742303
wo_temporal,43,8,,,0.039675235748291016,0.6596128863158295,0.6408209806157354
wo_temporal,43,9,,,0.04662179946899414,0.6383359788902692,0.6567844925883695
wo_temporal,43,10,,,0.047186851501464844,0.6372833080261014,0.6419612314709237
wo_temporal,43,11,,,0.04325056076049805,0.6337799291889681,0.6385404789053591
wo_temporal,43,12,,,0.04115581512451172,0.6442832940830178,0.6510832383124288
wo_temporal,43,13,,,0.041730403900146484,0.6337976229917784,0.6670467502850627
wo_temporal,43,14,,,0.050148963928222656,0.6107134126352094,0.6545039908779932
wo_temporal,43,15,,,0.050778865814208984,0.6170712016452701,0.6476624857468644
wo_temporal,43,16,,,0.05810356140136719,0.6082517313496216,0.6579247434435576
wo_temporal,43,17,,,0.05510854721069336,0.617569945964096,0.6385404789053591
wo_temporal,43,18,,,0.047763824462890625,0.6133039055865888,0.6510832383124288
wo_temporal,43,19,,,0.04307365417480469,0.5945508318131787,0.6681870011402509
wo_temporal,43,20,,,0.04775047302246094,0.599328073671565,0.6191562143671607
wo_temporal,43,21,,,0.059552669525146484,0.5871851996555149,0.6282782212086659
wo_temporal,43,22,,,0.052773475646972656,0.5938537611367978,0.6385404789053591
wo_temporal,43,23,,,0.06131601333618164,0.5944426166106996,0.6567844925883695
wo_temporal,43,24,,,0.05116558074951172,0.5862511582580249,0.6602052451539339
wo_temporal,43,25,,,0.06389141082763672,0.6006098528220385,0.6066134549600912
wo_temporal,43,26,,,0.04995918273925781,0.5927473431361685,0.5575826681870011
wo_temporal,43,27,,,0.06444120407104492,0.5958378234592829,0.6533637400228051
wo_temporal,43,28,,,0.061652183532714844,0.5768397957692362,0.6556442417331813
wo_temporal,43,29,,,0.07600784301757812,0.598297220412374,0.5735461801596351
wo_temporal,44,0,,,0.04435253143310547,1.712693347869442,0.5359179019384265
wo_temporal,44,1,,,0.039824485778808594,0.9123496385157315,0.572405929304447
wo_temporal,44,2,,,0.053778648376464844,0.834016476400902,0.6202964652223489
wo_temporal,44,3,,,0.04052257537841797,0.7593482444353723,0.6180159635119726
wo_temporal,44,4,,,0.050240516662597656,0.7033944401814315,0.6545039908779932
wo_temporal,44,5,,,0.044272422790527344,0.6989266570984402,0.6031927023945268
wo_temporal,44,6,,,0.057541847229003906,0.6683860013079513,0.6396807297605474
wo_temporal,44,7,,,0.05991029739379883,0.6601399835762436,0.6442417331812998
wo_temporal,44,8,,,0.04355621337890625,0.6661073037404263,0.5518814139110604
wo_temporal,44,9,,,0.054943084716796875,0.6782418890465115,0.6590649942987458
wo_temporal,44,10,,,0.05097007751464844,0.6369906259930601,0.6339794754846066
wo_temporal,44,11,,,0.058275699615478516,0.6330153007405668,0.6476624857468644
wo_temporal,44,12,,,0.06589269638061523,0.6111016562508662,0.6556442417331813
wo_temporal,44,13,,,0.0675649642944336,0.603032251602952,0.6499429874572406
wo_temporal,44,14,,,0.0473027229309082,0.6168001883090222,0.6567844925883695
wo_temporal,44,15,,,0.044130802154541016,0.5963556857379758,0.629418472063854
wo_temporal,44,16,,,0.05285215377807617,0.5830829799263916,0.6579247434435576
wo_temporal,44,17,,,0.05882692337036133,0.5973454050546125,0.636259977194983
wo_temporal,44,18,,,0.04715442657470703,0.6005912250259694,0.6567844925883695
wo_temporal,44,19,,,0.0430445671081543,0.5867146954834314,0.661345496009122
wo_temporal,44,20,,,0.054309844970703125,0.5983681949460394,0.6624857468643102
wo_temporal,44,21,,,0.04687166213989258,0.5873863612535748,0.669327251995439
wo_temporal,44,22,,,0.05561542510986328,0.5855714663693263,0.6750285062713797
wo_temporal,44,23,,,0.053676605224609375,0.6301621799724316,0.5974914481185861
wo_temporal,44,24,,,0.04489564895629883,0.5937521278001202,0.5575826681870011
wo_temporal,44,25,,,0.05182027816772461,0.6030178014512221,0.5963511972633979
wo_temporal,44,26,,,0.05370378494262695,0.5838120887642398,0.5986316989737742
wo_temporal,44,27,,,0.05233287811279297,0.5830948935562157,0.6659064994298746
wo_temporal,44,28,,,0.053148746490478516,0.5732754044267998,0.6579247434435576
wo_temporal,44,29,,,0.051258087158203125,0.5738735802113331,0.5872291904218928
wo_temporal,44,30,,,0.05242586135864258,0.5641121620586604,0.6590649942987458
wo_temporal,44,31,,,0.053809165954589844,0.5528731529347425,0.6351197263397947
wo_temporal,44,32,,,0.04499340057373047,0.584836256454376,0.645381984036488
wo_temporal,45,0,,,0.04205513000488281,1.644997858209189,0.5051311288483467
wo_temporal,45,1,,,0.04203176498413086,0.8906268598304034,0.6066134549600912
wo_temporal,45,2,,,0.05251932144165039,0.8112196988496795,0.6145952109464082
wo_temporal,45,3,,,0.05141735076904297,0.7599433093716381,0.6316989737742303
wo_temporal,45,4,,,0.05969095230102539,0.7246023116870629,0.636259977194983
wo_temporal,45,5,,,0.05675172805786133,0.7054319136143913,0.6282782212086659
wo_temporal,45,6,,,0.05582618713378906,0.6858920432520078,0.6077537058152793
wo_temporal,45,7,,,0.061888694763183594,0.6688308220543244,0.6419612314709237
wo_temporal,45,8,,,0.05751609802246094,0.6537537013296449,0.6271379703534777
wo_temporal,45,9,,,0.05395984649658203,0.6713282885856421,0.6066134549600912
wo_temporal,45,10,,,0.0547184944152832,0.6884406198353595,0.6431014823261118
wo_temporal,45,11,,,0.06362438201904297,0.6616051090076883,0.6488027366020525
wo_temporal,45,12,,,0.06810426712036133,0.644832410372657,0.6465222348916762
wo_temporal,45,13,,,0.0619664192199707,0.6571770846755066,0.6522234891676169
wo_temporal,45,14,,,0.06808328628540039,0.6445805086141538,0.6465222348916762
wo_temporal,45,15,,,0.062085628509521484,0.6347265401924371,0.6442417331812998
wo_temporal,45,16,,,0.06266593933105469,0.6251199257864358,0.6579247434435576
wo_temporal,45,17,,,0.05890321731567383,0.6325092334272575,0.6339794754846066
wo_temporal,45,18,,,0.07881355285644531,0.6215554385948843,0.6271379703534777
wo_temporal,45,19,,,0.056052207946777344,0.6399913069394537,0.6533637400228051
wo_temporal,45,20,,,0.05830669403076172,0.6621048868914081,0.645381984036488
wo_temporal,45,21,,,0.06720304489135742,0.6139905704503965,0.6305587229190421
wo_temporal,45,22,,,0.053858280181884766,0.6300518818875617,0.6659064994298746
wo_temporal,45,23,,,0.06088542938232422,0.6044842872397405,0.6567844925883695
wo_temporal,45,24,,,0.05133533477783203,0.5920130073521831,0.661345496009122
wo_temporal,45,25,,,0.05610036849975586,0.5953449611032606,0.6396807297605474
wo_temporal,45,26,,,0.06984376907348633,0.5807620314719598,0.6579247434435576
wo_temporal,45,27,,,0.0682077407836914,0.57650646822962,0.669327251995439
wo_temporal,45,28,,,0.06735897064208984,0.5654278927559775,0.6670467502850627
wo_temporal,45,29,,,0.0692286491394043,0.5657795462858931,0.661345496009122
wo_temporal,45,30,,,0.06496858596801758,0.5659092386346911,0.6590649942987458
wo_temporal,45,31,,,0.07684612274169922,0.5646990800057535,0.6009122006841505
wo_temporal,45,32,,,0.06760597229003906,0.5798265183299233,0.6750285062713797
wo_temporal,45,33,,,0.06270885467529297,0.5591644004364089,0.61345496009122
wo_temporal,45,34,,,0.06909561157226562,0.578536495810165,0.677309007981756
wo_temporal,45,35,,,0.06799507141113281,0.5652732774504471,0.669327251995439
wo_temporal,45,36,,,0.07066965103149414,0.5668801149638738,0.6624857468643102
wo_temporal,45,37,,,0.07882356643676758,0.568668958865361,0.6590649942987458
wo_temporal,45,38,,,0.07314586639404297,0.5693468454750564,0.6579247434435576
wo_temporal,45,39,,,0.07300710678100586,0.5681233916119531,0.6716077537058153
wo_temporal,45,40,,,0.07016324996948242,0.5750022173134715,0.6784492588369442
wo_temporal,45,41,,,0.07112789154052734,0.5633669590441732,0.6510832383124288
wo_temporal,45,42,,,0.06240272521972656,0.5614567065392618,0.6647662485746865
wo_temporal,45,43,,,0.06241941452026367,0.563301012547937,0.6704675028506272
wo_temporal,45,44,,,0.06531476974487305,0.5747568953669656,0.6556442417331813
wo_temporal,45,45,,,0.0628671646118164,0.56742895932025,0.6647662485746865
wo_temporal,45,46,,,0.08156013488769531,0.5605006178062507,0.6624857468643102
wo_temporal,45,47,,,0.07662630081176758,0.5554188729278156,0.6659064994298746
wo_temporal,45,48,,,0.06427431106567383,0.5666858049448493,0.6750285062713797
wo_temporal,45,49,,,0.07698535919189453,0.5602587960294763,0.6738882554161916
wo_temporal,45,50,,,0.07633399963378906,0.5485017202724368,0.6590649942987458
wo_temporal,46,0,,,0.036142826080322266,1.6519773175471717,0.5701254275940707
wo_temporal,46,1,,,0.04055643081665039,0.905423113776128,0.5872291904218928
wo_temporal,46,2,,,0.03999519348144531,0.8533918757100595,0.5974914481185861
wo_temporal,46,3,,,0.045330047607421875,0.782363999640522,0.6031927023945268
wo_temporal,46,4,,,0.04804706573486328,0.7734618647948432,0.6157354618015963
wo_temporal,46,5,,,0.046380043029785156,0.7329066857643866,0.5849486887115165
wo_temporal,46,6,,,0.03921318054199219,0.7166515597625718,0.6168757126567845
wo_temporal,46,7,,,0.04056739807128906,0.6924265176870472,0.6202964652223489
wo_temporal,46,8,,,0.045818328857421875,0.6797488033032737,0.6225769669327252
wo_temporal,46,9,,,0.04975414276123047,0.6663379017882378,0.6499429874572406
wo_temporal,46,10,,,0.04726886749267578,0.6474548654504264,0.6123147092360319
wo_temporal,46,11,,,0.049344539642333984,0.6648735231731454,0.6328392246294184
wo_temporal,46,12,,,0.058868408203125,0.6348227557712814,0.5929304446978335
wo_temporal,46,13,,,0.05269622802734375,0.6631321085521829,0.5929304446978335
wo_temporal,46,14,,,0.06353282928466797,0.651278220431073,0.6465222348916762
wo_temporal,46,15,,,0.06106090545654297,0.6169433802676544,0.6419612314709237
wo_temporal,46,16,,,0.0611271858215332,0.6150212534950343,0.636259977194983
wo_temporal,46,17,,,0.0664529800415039,0.6044502587943722,0.6545039908779932
wo_temporal,46,18,,,0.060736656188964844,0.5864887419288325,0.6590649942987458
wo_temporal,46,19,,,0.054714202880859375,0.5866011381740315,0.6670467502850627
wo_temporal,46,20,,,0.05209922790527344,0.5872300826327069,0.6602052451539339
wo_temporal,46,21,,,0.05871009826660156,0.5692289090121094,0.669327251995439
wo_temporal,46,22,,,0.05882978439331055,0.5824212200522245,0.6556442417331813
wo_temporal,46,23,,,0.05792999267578125,0.5818330528834225,0.6624857468643102
wo_temporal,46,24,,,0.06317138671875,0.5827065535742987,0.6476624857468644
wo_temporal,46,25,,,0.05398082733154297,0.5859825637119503,0.6636259977194983
wo_temporal,46,26,,,0.06738138198852539,0.5738509950451054,0.6567844925883695
wo_temporal,46,27,,,0.06463146209716797,0.5720678074382353,0.6636259977194983
wo_temporal,46,28,,,0.08016061782836914,0.5667352999090025,0.6066134549600912
wo_temporal,46,29,,,0.06581306457519531,0.5726044541783538,0.6533637400228051
wo_temporal,46,30,,,0.0673985481262207,0.5738334945976978,0.6522234891676169
wo_temporal,46,31,,,0.06202840805053711,0.5648079578038425,0.6351197263397947
wo_temporal,47,0,,,0.03707551956176758,1.6787473688518049,0.5199543899657925
wo_temporal,47,1,,,0.03248929977416992,0.8993162732935212,0.6020524515393386
wo_temporal,47,2,,,0.040154457092285156,0.8196993531362811,0.61345496009122
wo_temporal,47,3,,,0.04842710494995117,0.7626944433419375,0.6100342075256556
wo_temporal,47,4,,,0.0461583137512207,0.7412791987368537,0.6054732041049031
wo_temporal,47,5,,,0.0509796142578125,0.7070389026808278,0.6339794754846066
wo_temporal,47,6,,,0.04396772384643555,0.6731228226769012,0.6385404789053591
wo_temporal,47,7,,,0.053221702575683594,0.6727990567477315,0.6408209806157354
wo_temporal,47,8,,,0.05011558532714844,0.6442991805714904,0.6328392246294184
wo_temporal,47,9,,,0.04372835159301758,0.6263611858057752,0.5872291904218928
wo_temporal,47,10,,,0.03478097915649414,0.6399062716494,0.6545039908779932
wo_temporal,47,11,,,0.04432392120361328,0.6286026525893422,0.6465222348916762
wo_temporal,47,12,,,0.04564380645751953,0.6588607280499897,0.5952109464082098
wo_temporal,47,13,,,0.04021644592285156,0.6368475494611718,0.6499429874572406
wo_temporal,47,14,,,0.04496622085571289,0.6270474571961842,0.6488027366020525
wo_temporal,47,15,,,0.03964996337890625,0.6129317745071386,0.6545039908779932
wo_temporal,47,16,,,0.055800437927246094,0.6147531817676882,0.645381984036488
wo_temporal,47,17,,,0.05136442184448242,0.6261944115073242,0.6385404789053591
wo_temporal,47,18,,,0.049752235412597656,0.6322518478955262,0.6567844925883695
wo_temporal,47,19,,,0.03993368148803711,0.6194264510508865,0.6590649942987458
wo_temporal,47,20,,,0.046781063079833984,0.6301757403689561,0.636259977194983
wo_temporal,47,21,,,0.04932737350463867,0.62107406114078,0.6602052451539339
wo_temporal,47,22,,,0.054508209228515625,0.6179323179862496,0.6499429874572406
wo_temporal,47,23,,,0.05174064636230469,0.6014271624087105,0.6556442417331813
wo_temporal,47,24,,,0.04226112365722656,0.5812470720850954,0.6556442417331813
wo_temporal,47,25,,,0.049257755279541016,0.5825915941816188,0.6579247434435576
wo_temporal,47,26,,,0.043395042419433594,0.5764547970014807,0.6077537058152793
wo_temporal,47,27,,,0.05122041702270508,0.5697253711399727,0.6579247434435576
wo_temporal,47,28,,,0.051862239837646484,0.5706585072088076,0.6590649942987458
wo_temporal,47,29,,,0.05422401428222656,0.5684598575267215,0.6659064994298746
wo_temporal,47,30,,,0.05621004104614258,0.5675576837363075,0.6282782212086659
wo_temporal,47,31,,,0.060914039611816406,0.5710562560365645,0.6385404789053591
wo_temporal,47,32,,,0.06043386459350586,0.5743875615464973,0.6396807297605474
wo_temporal,47,33,,,0.04636573791503906,0.5573587282849352,0.6590649942987458
wo_temporal,47,34,,,0.0595855712890625,0.5858361917849395,0.6636259977194983
wo_temporal,47,35,,,0.05115222930908203,0.5625943387565366,0.6670467502850627
wo_temporal,47,36,,,0.05808067321777344,0.5774859594246746,0.6476624857468644
wo_temporal,47,37,,,0.060085296630859375,0.574234575816293,0.6556442417331813
wo_temporal,47,38,,,0.05747032165527344,0.572408128564879,0.6590649942987458
wo_temporal,47,39,,,0.06502771377563477,0.5711628198475902,0.6624857468643102
wo_temporal,47,40,,,0.06803512573242188,0.5696772457528481,0.6602052451539339
wo_temporal,47,41,,,0.06037282943725586,0.5656105871388507,0.6499429874572406
wo_temporal,47,42,,,0.05937480926513672,0.5533355969158091,0.6465222348916762
wo_temporal,47,43,,,0.06179046630859375,0.5663067251369985,0.6624857468643102
wo_temporal,47,44,,,0.06780433654785156,0.5581863112064299,0.6545039908779932
wo_temporal,47,45,,,0.056578636169433594,0.5652397255171746,0.661345496009122
wo_temporal,48,0,,,0.043793678283691406,1.7176543766753651,0.5188141391106044
wo_temporal,48,1,,,0.03448009490966797,0.9210999926896631,0.5119726339794755
wo_temporal,48,2,,,0.050498008728027344,0.811913506371229,0.6328392246294184
wo_temporal,48,3,,,0.03964519500732422,0.7755797215482062,0.621436716077537
wo_temporal,48,4,,,0.06379175186157227,0.7225511149717074,0.6282782212086659
wo_temporal,48,5,,,0.0524296760559082,0.6997942034419243,0.6123147092360319
wo_temporal,48,6,,,0.05006837844848633,0.6791544671571662,0.6180159635119726
wo_temporal,48,7,,,0.0661616325378418,0.6661897434949521,0.6202964652223489
wo_temporal,48,8,,,0.05988788604736328,0.6702189197266049,0.629418472063854
wo_temporal,48,9,,,0.05360889434814453,0.6734890699623006,0.636259977194983
wo_temporal,48,10,,,0.05598592758178711,0.6467350000015981,0.6282782212086659
wo_temporal,48,11,,,0.06751346588134766,0.6166043604992378,0.637400228050171
wo_temporal,48,12,,,0.05596590042114258,0.636874354271293,0.6419612314709237
wo_temporal,48,13,,,0.05433940887451172,0.6269606684598228,0.6488027366020525
wo_temporal,48,14,,,0.06760311126708984,0.6021979745213325,0.6624857468643102
wo_temporal,48,15,,,0.0706934928894043,0.6157727479624405,0.6579247434435576
wo_temporal,48,16,,,0.06844949722290039,0.6036274527699627,0.6499429874572406
wo_temporal,48,17,,,0.07278871536254883,0.6001439188072808,0.6567844925883695
wo_temporal,48,18,,,0.06823015213012695,0.6022364029685755,0.6396807297605474
wo_temporal,48,19,,,0.057402610778808594,0.6215806056735654,0.6681870011402509
wo_temporal,48,20,,,0.05645895004272461,0.6009209371759683,0.6602052451539339
wo_temporal,48,21,,,0.05678367614746094,0.5899695228336469,0.6670467502850627
wo_temporal,48,22,,,0.059203147888183594,0.5881364531131682,0.6476624857468644
wo_temporal,48,23,,,0.050427913665771484,0.6088352888955536,0.6351197263397947
wo_temporal,48,24,,,0.052233219146728516,0.5834903102377351,0.6567844925883695
wo_temporal,48,25,,,0.06046104431152344,0.5921962722788723,0.6761687571265679
wo_temporal,48,26,,,0.06549739837646484,0.5704125437218776,0.661345496009122
wo_temporal,48,27,,,0.06072044372558594,0.5857680918381956,0.6556442417331813
wo_temporal,48,28,,,0.06751060485839844,0.5690046352919341,0.6704675028506272
wo_temporal,48,29,,,0.06858015060424805,0.5678794011953862,0.6567844925883695
wo_temporal,48,30,,,0.057431697845458984,0.6020124198173495,0.6556442417331813
wo_temporal,48,31,,,0.0744638442993164,0.5710856154465002,0.637400228050171
wo_temporal,48,32,,,0.06146240234375,0.5897539464565688,0.661345496009122
wo_temporal,48,33,,,0.06440496444702148,0.5763188566851865,0.661345496009122
wo_temporal,48,34,,,0.06346273422241211,0.5681973355916922,0.6807297605473204
wo_temporal,48,35,,,0.07362890243530273,0.5715191873232799,0.6191562143671607
wo_temporal,48,36,,,0.06918668746948242,0.581758861453538,0.661345496009122
wo_temporal,48,37,,,0.07499408721923828,0.5615431163118331,0.6681870011402509
wo_temporal,48,38,,,0.06068992614746094,0.5687669166906316,0.6465222348916762
wo_temporal,48,39,,,0.0609431266784668,0.5834809286500492,0.6567844925883695
wo_temporal,48,40,,,0.06705713272094727,0.5597990676945368,0.6659064994298746
wo_temporal,48,41,,,0.07466506958007812,0.5627995157779652,0.669327251995439
wo_temporal,48,42,,,0.06924962997436523,0.5550889264372947,0.6111744583808438
wo_temporal,48,43,,,0.05753517150878906,0.5949620861314463,0.6659064994298746
wo_temporal,48,44,,,0.057337284088134766,0.5888767760167574,0.6647662485746865
wo_temporal,49,0,,,0.04692411422729492,1.7094286520054391,0.5313568985176739
wo_temporal,49,1,,,0.038494110107421875,0.9155217720602903,0.6123147092360319
wo_temporal,49,2,,,0.0589299201965332,0.8161770462930705,0.6202964652223489
wo_temporal,49,3,,,0.05120563507080078,0.7671413442907679,0.637400228050171
wo_temporal,49,4,,,0.06032752990722656,0.7315689029230241,0.6419612314709237
wo_temporal,49,5,,,0.04599332809448242,0.7098612162992395,0.6396807297605474
wo_temporal,49,6,,,0.04531526565551758,0.6860921199686999,0.6054732041049031
wo_temporal,49,7,,,0.050826072692871094,0.6911302150093688,0.636259977194983
wo_temporal,49,8,,,0.05769777297973633,0.6870697574208855,0.6396807297605474
wo_temporal,49,9,,,0.06009817123413086,0.6634459137384644,0.6499429874572406
wo_temporal,49,10,,,0.05512809753417969,0.6839147606992935,0.6431014823261118
wo_temporal,49,11,,,0.05700206756591797,0.6701594202543286,0.6408209806157354
wo_temporal,49,12,,,0.0594635009765625,0.6402848686396809,0.6533637400228051
wo_temporal,49,13,,,0.05773115158081055,0.6258951812672272,0.629418472063854
wo_temporal,49,14,,,0.07149028778076172,0.6153410966879789,0.6043329532497149
wo_temporal,49,15,,,0.06078529357910156,0.6310466610682028,0.636259977194983
wo_temporal,49,16,,,0.0707545280456543,0.6295208444853023,0.6545039908779932
wo_temporal,49,17,,,0.0806131362915039,0.6151155821192247,0.6510832383124288
wo_temporal,49,18,,,0.07418107986450195,0.6198236195534009,0.661345496009122
wo_temporal,49,19,,,0.07553243637084961,0.6085918421312672,0.6522234891676169
wo_temporal,49,20,,,0.06396245956420898,0.6271447661375728,0.6545039908779932
wo_temporal,49,21,,,0.06636810302734375,0.6049134986614555,0.6556442417331813
wo_temporal,49,22,,,0.07093620300292969,0.5940190997523249,0.6020524515393386
wo_temporal,49,23,,,0.07173442840576172,0.6407148420781148,0.6476624857468644
wo_temporal,49,24,,,0.06561899185180664,0.5971017916957873,0.6465222348916762
wo_temporal,49,25,,,0.07733488082885742,0.5952244172547794,0.6659064994298746
wo_temporal,49,26,,,0.09368085861206055,0.5795066096017901,0.6647662485746865
wo_temporal,49,27,,,0.07604551315307617,0.5703043756830143,0.6716077537058153
wo_temporal,49,28,,,0.08124256134033203,0.5686101855384162,0.6704675028506272
wo_temporal,49,29,,,0.08448934555053711,0.566965819173481,0.661345496009122
wo_temporal,49,30,,,0.09709548950195312,0.5661564593985547,0.6054732041049031
wo_temporal,49,31,,,0.08768510818481445,0.5592939079428405,0.6351197263397947
wo_temporal,49,32,,,0.0835723876953125,0.5677270336132256,0.6784492588369442
wo_temporal,49,33,,,0.07392168045043945,0.5591312882683924,0.6624857468643102
wo_temporal,49,34,,,0.08855056762695312,0.5878650137972702,0.6818700114025086
wo_temporal,49,35,,,0.07960176467895508,0.567824450381983,0.6681870011402509
wo_temporal,49,36,,,0.07898855209350586,0.5812460643026459,0.6465222348916762
wo_temporal,49,37,,,0.1000370979309082,0.5890429259883216,0.6579247434435576
wo_temporal,49,38,,,0.08637714385986328,0.600174164441061,0.6624857468643102
wo_temporal,49,39,,,0.09727191925048828,0.577881384439615,0.6602052451539339
wo_temporal,49,40,,,0.09888219833374023,0.5660200487521242,0.6180159635119726
wo_temporal,49,41,,,0.09206533432006836,0.562108145752459,0.6636259977194983
wo_temporal,49,42,,,0.0905604362487793,0.5619137270591256,0.6636259977194983
wo_temporal,49,43,,,0.10670614242553711,0.565738058586669,0.661345496009122
wo_temporal,49,44,,,0.10283422470092773,0.5635790470867507,0.6681870011402509
wo_temporal,50,0,,,0.042389869689941406,1.682414901924417,0.5336374002280502
wo_temporal,50,1,,,0.040438175201416016,0.8983787857901063,0.5746864310148233
wo_temporal,50,2,,,0.04340553283691406,0.815652734404693,0.6191562143671607
wo_temporal,50,3,,,0.03745841979980469,0.763812839600729,0.6316989737742303
wo_temporal,50,4,,,0.04727888107299805,0.7054787769610774,0.6385404789053591
wo_temporal,50,5,,,0.047636985778808594,0.6853670357002973,0.5974914481185861
wo_temporal,50,6,,,0.03873443603515625,0.6957971951898869,0.6385404789053591
wo_temporal,50,7,,,0.035888671875,0.6773522836948067,0.6465222348916762
wo_temporal,50,8,,,0.0395512580871582,0.6789469603388157,0.6351197263397947
wo_temporal,50,9,,,0.042139530181884766,0.6386925802706017,0.6670467502850627
wo_temporal,50,10,,,0.052727699279785156,0.6488800180035177,0.6442417331812998
wo_temporal,50,11,,,0.0381474494934082,0.6652310555325207,0.6510832383124288
wo_temporal,50,12,,,0.04187631607055664,0.6701511767446758,0.6077537058152793
wo_temporal,50,13,,,0.039351463317871094,0.6490997545897635,0.6602052451539339
wo_temporal,50,14,,,0.04804801940917969,0.6347715453931347,0.637400228050171
wo_temporal,50,15,,,0.039137840270996094,0.6541021698527131,0.6590649942987458
wo_temporal,50,16,,,0.05548572540283203,0.6154694330237204,0.6510832383124288
wo_temporal,50,17,,,0.05488920211791992,0.6158707108631191,0.6545039908779932
wo_temporal,50,18,,,0.058043479919433594,0.5956713023845311,0.6624857468643102
wo_temporal,50,19,,,0.047564029693603516,0.5836298280147615,0.6510832383124288
wo_temporal,51,0,,,0.03771018981933594,1.699878179973816,0.5313568985176739
wo_temporal,51,1,,,0.03703594207763672,0.9187456657228106,0.548460661345496
wo_temporal,51,2,,,0.04990053176879883,0.8320542639532359,0.6066134549600912
wo_temporal,51,3,,,0.04083967208862305,0.7847033212488692,0.6465222348916762
wo_temporal,51,4,,,0.04380464553833008,0.7442630830234268,0.6442417331812998
wo_temporal,51,5,,,0.06040382385253906,0.7175990167560115,0.61345496009122
wo_temporal,51,6,,,0.058377742767333984,0.6969681120651692,0.6077537058152793
wo_temporal,51,7,,,0.05963563919067383,0.6909618653102151,0.6339794754846066
wo_temporal,51,8,,,0.05971527099609375,0.6929796249132435,0.6442417331812998
wo_temporal,51,9,,,0.05100107192993164,0.6649336613932635,0.6624857468643102
wo_temporal,51,10,,,0.05834197998046875,0.6434594610863885,0.6465222348916762
wo_temporal,51,11,,,0.06839275360107422,0.6428957577235166,0.6442417331812998
wo_temporal,51,12,,,0.0628209114074707,0.6263166169424015,0.6510832383124288
wo_temporal,51,13,,,0.05686473846435547,0.6343107776117017,0.6488027366020525
wo_temporal,51,14,,,0.07085561752319336,0.6351825181481622,0.6602052451539339
wo_temporal,51,15,,,0.07684993743896484,0.6240211028271402,0.6510832383124288
wo_temporal,51,16,,,0.0772104263305664,0.6020959960569174,0.6579247434435576
wo_temporal,51,17,,,0.08181524276733398,0.5821341111181128,0.6545039908779932
wo_temporal,51,18,,,0.07530927658081055,0.5804312620413558,0.6522234891676169
wo_temporal,51,19,,,0.06705856323242188,0.6170837064751553,0.6123147092360319
