config,seed,epoch,h_alpha,rho,s_tau,train_loss,val_acc
full,42,0,0.21609104846430854,2.9701466394840814,0.09909391403198242,1.2163935088260256,0.7776510832383124
full,42,1,0.37624684759718374,2.9796271354178114,0.07507896423339844,0.47912990769124825,0.669327251995439
full,42,2,0.34663550895279177,2.3582905493488284,0.0942835807800293,0.4155330166228053,0.8027366020524516
full,42,3,0.3236695911467263,1.5265686929179418,0.08263397216796875,0.376308123073663,0.7970353477765109
full,42,4,0.4189583460336054,2.673169103827089,0.061679840087890625,0.3635429109035297,0.7856328392246295
full,42,5,0.32486054208157833,2.3010435448826225,0.06759214401245117,0.3522443909957141,0.7856328392246295
full,42,6,0.39576940383277304,3.216732827476158,0.060511112213134766,0.3572650065679744,0.7594070695553021
full,42,7,0.35143686877805297,2.7358128621983138,0.07605886459350586,0.3814986871207298,0.7890535917901939
full,42,8,0.40910901401321076,1.7253490200795776,0.0693197250366211,0.4022945731833954,0.7799315849486887
full,42,9,0.4211090425054179,1.7441244727101075,0.06942605972290039,0.3506722898251595,0.7890535917901939
full,42,10,0.35918271266495877,3.892588180987204,0.09592247009277344,0.347225418082546,0.7924743443557583
full,42,11,0.37781934455981747,2.3812950574885288,0.09454631805419922,0.3379919895099778,0.7708095781071835
full,42,12,0.42244279361042103,2.6973455894406997,0.0881199836730957,0.33561610028952965,0.7936145952109465
full,43,0,0.36309683989121133,3.3499662337085376,0.06543350219726562,1.2693195796923054,0.7708095781071835
full,43,1,0.4639492597512864,2.4383319149359113,0.08287906646728516,0.5055670073910639,0.7480045610034207
full,43,2,0.3710115870588257,1.9491156408349686,0.07428169250488281,0.45711011501249843,0.7799315849486887
full,43,3,0.42343503889827444,2.1239339783644158,0.059229373931884766,0.4336122339411307,0.7696693272519954
full,43,4,0.438871781349332,1.2362896782249035,0.0617671012878418,0.3819902677257048,0.7970353477765109
full,43,5,0.46349601031117305,2.1925034604667553,0.05629396438598633,0.4229563701607889,0.7628278221208666
full,43,6,0.3697380877578091,1.1059876950900274,0.06687355041503906,0.40816146838647277,0.7548460661345496
full,43,7,0.44088007612255303,1.6993031481283192,0.0552520751953125,0.3898190164778808,0.7696693272519954
full,43,8,0.3919838398740799,1.7256275206118687,0.05736064910888672,0.3643208472044325,0.7765108323831242
full,43,9,0.4176781078033518,2.641803994051676,0.04749774932861328,0.3685408013258231,0.7730900798175598
full,43,10,0.419022330692716,2.152356705699913,0.0678400993347168,0.3816165870935626,0.7730900798175598
full,43,11,0.43077060886775187,1.4377630225243898,0.05077171325683594,0.35114244028490016,0.7924743443557583
full,43,12,0.3881342880144393,2.4050739460507193,0.06290912628173828,0.341815330690243,0.790193842645382
full,43,13,0.3989805906891445,1.9132759432201838,0.051685333251953125,0.3562207198343953,0.7958950969213227
full,43,14,0.3606692326246215,1.8080951592403962,0.051419734954833984,0.34991323504639427,0.7913340935005702
full,44,0,0.49196682095184735,3.6691014213147266,0.09455490112304688,1.209620208656309,0.7525655644241733
full,44,1,0.5152498445424072,1.7417866161862248,0.10786294937133789,0.461892695845385,0.7856328392246295
full,44,2,0.39562725989092873,2.361410858204048,0.10479307174682617,0.4354779546545707,0.7696693272519954
full,44,3,0.37997148631814515,2.239236607179398,0.08279037475585938,0.39973696033494804,0.6305587229190421
full,44,4,0.41437185974643753,1.5860155340424944,0.0955967903137207,0.3698983931517802,0.7628278221208666
full,44,5,0.4297916306530384,2.599584738943606,0.09501981735229492,0.35798860742836586,0.7445838084378563
full,44,6,0.5079853691519217,2.672259367759584,0.09881925582885742,0.3872517795922086,0.7628278221208666
full,44,7,0.561872744753411,1.974756604774845,0.05538129806518555,0.3654306819814825,0.8004561003420753
full,44,8,0.5287123684146966,2.626530001310871,0.07100868225097656,0.372353008612584,0.7708095781071835
full,44,9,0.492125239524043,1.5926871413915866,0.06870269775390625,0.361680093707575,0.7970353477765109
full,44,10,0.3777076790479861,1.3892961610082883,0.07930660247802734,0.3989172250172793,0.798175598631699
full,44,11,0.40787703204235054,1.6414323074690058,0.0821685791015625,0.36154722097668246,0.8038768529076397
full,44,12,0.44737470262792356,1.6795435696595133,0.07557535171508789,0.3391801279608897,0.7947548460661346
full,44,13,0.44574046709239357,1.4572402779461577,0.0850377082824707,0.3431217176936674,0.6704675028506272
full,44,14,0.4735275984899974,1.2818401686997523,0.09574699401855469,0.33881487773087693,0.7993158494868872
full,44,15,0.475519176782906,1.8094936446151566,0.07494592666625977,0.3264628616251683,0.7753705815279361
full,44,16,0.4405718541274684,1.669946167545057,0.08350896835327148,0.35910934449187826,0.8004561003420753
full,44,17,0.46907223523002184,2.374145545574126,0.08621978759765625,0.33688586171260254,0.7844925883694412
full,44,18,0.49346701963959194,3.1500070496418693,0.07729578018188477,0.32408384515557126,0.6567844925883695
full,44,19,0.436483188849191,2.020892562905276,0.07344198226928711,0.368935948382762,0.7924743443557583
full,44,20,0.4575405468067208,2.454507113598271,0.08671712875366211,0.33873059162126656,0.790193842645382
full,44,21,0.4379307958273768,2.6354372801629915,0.07479524612426758,0.3557677662603088,0.7936145952109465
full,45,0,0.3866276605193912,3.158493542767651,0.09546136856079102,1.2572810807674901,0.6123147092360319
full,45,1,0.3604128014894147,2.8967520946245253,0.0932164192199707,0.5562229842671559,0.7525655644241733
full,45,2,0.3441212556594574,1.5418306413209857,0.1133871078491211,0.45771980782103644,0.7776510832383124
full,45,3,0.39805585882724737,1.6163113932344644,0.08754205703735352,0.4200131943985916,0.7924743443557583
full,45,4,0.41169030670911627,2.317542331714966,0.09388971328735352,0.38620399294008284,0.7628278221208666
full,45,5,0.3572822130482519,1.3318731659723384,0.08497810363769531,0.3743450086070691,0.7776510832383124
full,45,6,0.35351336561487184,2.172761611383108,0.08863115310668945,0.361213915556093,0.7719498289623717
full,45,7,0.447452363285999,2.295204636207168,0.07124805450439453,0.37106282142465163,0.7594070695553021
full,45,8,0.4246412132177852,2.8895103775282163,0.08069753646850586,0.3625359959571623,0.7924743443557583
full,45,9,0.42370098349289187,2.8505481721994306,0.0725712776184082,0.3373144584300202,0.774230330672748
full,45,10,0.37026548723095154,1.8483804696295612,0.06237983703613281,0.3819587408580222,0.7799315849486887
full,45,11,0.3658986526211617,1.6023408762857165,0.061901092529296875,0.34674373487759536,0.7867730900798175
full,45,12,0.3339870403891605,2.816120662637112,0.06836891174316406,0.3299746150995873,0.7958950969213227
full,45,13,0.3622187239285244,2.254433984361781,0.058422088623046875,0.33627186816815524,0.790193842645382
full,45,14,0.3480186623478589,2.2190461493482783,0.0844430923461914,0.33390878927725404,0.6499429874572406
full,45,15,0.41958195178708096,2.0033867688629203,0.06892061233520508,0.355915783890179,0.7594070695553021
full,45,16,0.36833334712286414,1.8066391155064125,0.06929683685302734,0.3521810922481722,0.6966932725199544
full,45,17,0.4306524839031861,2.5150822661392014,0.08912992477416992,0.33304345968281446,0.758266818700114
full,45,18,0.3437028886246531,3.2399302972713704,0.09216117858886719,0.333506764518074,0.6670467502850627
full,45,19,0.36100955829449743,2.414984830329768,0.07975196838378906,0.3289773366093104,0.6567844925883695
full,45,20,0.39894291042857455,1.5869403060841827,0.08018875122070312,0.3728705819550279,0.7924743443557583
full,45,21,0.38969171295271554,1.9612944750994754,0.09274435043334961,0.32816884750532643,0.7696693272519954
full,45,22,0.43630815094502795,2.952387093100256,0.07610845565795898,0.3543379039650928,0.7571265678449259
full,46,0,0.3992413700792674,2.968513561707523,0.10736227035522461,1.2473650973328991,0.5997719498289624
full,46,1,0.5071544167604041,2.9143174212754563,0.06805801391601562,0.5260055798023244,0.7696693272519954
full,46,2,0.38768502465182864,1.6163235507846436,0.05978965759277344,0.4622868632230064,0.636259977194983
full,46,3,0.40363983250940844,1.5464545986789733,0.09135580062866211,0.41719148415530977,0.7730900798175598
full,46,4,0.4251998133732724,1.4919061744301272,0.08215522766113281,0.41457999065836054,0.621436716077537
full,46,5,0.4219922540625602,1.9946772981706498,0.07497262954711914,0.41199664036472305,0.7616875712656784
full,46,6,0.4151428089432144,1.6717375964732935,0.10162591934204102,0.38938335200377366,0.7480045610034207
full,46,7,0.38448244717159497,1.4357612706884717,0.07070493698120117,0.3871388876266744,0.7468643101482326
full,46,8,0.45526550584292697,1.433155516162071,0.07945775985717773,0.3800179363774615,0.7480045610034207
full,46,9,0.37121289431028054,1.459562136023679,0.07683849334716797,0.371973692927552,0.7844925883694412
full,46,10,0.4233485898039786,1.0712289564163218,0.06373405456542969,0.37334276498634744,0.7651083238312428
full,46,11,0.5195784213418622,1.1410053425267161,0.0830225944519043,0.3917726450883698,0.7639680729760547
full,46,12,0.4369352487369375,1.522652984264656,0.07429361343383789,0.35521854435859723,0.7879133409350056
full,46,13,0.43750582888202755,1.445021460548011,0.07109832763671875,0.36220731165483555,0.7947548460661346
full,46,14,0.4286124091284257,1.1233619860496507,0.09867143630981445,0.3669056709177966,0.7993158494868872
full,46,15,0.433258824247825,1.0743266516531231,0.08938932418823242,0.33721898093516717,0.7879133409350056
full,46,16,0.438106692847842,1.6834243953317207,0.08673095703125,0.33472722547150036,0.7844925883694412
full,46,17,0.3998302003566707,1.4368245584819999,0.10045289993286133,0.3392658316385764,0.7799315849486887
full,46,18,0.35891247933181125,1.4993860409233584,0.09947633743286133,0.32903423330602993,0.6830102622576967
full,46,19,0.3983008023131127,1.6351002328986788,0.08663272857666016,0.34321566105598145,0.7913340935005702
full,46,20,0.4997767391570088,1.1778257067337057,0.056659698486328125,0.3651817349082595,0.7856328392246295
full,46,21,0.4491172264190158,1.4412996741675952,0.07570219039916992,0.3405128508791453,0.7388825541619156
full,46,22,0.3821837702583373,1.8892874342283341,0.06725692749023438,0.347560910169122,0.7787913340935005
full,46,23,0.3772300193811471,1.739221119951317,0.07990646362304688,0.3437366827206855,0.6624857468643102
full,46,24,0.43108001892280334,1.190087347124832,0.0783987045288086,0.34207446987698675,0.7913340935005702
full,47,0,0.43187058554567415,4.915878877168054,0.10299539566040039,1.245542547669692,0.7457240592930444
full,47,1,0.4708428560448351,4.204518592364271,0.08992910385131836,0.4793359418877529,0.6727480045610034
full,47,2,0.36235730825958573,3.144115415540458,0.10177135467529297,0.40718533706712323,0.7776510832383124
full,47,3,0.36069452405177704,3.2045544645671424,0.09364080429077148,0.39267537909447703,0.7616875712656784
full,47,4,0.3678944947964691,2.121593001726186,0.09362506866455078,0.3785218070743695,0.7331812998859749
full,47,5,0.3865816762975389,3.245065286026416,0.09727287292480469,0.36489693428185177,0.7491448118586089
full,47,6,0.38515040351962776,2.7639901669215794,0.09587812423706055,0.3712076699905131,0.766248574686431
full,47,7,0.39999773705637914,2.3544979349137924,0.0968160629272461,0.3707610748756269,0.8004561003420753
full,47,8,0.36501401643079917,2.9445992422404865,0.09840965270996094,0.3584371141472487,0.7765108323831242
full,47,9,0.3398462676907272,2.676060214872499,0.1085062026977539,0.3468253452942167,0.7765108323831242
full,47,10,0.36723030983748695,2.682742726580477,0.07694482803344727,0.3452402280295433,0.7263397947548461
full,47,11,0.3551949538714562,2.923834497243435,0.09200477600097656,0.368808191308422,0.7810718358038768
full,47,12,0.37504275391912567,2.569961848406523,0.061353206634521484,0.3527845731452957,0.7651083238312428
full,47,13,0.3444050918409256,2.288264382086343,0.08374166488647461,0.3278221194556165,0.7936145952109465
full,47,14,0.38337793385040303,2.406720584889271,0.08787250518798828,0.35126452663628016,0.8027366020524516
full,47,15,0.406997091405235,2.518471784366393,0.07607030868530273,0.3309709319515162,0.758266818700114
full,47,16,0.39531463210729234,2.529202889416108,0.07969379425048828,0.33064094840386865,0.7856328392246295
full,47,17,0.37575662079507427,1.7851581296330312,0.0856332778930664,0.35612533919709,0.7628278221208666
full,47,18,0.404188744160611,1.958465416468721,0.09440469741821289,0.3342744720177185,0.7947548460661346
full,47,19,0.41379986742537933,1.8812738841245424,0.0915074348449707,0.33898030440879445,0.7924743443557583
full,47,20,0.4453105606602993,2.301661735281065,0.08239364624023438,0.3433372613724116,0.798175598631699
full,47,21,0.4435256814323023,2.4969443762359225,0.06276512145996094,0.32814386863784145,0.6442417331812998
full,47,22,0.47446378959939856,2.0505671076098677,0.07406949996948242,0.3588569567649153,0.6727480045610034
full,47,23,0.3503991624445973,2.923030114997474,0.09651994705200195,0.36286845228491177,0.7833523375142531
full,47,24,0.4471668506635711,2.2561909011792207,0.07817459106445312,0.3569337246172134,0.7719498289623717
full,48,0,0.3633713717010798,3.366459391887523,0.12877321243286133,1.2782579624954284,0.7160775370581528
full,48,1,0.4537589848075949,2.4944441616610433,0.13279438018798828,0.5172880275094633,0.7730900798175598
full,48,2,0.4462705457826857,1.78649921127729,0.11379766464233398,0.44108254086811705,0.7719498289623717
full,48,3,0.41597039981625034,2.21427418646971,0.09720277786254883,0.4074075120359467,0.7936145952109465
full,48,4,0.4010178341637188,2.6634115110679106,0.12594938278198242,0.37510362165542777,0.7856328392246295
full,48,5,0.3818545458080072,1.6457556797986692,0.10670185089111328,0.36200233964442496,0.7799315849486887
full,48,6,0.4103807832492563,2.1316126837803075,0.08909082412719727,0.34756224658977414,0.7719498289623717
full,48,7,0.43789766763100846,2.6048492062476685,0.09908771514892578,0.3580328040803844,0.7822120866590649
full,48,8,0.3708589946964465,3.5850951861614515,0.14951372146606445,0.35435987452675816,0.7810718358038768
full,48,9,0.3978121179464106,1.7576248934731122,0.08303165435791016,0.3469764267860454,0.6556442417331813
full,48,10,0.42577944714309224,1.2697164693930274,0.09705781936645508,0.35658865776254683,0.7480045610034207
full,48,11,0.42593612220091825,1.4063424449821635,0.10189247131347656,0.3502603310668711,0.7856328392246295
full,48,12,0.39107614745055996,2.236956194722102,0.10534143447875977,0.3614637820390882,0.7833523375142531
full,48,13,0.3597469934663203,1.9942071148479883,0.10960769653320312,0.3584324876211277,0.7924743443557583
full,49,0,0.1626006563481862,4.0860867090081445,0.09850168228149414,1.1760862853837948,0.7685290763968073
full,49,1,0.30959090404450673,4.760279976873818,0.10651063919067383,0.4645348256569306,0.7936145952109465
full,49,2,0.5442451057381276,2.98317966771568,0.08157634735107422,0.4306624425657326,0.7708095781071835
full,49,3,0.5730656144195863,2.676944089856609,0.07097005844116211,0.38044616398269965,0.6567844925883695
full,49,4,0.386827788136827,2.1923109516214048,0.13720130920410156,0.39768548430223893,0.7468643101482326
full,49,5,0.5479227509658485,1.7112637805400557,0.08197736740112305,0.3966091443361123,0.7445838084378563
full,49,6,0.5360726346601383,2.0891661072860086,0.07947874069213867,0.3604691411282204,0.7776510832383124
full,49,7,0.45176665996684806,3.4876237208362855,0.0764613151550293,0.36348173106490944,0.7958950969213227
full,49,8,0.5205177770434204,2.32138133976002,0.08173274993896484,0.3489053939673708,0.7810718358038768
full,49,9,0.4436868304558202,2.811149391531877,0.07672452926635742,0.3309063322779325,0.6602052451539339
full,49,10,0.4000147059282389,1.8182947436182526,0.07971668243408203,0.3389501635587313,0.7936145952109465
full,49,11,0.37718994580576437,1.7627455394865683,0.09084415435791016,0.349746096943887,0.798175598631699
full,49,12,0.42799256801513563,2.1426701946879874,0.09990358352661133,0.34005296975004834,0.7913340935005702
full,49,13,0.43021318500577976,2.0258457949555067,0.09063243865966797,0.3300303152781285,0.790193842645382
full,49,14,0.4993384735184472,1.9202721394185853,0.09416723251342773,0.34410152328327615,0.7867730900798175
full,49,15,0.41535051836799386,1.9292362895782056,0.0975351333618164,0.3599242076580632,0.806157354618016
full,49,16,0.489688666102915,2.4856601283674298,0.0882406234741211,0.3534171214834203,0.7958950969213227
full,49,17,0.5600724854817345,3.3566915443423855,0.0728464126586914,0.3510496205713528,0.774230330672748
full,49,18,0.4649588107203228,1.754560339506958,0.09802627563476562,0.3300707068370011,0.7833523375142531
full,49,19,0.4046959614208808,1.974837597084416,0.0816650390625,0.3433518799212999,0.7822120866590649
full,49,20,0.5031889749309246,2.6107160037589976,0.0706171989440918,0.37627621632610503,0.7970353477765109
full,49,21,0.4941611454001194,2.295255083528315,0.08262777328491211,0.3321457447010394,0.8038768529076397
full,49,22,0.46284974599375844,2.101311565573962,0.07715654373168945,0.34010268132404103,0.798175598631699
full,49,23,0.48385554994332736,1.9726411386171492,0.08916807174682617,0.32001717042142824,0.8004561003420753
full,49,24,0.48004162398536254,1.9256656997103376,0.08899927139282227,0.3217943317091104,0.8015963511972634
full,49,25,0.4927771281994851,1.884617903830093,0.07818794250488281,0.3117378654016619,0.6670467502850627
full,50,0,0.20654818633068955,4.156607781832695,0.06850624084472656,1.2204487047162338,0.6282782212086659
full,50,1,0.21073937562624362,4.368081032949199,0.0828404426574707,0.5064883970304119,0.750285062713797
full,50,2,0.2364678276392307,2.9327704532009657,0.08272695541381836,0.4504692353526141,0.7548460661345496
full,50,3,0.2847657347017405,3.596214268296265,0.05994558334350586,0.4107201306253716,0.7844925883694412
full,50,4,0.21601899394978086,3.5124688616694,0.057511329650878906,0.3869609858768673,0.7970353477765109
full,50,5,0.2706313352061709,8.030905060862302,0.06346321105957031,0.4201362900173658,0.7708095781071835
full,50,6,0.27730864662403076,4.308607434035491,0.06285429000854492,0.40754609892258387,0.7594070695553021
full,50,7,0.30419340635745157,3.0645385544400776,0.07136201858520508,0.4023749837794987,0.7844925883694412
full,50,8,0.3382522680279607,2.162033372559425,0.07951545715332031,0.3623442333644135,0.790193842645382
full,50,9,0.4021127473595098,3.3966866404534004,0.07250308990478516,0.3670790464971464,0.7548460661345496
full,50,10,0.38983618521989344,2.0833709930432738,0.06930255889892578,0.37831377728953475,0.7856328392246295
full,50,11,0.3996516207600901,2.894189549368657,0.06660747528076172,0.3721024871729481,0.7708095781071835
full,50,12,0.3507602829751316,1.983604558041932,0.07330036163330078,0.35934672488040953,0.7844925883694412
full,50,13,0.32446049543568833,2.6822152729530218,0.06895971298217773,0.3634599902337887,0.7924743443557583
full,50,14,0.3068310315534744,2.655701910269336,0.07408952713012695,0.35579103046735444,0.7924743443557583
full,51,0,0.19740538660473336,4.667683261125001,0.07558059692382812,1.1886768177942173,0.7571265678449259
full,51,1,0.1983317979822135,8.354966528455684,0.05585002899169922,0.4756433255730375,0.6624857468643102
full,51,2,0.19151938404171998,5.638412050413271,0.069305419921875,0.4306834006463175,0.7879133409350056
full,51,3,0.16825415557482074,6.354105139103172,0.0699915885925293,0.41219582330725485,0.7970353477765109
full,51,4,0.2543654674073629,8.866480915586962,0.0674600601196289,0.41963977558398874,0.7286202964652223
full,51,5,0.16347487356809837,11.251723674829432,0.11294937133789062,0.4414004603410985,0.7719498289623717
full,51,6,0.24957805876661607,5.190183244150564,0.05020332336425781,0.4132001329071166,0.7776510832383124
full,51,7,0.23851699294706913,5.864103113005632,0.054149627685546875,0.4185184191286298,0.7844925883694412
full,51,8,0.20661433352404524,9.15668202105743,0.0568699836730957,0.38127208128386814,0.7639680729760547
full,51,9,0.23754979055785128,7.364418960281126,0.04992198944091797,0.3927082147820491,0.7297605473204105
full,51,10,0.2487646604730187,9.931987309194,0.06175994873046875,0.37662655554700736,0.7023945267958951
full,51,11,0.29667424309826296,6.947797264517681,0.06402254104614258,0.38167139868601513,0.7377423033067275
full,51,12,0.34554948362536186,4.043108172334173,0.0624690055847168,0.36552958068773556,0.7913340935005702
full,51,13,0.32462246295226255,4.320802401997495,0.058435916900634766,0.3344032850724137,0.7810718358038768
tsnet_vanilla,42,0,,,,1.1426283401844817,0.7628278221208666
tsnet_vanilla,42,1,,,,0.4965720732849189,0.7719498289623717
tsnet_vanilla,42,2,,,,0.45446437162873055,0.7867730900798175
tsnet_vanilla,42,3,,,,0.43771293870162775,0.7799315849486887
tsnet_vanilla,42,4,,,,0.39628215756934054,0.6704675028506272
tsnet_vanilla,42,5,,,,0.39565462373422405,0.790193842645382
tsnet_vanilla,42,6,,,,0.3985653374534346,0.7913340935005702
tsnet_vanilla,42,7,,,,0.3903995425720645,0.806157354618016
tsnet_vanilla,42,8,,,,0.3696710920948526,0.7936145952109465
tsnet_vanilla,42,9,,,,0.3729079965913893,0.7867730900798175
tsnet_vanilla,42,10,,,,0.3739447273354632,0.790193842645382
tsnet_vanilla,42,11,,,,0.38755047636039197,0.7879133409350056
tsnet_vanilla,42,12,,,,0.36132771370726524,0.6499429874572406
tsnet_vanilla,42,13,,,,0.3776987967777205,0.7765108323831242
tsnet_vanilla,42,14,,,,0.3944556610266289,0.6761687571265679
tsnet_vanilla,42,15,,,,0.3717375695262147,0.7844925883694412
tsnet_vanilla,42,16,,,,0.40401514916947173,0.7958950969213227
tsnet_vanilla,42,17,,,,0.40319866772388313,0.7810718358038768
tsnet_vanilla,43,0,,,,1.1316821673274573,0.6408209806157354
tsnet_vanilla,43,1,,,,0.524826235504037,0.7867730900798175
tsnet_vanilla,43,2,,,,0.4805308747657999,0.7958950969213227
tsnet_vanilla,43,3,,,,0.4777718473911049,0.7468643101482326
tsnet_vanilla,43,4,,,,0.4257828803953701,0.7776510832383124
tsnet_vanilla,43,5,,,,0.41389586982244775,0.7799315849486887
tsnet_vanilla,43,6,,,,0.41835142446734497,0.6681870011402509
tsnet_vanilla,43,7,,,,0.4527311085413515,0.7833523375142531
tsnet_vanilla,43,8,,,,0.38753585763419685,0.7867730900798175
tsnet_vanilla,43,9,,,,0.4100902666830461,0.790193842645382
tsnet_vanilla,43,10,,,,0.38503849004008833,0.7890535917901939
tsnet_vanilla,43,11,,,,0.4236093082076911,0.7765108323831242
tsnet_vanilla,43,12,,,,0.3803913959283077,0.7822120866590649
tsnet_vanilla,44,0,,,,1.1170052875666319,0.6419612314709237
tsnet_vanilla,44,1,,,,0.4949162040066471,0.7936145952109465
tsnet_vanilla,44,2,,,,0.43776932883274455,0.7719498289623717
tsnet_vanilla,44,3,,,,0.4153212953098469,0.7822120866590649
tsnet_vanilla,44,4,,,,0.4008436114349517,0.6408209806157354
tsnet_vanilla,44,5,,,,0.4119315888837948,0.7856328392246295
tsnet_vanilla,44,6,,,,0.40378623778239653,0.7879133409350056
tsnet_vanilla,44,7,,,,0.3766271851118331,0.7559863169897377
tsnet_vanilla,44,8,,,,0.40995337505652635,0.701254275940707
tsnet_vanilla,44,9,,,,0.39391884640649694,0.7776510832383124
tsnet_vanilla,44,10,,,,0.3539461684687987,0.8038768529076397
tsnet_vanilla,44,11,,,,0.3701675643883073,0.7753705815279361
tsnet_vanilla,44,12,,,,0.3841312912042979,0.7457240592930444
tsnet_vanilla,44,13,,,,0.3727302669474082,0.7730900798175598
tsnet_vanilla,44,14,,,,0.35982575103913905,0.7867730900798175
tsnet_vanilla,44,15,,,,0.3438377483209053,0.7115165336374002
tsnet_vanilla,44,16,,,,0.3940235962061582,0.7651083238312428
tsnet_vanilla,44,17,,,,0.37430386869518484,0.7936145952109465
tsnet_vanilla,44,18,,,,0.3569842180404323,0.7879133409350056
tsnet_vanilla,44,19,,,,0.3453890019025788,0.790193842645382
tsnet_vanilla,44,20,,,,0.3496558811029823,0.8015963511972634
tsnet_vanilla,45,0,,,,1.099231329600174,0.7799315849486887
tsnet_vanilla,45,1,,,,0.49820437440791815,0.6579247434435576
tsnet_vanilla,45,2,,,,0.4436404530104872,0.7765108323831242
tsnet_vanilla,45,3,,,,0.43376116582409957,0.69327251995439
tsnet_vanilla,45,4,,,,0.4193249188500226,0.7719498289623717
tsnet_vanilla,45,5,,,,0.41909884821381616,0.7890535917901939
tsnet_vanilla,45,6,,,,0.39689347409469156,0.7970353477765109
tsnet_vanilla,45,7,,,,0.38548443680301303,0.7708095781071835
tsnet_vanilla,45,8,,,,0.3860729657368431,0.7958950969213227
tsnet_vanilla,45,9,,,,0.36255877101900086,0.7833523375142531
tsnet_vanilla,45,10,,,,0.36178397069960816,0.806157354618016
tsnet_vanilla,45,11,,,,0.3556240749170004,0.661345496009122
tsnet_vanilla,45,12,,,,0.3597421088488195,0.8004561003420753
tsnet_vanilla,45,13,,,,0.3945100924492355,0.7559863169897377
tsnet_vanilla,45,14,,,,0.3963574533363233,0.7993158494868872
tsnet_vanilla,45,15,,,,0.3640572219776764,0.7924743443557583
tsnet_vanilla,45,16,,,,0.3548701236197188,0.7776510832383124
tsnet_vanilla,45,17,,,,0.35465137888785925,0.8004561003420753
tsnet_vanilla,45,18,,,,0.34045464955879784,0.7651083238312428
tsnet_vanilla,45,19,,,,0.35152100878419057,0.8084378563283923
tsnet_vanilla,45,20,,,,0.3451908177293996,0.8118586088939567
tsnet_vanilla,45,21,,,,0.32858926125783167,0.7867730900798175
tsnet_vanilla,45,22,,,,0.3443720566499452,0.7001140250855188
tsnet_vanilla,45,23,,,,0.3791364240480876,0.7879133409350056
tsnet_vanilla,45,24,,,,0.3490618937194022,0.7799315849486887
tsnet_vanilla,45,25,,,,0.34844933185000554,0.7833523375142531
tsnet_vanilla,45,26,,,,0.34262774273731,0.7799315849486887
tsnet_vanilla,45,27,,,,0.344142441236565,0.6624857468643102
tsnet_vanilla,45,28,,,,0.3316500955545258,0.7993158494868872
tsnet_vanilla,45,29,,,,0.3193360532222553,0.7491448118586089
tsnet_vanilla,45,30,,,,0.3292216568461254,0.6533637400228051
tsnet_vanilla,46,0,,,,1.0976792802654638,0.6624857468643102
tsnet_vanilla,46,1,,,,0.5118009513359467,0.750285062713797
tsnet_vanilla,46,2,,,,0.4565055610286049,0.7776510832383124
tsnet_vanilla,46,3,,,,0.4369744662311802,0.6579247434435576
tsnet_vanilla,46,4,,,,0.4122299864319332,0.7890535917901939
tsnet_vanilla,46,5,,,,0.3910207371340569,0.7810718358038768
tsnet_vanilla,46,6,,,,0.406533659775185,0.7776510832383124
tsnet_vanilla,46,7,,,,0.40437845346445367,0.7879133409350056
tsnet_vanilla,46,8,,,,0.3712219774693502,0.7160775370581528
tsnet_vanilla,46,9,,,,0.39619223694430167,0.7856328392246295
tsnet_vanilla,46,10,,,,0.39473556528808934,0.7708095781071835
tsnet_vanilla,46,11,,,,0.3783591934874558,0.8004561003420753
tsnet_vanilla,46,12,,,,0.39086944710723703,0.7867730900798175
tsnet_vanilla,46,13,,,,0.3699593263270539,0.7936145952109465
tsnet_vanilla,46,14,,,,0.37369819779649016,0.6738882554161916
tsnet_vanilla,46,15,,,,0.3821711474618642,0.814139110604333
tsnet_vanilla,46,16,,,,0.38070328955491933,0.8118586088939567
tsnet_vanilla,46,17,,,,0.36243569206706827,0.7936145952109465
tsnet_vanilla,46,18,,,,0.39310101855197166,0.7810718358038768
tsnet_vanilla,46,19,,,,0.37212789868386476,0.7844925883694412
tsnet_vanilla,46,20,,,,0.3858763431787609,0.7628278221208666
tsnet_vanilla,46,21,,,,0.35635752434416107,0.790193842645382
tsnet_vanilla,46,22,,,,0.41217225931869267,0.6316989737742303
tsnet_vanilla,46,23,,,,0.3884340597369261,0.6624857468643102
tsnet_vanilla,46,24,,,,0.37700536940200646,0.7913340935005702
tsnet_vanilla,46,25,,,,0.342650319185952,0.7879133409350056
tsnet_vanilla,47,0,,,,1.0963583540431805,0.6647662485746865
tsnet_vanilla,47,1,,,,0.4973913483768628,0.7924743443557583
tsnet_vanilla,47,2,,,,0.45435842607183274,0.7936145952109465
tsnet_vanilla,47,3,,,,0.4283292362698246,0.6567844925883695
tsnet_vanilla,47,4,,,,0.3914135293790357,0.7776510832383124
tsnet_vanilla,47,5,,,,0.38869504120069737,0.6351197263397947
tsnet_vanilla,47,6,,,,0.4009803066055078,0.7947548460661346
tsnet_vanilla,47,7,,,,0.41670276625769886,0.7537058152793614
tsnet_vanilla,47,8,,,,0.3686323180078101,0.7639680729760547
tsnet_vanilla,47,9,,,,0.38212475589909173,0.7628278221208666
tsnet_vanilla,47,10,,,,0.3712747046519874,0.734321550741163
tsnet_vanilla,47,11,,,,0.36193713038997244,0.7149372862029647
tsnet_vanilla,47,12,,,,0.4027001801019384,0.7753705815279361
tsnet_vanilla,47,13,,,,0.3875275646984193,0.7833523375142531
tsnet_vanilla,47,14,,,,0.3629365643180711,0.798175598631699
tsnet_vanilla,47,15,,,,0.3452490223594745,0.7445838084378563
tsnet_vanilla,47,16,,,,0.38811444391043515,0.8004561003420753
tsnet_vanilla,47,17,,,,0.35769396480477617,0.7856328392246295
tsnet_vanilla,47,18,,,,0.346064561773895,0.798175598631699
tsnet_vanilla,47,19,,,,0.35196168072813505,0.7890535917901939
tsnet_vanilla,47,20,,,,0.35926550511505323,0.798175598631699
tsnet_vanilla,47,21,,,,0.3331976914441284,0.7970353477765109
tsnet_vanilla,47,22,,,,0.3566955340399149,0.8038768529076397
tsnet_vanilla,47,23,,,,0.3456715984278288,0.8004561003420753
tsnet_vanilla,47,24,,,,0.3353994812301084,0.7947548460661346
tsnet_vanilla,47,25,,,,0.329100052082249,0.798175598631699
tsnet_vanilla,47,26,,,,0.33097275398601445,0.7913340935005702
tsnet_vanilla,47,27,,,,0.32332196091447185,0.6636259977194983
tsnet_vanilla,47,28,,,,0.34454329816433366,0.7879133409350056
tsnet_vanilla,47,29,,,,0.3292350128374303,0.7913340935005702
tsnet_vanilla,47,30,,,,0.3306960688703534,0.7776510832383124
tsnet_vanilla,47,31,,,,0.34346693337525125,0.7605473204104903
tsnet_vanilla,47,32,,,,0.36007572331520726,0.7719498289623717
tsnet_vanilla,48,0,,,,1.168560163952303,0.6465222348916762
tsnet_vanilla,48,1,,,,0.5045167889167131,0.7719498289623717
tsnet_vanilla,48,2,,,,0.4610180345335749,0.677309007981756
tsnet_vanilla,48,3,,,,0.42423462028484504,0.6488027366020525
tsnet_vanilla,48,4,,,,0.396355302131702,0.7993158494868872
tsnet_vanilla,48,5,,,,0.4438937313200875,0.7822120866590649
tsnet_vanilla,48,6,,,,0.41520189006670194,0.7844925883694412
tsnet_vanilla,48,7,,,,0.4045237051890992,0.798175598631699
tsnet_vanilla,48,8,,,,0.38225137451585117,0.6545039908779932
tsnet_vanilla,48,9,,,,0.4121415800662932,0.7559863169897377
tsnet_vanilla,48,10,,,,0.3850978265378401,0.6282782212086659
tsnet_vanilla,48,11,,,,0.3963374351001223,0.661345496009122
tsnet_vanilla,48,12,,,,0.38632796658226093,0.7776510832383124
tsnet_vanilla,48,13,,,,0.3910020739357248,0.7730900798175598
tsnet_vanilla,48,14,,,,0.3738468152258026,0.7970353477765109
tsnet_vanilla,49,0,,,,1.1025740519926934,0.6488027366020525
tsnet_vanilla,49,1,,,,0.5155965058473768,0.7719498289623717
tsnet_vanilla,49,2,,,,0.44720616633784493,0.6750285062713797
tsnet_vanilla,49,3,,,,0.40837332501409074,0.7616875712656784
tsnet_vanilla,49,4,,,,0.41850283634089336,0.6476624857468644
tsnet_vanilla,49,5,,,,0.4108979112450652,0.6761687571265679
tsnet_vanilla,49,6,,,,0.3908763857365364,0.7890535917901939
tsnet_vanilla,49,7,,,,0.38963859915792437,0.7639680729760547
tsnet_vanilla,49,8,,,,0.40280036980643624,0.7856328392246295
tsnet_vanilla,49,9,,,,0.3669531965350301,0.7799315849486887
tsnet_vanilla,49,10,,,,0.3952641725008241,0.7856328392246295
tsnet_vanilla,49,11,,,,0.3695067383300921,0.7810718358038768
tsnet_vanilla,49,12,,,,0.3686922349490089,0.7958950969213227
tsnet_vanilla,49,13,,,,0.38341230795297165,0.790193842645382
tsnet_vanilla,49,14,,,,0.3710663732940984,0.7993158494868872
tsnet_vanilla,49,15,,,,0.34894173152386465,0.7765108323831242
tsnet_vanilla,49,16,,,,0.37199345767409364,0.6624857468643102
tsnet_vanilla,49,17,,,,0.38312883885650273,0.7787913340935005
tsnet_vanilla,49,18,,,,0.3862195253726806,0.7913340935005702
tsnet_vanilla,49,19,,,,0.39964974236831136,0.774230330672748
tsnet_vanilla,49,20,,,,0.43439730701909895,0.7833523375142531
tsnet_vanilla,49,21,,,,0.36399147849775626,0.7457240592930444
tsnet_vanilla,49,22,,,,0.359358443118111,0.7069555302166477
tsnet_vanilla,49,23,,,,0.3645602362428967,0.6636259977194983
tsnet_vanilla,49,24,,,,0.358733161818467,0.7913340935005702
tsnet_vanilla,50,0,,,,1.1237416363140706,0.7480045610034207
tsnet_vanilla,50,1,,,,0.5062153944593287,0.6408209806157354
tsnet_vanilla,50,2,,,,0.4681254552624636,0.7947548460661346
tsnet_vanilla,50,3,,,,0.4207433403631692,0.7924743443557583
tsnet_vanilla,50,4,,,,0.39229786455128884,0.661345496009122
tsnet_vanilla,50,5,,,,0.40271163128600834,0.7639680729760547
tsnet_vanilla,50,6,,,,0.3911139193181656,0.7993158494868872
tsnet_vanilla,50,7,,,,0.40623868200290775,0.6602052451539339
tsnet_vanilla,50,8,,,,0.38466802397516614,0.7799315849486887
tsnet_vanilla,50,9,,,,0.42452471127413144,0.7787913340935005
tsnet_vanilla,50,10,,,,0.3952002315516512,0.6385404789053591
tsnet_vanilla,50,11,,,,0.4026207431862717,0.7787913340935005
tsnet_vanilla,50,12,,,,0.37862907018351805,0.7890535917901939
tsnet_vanilla,50,13,,,,0.38419440233536034,0.7616875712656784
tsnet_vanilla,50,14,,,,0.3735237125719191,0.7730900798175598
tsnet_vanilla,50,15,,,,0.3559175865095798,0.7753705815279361
tsnet_vanilla,50,16,,,,0.36941201797971407,0.74230330672748
tsnet_vanilla,51,0,,,,1.1242368022699314,0.7548460661345496
tsnet_vanilla,51,1,,,,0.4885208803530548,0.7787913340935005
tsnet_vanilla,51,2,,,,0.4612253789093214,0.7993158494868872
tsnet_vanilla,51,3,,,,0.41994606426108516,0.790193842645382
tsnet_vanilla,51,4,,,,0.4234457418477707,0.7776510832383124
tsnet_vanilla,51,5,,,,0.39024976520888216,0.7833523375142531
tsnet_vanilla,51,6,,,,0.394870657937386,0.7377423033067275
tsnet_vanilla,51,7,,,,0.3970742096508501,0.758266818700114
tsnet_vanilla,51,8,,,,0.4244607750235895,0.7970353477765109
tsnet_vanilla,51,9,,,,0.38513663882481086,0.7730900798175598
tsnet_vanilla,51,10,,,,0.3859168568724858,0.7867730900798175
tsnet_vanilla,51,11,,,,0.3696120585553647,0.7890535917901939
tsnet_vanilla,51,12,,,,0.3524301359905544,0.7844925883694412
wo_fusion,42,0,,2.3567739848814924,0.05320310592651367,1.2682946448167716,0.6579247434435576
wo_fusion,42,1,,1.7873475885210928,0.047113895416259766,0.48448867057891076,0.7810718358038768
wo_fusion,42,2,,1.8634283203695483,0.06924200057983398,0.40080049644322696,0.8072976054732041
wo_fusion,42,3,,1.545062633470324,0.05450582504272461,0.38508910324884393,0.661345496009122
wo_fusion,42,4,,1.785685920657698,0.05791139602661133,0.3940106885351636,0.7400228050171037
wo_fusion,42,5,,1.4132305766591058,0.055563926696777344,0.3829893207100872,0.7571265678449259
wo_fusion,42,6,,1.670717620599843,0.04955244064331055,0.3583879650496113,0.7890535917901939
wo_fusion,42,7,,1.7348854660395467,0.06042814254760742,0.34643212201634316,0.7913340935005702
wo_fusion,42,8,,1.7068312240616237,0.10113382339477539,0.3538656318666442,0.7400228050171037
wo_fusion,42,9,,1.5061721287058796,0.060183048248291016,0.35205001463438534,0.7730900798175598
wo_fusion,42,10,,1.9307636803633248,0.06003236770629883,0.352258775041549,0.6579247434435576
wo_fusion,42,11,,1.5370209893581657,0.07204151153564453,0.3581459939509379,0.758266818700114
wo_fusion,42,12,,1.5178780946937318,0.0834493637084961,0.3425109735147517,0.7708095781071835
wo_fusion,43,0,,2.6074167078107546,0.056824684143066406,1.277864113974583,0.7480045610034207
wo_fusion,43,1,,2.337448796425411,0.0479588508605957,0.49960535300741354,0.7913340935005702
wo_fusion,43,2,,1.2027064296812815,0.04401063919067383,0.4277037000916178,0.790193842645382
wo_fusion,43,3,,1.432787753351921,0.044101715087890625,0.4048000145620442,0.7571265678449259
wo_fusion,43,4,,1.4304468707720828,0.044324398040771484,0.365997540401124,0.6567844925883695
wo_fusion,43,5,,1.3082660080111683,0.040463924407958984,0.3632729173179422,0.7719498289623717
wo_fusion,43,6,,1.1365060293010056,0.0361785888671875,0.3734510056175805,0.7377423033067275
wo_fusion,43,7,,1.608491150399049,0.039888858795166016,0.3871848661236439,0.7822120866590649
wo_fusion,43,8,,1.9503618704272805,0.034148216247558594,0.3538031446709158,0.7890535917901939
wo_fusion,43,9,,2.5270495815563248,0.03426694869995117,0.36265496635531574,0.7765108323831242
wo_fusion,43,10,,1.4073594038075277,0.0336461067199707,0.40138488283946955,0.8027366020524516
wo_fusion,43,11,,1.7136663593254737,0.032056331634521484,0.35215026760786905,0.8050171037628279
wo_fusion,43,12,,1.7610870258256344,0.039465904235839844,0.3396330524714323,0.7856328392246295
wo_fusion,43,13,,1.4890645606910633,0.03266143798828125,0.347673630442546,0.8004561003420753
wo_fusion,43,14,,1.8197330003600558,0.03856706619262695,0.34080297599999576,0.7993158494868872
wo_fusion,43,15,,1.4718101964040686,0.029824256896972656,0.32661953643813957,0.7879133409350056
wo_fusion,43,16,,1.6854879536121223,0.03150367736816406,0.3510092552723599,0.7970353477765109
wo_fusion,43,17,,1.7523982632787682,0.04335832595825195,0.34342869769007955,0.7913340935005702
wo_fusion,43,18,,1.8004969748750896,0.05733966827392578,0.3612001795667082,0.7879133409350056
wo_fusion,43,19,,1.9628566136194552,0.037709712982177734,0.33608913528014955,0.7753705815279361
wo_fusion,43,20,,1.4859629821098967,0.03768301010131836,0.3646034257034884,0.6761687571265679
wo_fusion,43,21,,1.6874699725994247,0.03798198699951172,0.33995753027273395,0.8038768529076397
wo_fusion,44,0,,2.4104821311726603,0.05905961990356445,1.2582802284632688,0.7571265678449259
wo_fusion,44,1,,1.4671697796672067,0.06786584854125977,0.46585491759149406,0.7605473204104903
wo_fusion,44,2,,1.8868352050991377,0.06780290603637695,0.4142431699821839,0.7776510832383124
wo_fusion,44,3,,1.7001279293479152,0.05229377746582031,0.40622784746242857,0.661345496009122
wo_fusion,44,4,,1.5729900410251934,0.06459999084472656,0.36734071059219897,0.7947548460661346
wo_fusion,44,5,,1.8732254397931363,0.06475162506103516,0.3593907300706068,0.7388825541619156
wo_fusion,44,6,,1.3968723727310068,0.05660438537597656,0.35733376568239633,0.7799315849486887
wo_fusion,44,7,,1.995835141864546,0.05005455017089844,0.3640992652087384,0.7947548460661346
wo_fusion,44,8,,2.2250596266466314,0.058747291564941406,0.36088757699352714,0.7616875712656784
wo_fusion,44,9,,1.8825329179601695,0.06471443176269531,0.3390188095116887,0.7844925883694412
wo_fusion,44,10,,2.050828291429674,0.07044315338134766,0.3319959712607706,0.7970353477765109
wo_fusion,44,11,,1.6901174038428914,0.05939960479736328,0.3442839283752867,0.7787913340935005
wo_fusion,44,12,,1.4875537734091402,0.055504798889160156,0.3384109639447694,0.7856328392246295
wo_fusion,44,13,,1.6327503556103307,0.061765193939208984,0.3278223168572164,0.6659064994298746
wo_fusion,44,14,,1.310070806413214,0.06751585006713867,0.3516327294460546,0.7913340935005702
wo_fusion,44,15,,1.4672591713967158,0.06751298904418945,0.3241630241193568,0.7924743443557583
wo_fusion,44,16,,1.3736986862047849,0.08413505554199219,0.3570183070508572,0.790193842645382
wo_fusion,44,17,,1.6216094942662094,0.07659006118774414,0.3281661610631111,0.7787913340935005
wo_fusion,44,18,,1.6363653975217136,0.08382511138916016,0.33669451031285347,0.7799315849486887
wo_fusion,44,19,,2.180674324282182,0.07079601287841797,0.3292985221035834,0.8015963511972634
wo_fusion,44,20,,1.595737593722341,0.07620668411254883,0.3196313900704069,0.7890535917901939
wo_fusion,44,21,,2.1604867772889422,0.06357955932617188,0.3187904110862645,0.7765108323831242
wo_fusion,44,22,,1.828225413443378,0.06998300552368164,0.3415497500647042,0.7970353477765109
wo_fusion,44,23,,2.349457125439095,0.06418180465698242,0.3411808101387383,0.7776510832383124
wo_fusion,44,24,,1.7659481447567216,0.05523061752319336,0.3376274590865775,0.7753705815279361
wo_fusion,44,25,,1.5285818908410007,0.06384515762329102,0.32956705004139353,0.7970353477765109
wo_fusion,44,26,,1.8036988898755117,0.05949735641479492,0.3112138424938601,0.7787913340935005
wo_fusion,44,27,,1.668629311887802,0.06552457809448242,0.3114588590441332,0.7594070695553021
wo_fusion,44,28,,1.7907632752571354,0.0693197250366211,0.31058104441907064,0.7879133409350056
wo_fusion,44,29,,1.7399723483884413,0.07940340042114258,0.315929984508556,0.7890535917901939
wo_fusion,45,0,,2.540009198943924,0.04410982131958008,1.3244733958476005,0.7240592930444698
wo_fusion,45,1,,2.0740563092386504,0.04382181167602539,0.484399961491416,0.7457240592930444
wo_fusion,45,2,,1.390577389696395,0.043874263763427734,0.4339334811677304,0.7970353477765109
wo_fusion,45,3,,1.3890247088560908,0.0414576530456543,0.40044374801643307,0.685290763968073
wo_fusion,45,4,,1.6265378602134053,0.028356075286865234,0.38623757946296206,0.6499429874572406
wo_fusion,45,5,,1.0769471948772709,0.04880571365356445,0.3754834181965727,0.7651083238312428
wo_fusion,45,6,,2.1109143728504076,0.03912687301635742,0.3545657264518454,0.8004561003420753
wo_fusion,45,7,,1.4714165474843046,0.03647136688232422,0.3585896246138929,0.7958950969213227
wo_fusion,45,8,,1.7596710947576155,0.053754329681396484,0.35803785747268974,0.7913340935005702
wo_fusion,45,9,,1.9463995699406489,0.04674959182739258,0.3480309534616617,0.798175598631699
wo_fusion,45,10,,0.9827765174823813,0.062230587005615234,0.3538525454703687,0.7924743443557583
wo_fusion,45,11,,1.1188823938572119,0.06320714950561523,0.33649286735631123,0.8027366020524516
wo_fusion,45,12,,1.941419817814375,0.07486391067504883,0.3441954005018327,0.7947548460661346
wo_fusion,45,13,,1.6855336896470863,0.06288766860961914,0.3293399083833028,0.8038768529076397
wo_fusion,45,14,,1.4270036983680163,0.07539606094360352,0.33484319235111853,0.7947548460661346
wo_fusion,45,15,,1.2205553482119886,0.061598777770996094,0.326496758316789,0.6738882554161916
wo_fusion,45,16,,1.0308674478306363,0.08884000778198242,0.34785763509331447,0.7913340935005702
wo_fusion,45,17,,1.3333577314848912,0.09288501739501953,0.3392153713421829,0.7890535917901939
wo_fusion,45,18,,1.2979045726206848,0.0981292724609375,0.32474943027676006,0.798175598631699
wo_fusion,45,19,,1.4138067861671175,0.06307744979858398,0.3478552720070358,0.806157354618016
wo_fusion,45,20,,1.31201779922849,0.07272768020629883,0.3299005073991576,0.6727480045610034
wo_fusion,45,21,,1.401140736892096,0.0584559440612793,0.3110258019555602,0.6716077537058153
wo_fusion,45,22,,1.5827364604352105,0.07069015502929688,0.39213650676952355,0.7970353477765109
wo_fusion,45,23,,2.265184898164094,0.0749044418334961,0.34139235178077937,0.8004561003420753
wo_fusion,45,24,,1.7579292890687315,0.07389259338378906,0.3280048216104389,0.790193842645382
wo_fusion,45,25,,1.460333699717707,0.08446693420410156,0.35420423045747046,0.7708095781071835
wo_fusion,45,26,,1.3210693287922761,0.08416509628295898,0.3429966022989569,0.7970353477765109
wo_fusion,45,27,,1.51221299586342,0.08666467666625977,0.3230662770240568,0.8038768529076397
wo_fusion,45,28,,1.6707084655913806,0.07578325271606445,0.3122063423213713,0.7958950969213227
wo_fusion,45,29,,1.9210903412510028,0.07442188262939453,0.3328139911385887,0.8015963511972634
wo_fusion,46,0,,2.5840222005516225,0.05141878128051758,1.260598400765619,0.774230330672748
wo_fusion,46,1,,1.884595939991986,0.05800914764404297,0.5050886881842019,0.7776510832383124
wo_fusion,46,2,,1.8194207840170211,0.055939674377441406,0.43943281420753566,0.6716077537058153
wo_fusion,46,3,,1.528790462524226,0.04439830780029297,0.389653610131146,0.7799315849486887
wo_fusion,46,4,,1.7501232232480557,0.0719456672668457,0.37837291715401616,0.7696693272519954
wo_fusion,46,5,,1.943985058957704,0.05333995819091797,0.3654647807290073,0.7696693272519954
wo_fusion,46,6,,1.6241681421694079,0.05336332321166992,0.3599561146715814,0.7514253135689852
wo_fusion,46,7,,1.49096938806054,0.06029844284057617,0.362768849532499,0.7936145952109465
wo_fusion,46,8,,2.609829731413691,0.06489038467407227,0.33714684993250277,0.7765108323831242
wo_fusion,46,9,,2.0455430813984314,0.06048727035522461,0.3567707621347922,0.7924743443557583
wo_fusion,46,10,,1.6308843575261829,0.05203962326049805,0.3679654162061291,0.6602052451539339
wo_fusion,46,11,,1.7759285032612775,0.06857824325561523,0.3602750786886277,0.766248574686431
wo_fusion,46,12,,2.028432303626815,0.08284473419189453,0.3284942606998719,0.7776510832383124
wo_fusion,46,13,,1.7562556815094612,0.0679941177368164,0.33864987109283085,0.8004561003420753
wo_fusion,46,14,,2.0423341700215687,0.07415151596069336,0.31633287476145755,0.7993158494868872
wo_fusion,46,15,,2.078254708503486,0.07162618637084961,0.3349653477117929,0.7947548460661346
wo_fusion,46,16,,1.5049539577213822,0.08269643783569336,0.3846379380800609,0.7628278221208666
wo_fusion,46,17,,1.2323391435158864,0.07906150817871094,0.3565023754218692,0.7673888255416191
wo_fusion,46,18,,1.473740777929875,0.07644271850585938,0.33764632302578806,0.798175598631699
wo_fusion,46,19,,1.2503980539606732,0.06659221649169922,0.3307315363526994,0.7936145952109465
wo_fusion,46,20,,1.5285576391646951,0.06515836715698242,0.3364485056020862,0.6624857468643102
wo_fusion,46,21,,1.7025801920643187,0.06759166717529297,0.3211554148791743,0.7844925883694412
wo_fusion,46,22,,1.70911246378772,0.0785512924194336,0.3418992971747478,0.7924743443557583
wo_fusion,46,23,,2.5200707539609075,0.08248329162597656,0.3258263608519252,0.7958950969213227
wo_fusion,47,0,,2.791078925608412,0.0723733901977539,1.2493703916159136,0.7787913340935005
wo_fusion,47,1,,3.100723990046024,0.06408929824829102,0.4710949895165613,0.629418472063854
wo_fusion,47,2,,1.8198028857148287,0.07156515121459961,0.42327370440303896,0.7810718358038768
wo_fusion,47,3,,1.9450322888651927,0.05087995529174805,0.38933252632233784,0.7708095781071835
wo_fusion,47,4,,1.983506487346502,0.04500865936279297,0.39138153442133167,0.6533637400228051
wo_fusion,47,5,,2.058771789874613,0.06395626068115234,0.39068690842192066,0.7856328392246295
wo_fusion,47,6,,1.5818432002916205,0.05258035659790039,0.3530822883872154,0.8084378563283923
wo_fusion,47,7,,2.059378501712096,0.052802085876464844,0.3482286746867175,0.7822120866590649
wo_fusion,47,8,,1.8726644252746514,0.040191650390625,0.3921211365135696,0.790193842645382
wo_fusion,47,9,,1.8804137681824655,0.038701534271240234,0.3501534901696027,0.790193842645382
wo_fusion,47,10,,2.830038394110627,0.0332341194152832,0.3392744929588367,0.8050171037628279
wo_fusion,47,11,,2.536550812614982,0.03579854965209961,0.3448641247157124,0.6978335233751425
wo_fusion,47,12,,2.705710727290973,0.0475926399230957,0.3646182984364878,0.685290763968073
wo_fusion,47,13,,1.939109458218826,0.04192781448364258,0.3424534847905391,0.7993158494868872
wo_fusion,47,14,,2.020757297585434,0.052407264709472656,0.33446217641182685,0.7867730900798175
wo_fusion,47,15,,1.8560581736864445,0.030458927154541016,0.36235880999501296,0.8015963511972634
wo_fusion,47,16,,2.0232014579503224,0.03820610046386719,0.35042162832790635,0.7970353477765109
wo_fusion,48,0,,2.666909896590684,0.06621599197387695,1.2843661453975683,0.7594070695553021
wo_fusion,48,1,,2.3167766266232928,0.06556367874145508,0.4696503248200537,0.7594070695553021
wo_fusion,48,2,,1.2501527347268433,0.07373619079589844,0.4291727545832311,0.7366020524515393
wo_fusion,48,3,,1.57447882331043,0.05038261413574219,0.40364903521880574,0.74230330672748
wo_fusion,48,4,,1.8247639232980282,0.08218002319335938,0.38381462393861393,0.758266818700114
wo_fusion,48,5,,1.405873578896947,0.06733417510986328,0.39957669133530077,0.7514253135689852
wo_fusion,48,6,,1.8534694383759305,0.058795928955078125,0.3778016062201281,0.7719498289623717
wo_fusion,48,7,,2.217643798623369,0.051688194274902344,0.3520283623384732,0.8050171037628279
wo_fusion,48,8,,1.650600915802346,0.05538749694824219,0.4131621796717192,0.7936145952109465
wo_fusion,48,9,,1.7132060452293292,0.041817665100097656,0.35668725688444486,0.7274800456100342
wo_fusion,48,10,,1.8786415707001067,0.03719806671142578,0.34403010784663596,0.7913340935005702
wo_fusion,48,11,,1.4974414930433786,0.032939910888671875,0.34227569840837363,0.7844925883694412
wo_fusion,48,12,,1.2709761682196952,0.057401180267333984,0.3466394658601692,0.8004561003420753
wo_fusion,48,13,,1.5197789865102393,0.05669689178466797,0.3398203278273477,0.8027366020524516
wo_fusion,48,14,,1.5841935142728125,0.061235904693603516,0.3462217177975928,0.7936145952109465
wo_fusion,48,15,,1.3484661736212438,0.045679569244384766,0.3363313094542413,0.7787913340935005
wo_fusion,48,16,,1.8801679708113714,0.06085062026977539,0.32481902494960097,0.8004561003420753
wo_fusion,48,17,,1.4373310664421024,0.05636167526245117,0.32413188045605257,0.790193842645382
wo_fusion,49,0,,3.0209773608309725,0.06402015686035156,1.2514521679667832,0.6431014823261118
wo_fusion,49,1,,2.5918583027231867,0.05121183395385742,0.49318981123372474,0.7833523375142531
wo_fusion,49,2,,1.7695748544514707,0.05800819396972656,0.46422098979656806,0.7924743443557583
wo_fusion,49,3,,2.1171885902344245,0.048206329345703125,0.39914248157505006,0.6488027366020525
wo_fusion,49,4,,1.4695819817417481,0.062154293060302734,0.39855514969870665,0.7844925883694412
wo_fusion,49,5,,2.006845045151718,0.0559539794921875,0.3585632751646406,0.6681870011402509
wo_fusion,49,6,,1.6606626474278765,0.0512542724609375,0.36223678276807175,0.798175598631699
wo_fusion,49,7,,1.3585870477454325,0.06380271911621094,0.36243389902223616,0.7913340935005702
wo_fusion,49,8,,1.9793659422610945,0.05385446548461914,0.3681544774259502,0.7867730900798175
wo_fusion,49,9,,1.801786143104862,0.06232643127441406,0.35312074532175514,0.7924743443557583
wo_fusion,49,10,,1.6168580732752622,0.06328964233398438,0.35072677566618626,0.7856328392246295
wo_fusion,49,11,,2.042703553887832,0.060452938079833984,0.33401008542067473,0.774230330672748
wo_fusion,49,12,,2.200206872247135,0.05781841278076172,0.3340736511442764,0.7537058152793614
wo_fusion,49,13,,2.4334352751468398,0.0545659065246582,0.3785011508882075,0.6647662485746865
wo_fusion,49,14,,1.5624438472880766,0.06045961380004883,0.37590908088126157,0.7844925883694412
wo_fusion,49,15,,1.6778172957583743,0.08422088623046875,0.3595748861414049,0.7970353477765109
wo_fusion,49,16,,1.871903813204447,0.07684135437011719,0.34397163755183296,0.7947548460661346
wo_fusion,50,0,,2.079678883133309,0.07163715362548828,1.2865950167031353,0.7787913340935005
wo_fusion,50,1,,1.9214360784464406,0.0680088996887207,0.4673022966191032,0.6522234891676169
wo_fusion,50,2,,1.4874393533702726,0.06228494644165039,0.4115174779456975,0.7993158494868872
wo_fusion,50,3,,1.2687484062395784,0.04608726501464844,0.4278952496206636,0.7651083238312428
wo_fusion,50,4,,1.3382468753054249,0.040929317474365234,0.38911867756387297,0.7936145952109465
wo_fusion,50,5,,1.4995838739745468,0.05500650405883789,0.3817500738620049,0.7890535917901939
wo_fusion,50,6,,1.9290324465774198,0.03975820541381836,0.3573938135351352,0.8072976054732041
wo_fusion,50,7,,1.82854711592529,0.03589916229248047,0.34850129173365807,0.806157354618016
wo_fusion,50,8,,2.0640709842531653,0.046103477478027344,0.34334504929402115,0.7879133409350056
wo_fusion,50,9,,2.77267678718997,0.04311180114746094,0.3337827177998094,0.7708095781071835
wo_fusion,50,10,,0.8931857443425343,0.02783346176147461,0.4312023979989857,0.7263397947548461
wo_fusion,50,11,,1.8777890289281665,0.03278923034667969,0.4145378148904459,0.7913340935005702
wo_fusion,50,12,,1.812645472615789,0.045821189880371094,0.37015360194301333,0.7947548460661346
wo_fusion,50,13,,2.0118873900457883,0.03621721267700195,0.33978016836311065,0.798175598631699
wo_fusion,50,14,,2.386124667731928,0.04471921920776367,0.3241012138367645,0.7867730900798175
wo_fusion,50,15,,1.9132723855554457,0.029751300811767578,0.32959986715607553,0.7411630558722919
wo_fusion,50,16,,1.7703137417231765,0.048015594482421875,0.3216720760962014,0.7867730900798175
wo_fusion,51,0,,2.69210846888549,0.05702018737792969,1.2876222515437175,0.7468643101482326
wo_fusion,51,1,,2.4187519779125153,0.057000160217285156,0.466756574576836,0.7126567844925884
wo_fusion,51,2,,1.8779537705178617,0.055123329162597656,0.4164594653578282,0.6636259977194983
wo_fusion,51,3,,1.660562868338526,0.03887462615966797,0.3830528789424754,0.6579247434435576
wo_fusion,51,4,,1.6163012857501864,0.040158748626708984,0.38616820668961427,0.7833523375142531
wo_fusion,51,5,,1.5545443743168164,0.03755044937133789,0.35576074937220903,0.7879133409350056
wo_fusion,51,6,,1.7551417855150646,0.03604602813720703,0.35393543466814803,0.7879133409350056
wo_fusion,51,7,,2.25418684332019,0.04974985122680664,0.3603802053539482,0.7890535917901939
wo_fusion,51,8,,1.7061534114336108,0.05116701126098633,0.3615883096468939,0.798175598631699
wo_fusion,51,9,,2.3646548836623777,0.05237770080566406,0.34496578179672915,0.7947548460661346
wo_fusion,51,10,,2.179896966587828,0.05256223678588867,0.35435472481251945,0.7844925883694412
wo_fusion,51,11,,2.781860009436475,0.049559593200683594,0.33546199249523845,0.7936145952109465
wo_fusion,51,12,,1.8374268073305096,0.0490117073059082,0.3303790649839658,0.8004561003420753
wo_fusion,51,13,,2.122765844694114,0.04244661331176758,0.30963455123598765,0.806157354618016
wo_fusion,51,14,,1.9903174633547787,0.06655454635620117,0.32754868632445666,0.8038768529076397
wo_fusion,51,15,,1.773246395093934,0.0579075813293457,0.3144378950528479,0.7947548460661346
wo_fusion,51,16,,1.766735724886763,0.054123878479003906,0.3328446858462332,0.7958950969213227
wo_fusion,51,17,,1.5222321969960388,0.04945564270019531,0.3278633786580559,0.7753705815279361
wo_fusion,51,18,,1.4919870373651993,0.06051445007324219,0.3169667848455593,0.7571265678449259
wo_fusion,51,19,,1.5464771812792102,0.05615854263305664,0.3195189192085852,0.7936145952109465
wo_fusion,51,20,,1.3461626974425052,0.060755252838134766,0.35924121576426465,0.7890535917901939
wo_fusion,51,21,,1.3983896987366717,0.053772926330566406,0.3233176735172073,0.7924743443557583
wo_fusion,51,22,,1.4823742444951074,0.06697988510131836,0.3208297116365182,0.8027366020524516
wo_fusion,51,23,,1.6549959587493366,0.07751846313476562,0.31754294278660683,0.7810718358038768
wo_gating,42,0,0.3417826947580259,3.5372822408433646,,1.1728212284935424,0.7765108323831242
wo_gating,42,1,0.4810941361126021,3.5655982000551965,,0.5112314148592252,0.7708095781071835
wo_gating,42,2,0.35207404089071825,3.217105530089868,,0.442518862391913,0.7058152793614595
wo_gating,42,3,0.4376656917416849,3.3573965239479504,,0.3948829428181532,0.8027366020524516
wo_gating,42,4,0.4691737953792363,3.4106797055101077,,0.40515348021205133,0.7730900798175598
wo_gating,42,5,0.4486032085762103,2.8969397815467666,,0.3830709596878831,0.7537058152793614
wo_gating,42,6,0.48764878718581195,3.2808102109958557,,0.37520492094604463,0.7616875712656784
wo_gating,42,7,0.3474258175952604,2.1908912180075433,,0.3807821371913488,0.7651083238312428
wo_gating,42,8,0.4889618409487108,3.0127446596739356,,0.3872523944922822,0.7559863169897377
wo_gating,42,9,0.5968658728378144,1.5787661067472336,,0.38835157187314806,0.7730900798175598
wo_gating,42,10,0.5201589983321653,1.287119264085323,,0.3614005657161337,0.7776510832383124
wo_gating,42,11,0.48897806810717104,1.1238563223416898,,0.3429112519494484,0.6533637400228051
wo_gating,42,12,0.5273419439505124,1.7210846926077163,,0.33497219846339643,0.7844925883694412
wo_gating,42,13,0.5160853093561918,1.4607834396811388,,0.3424184921654251,0.7947548460661346
wo_gating,43,0,0.17835406557156475,7.688686554391673,,1.1158887374265156,0.6385404789053591
wo_gating,43,1,0.1833455620524994,11.671377392866072,,0.49600353652318635,0.7651083238312428
wo_gating,43,2,0.20798805137560322,9.764651714612544,,0.45069635818663006,0.7822120866590649
wo_gating,43,3,0.15932081959849143,9.514433596892436,,0.41695687394953035,0.7799315849486887
wo_gating,43,4,0.2352601050382041,8.72363518502356,,0.42727507171384993,0.7810718358038768
wo_gating,43,5,0.2393575869635603,7.29529184203675,,0.3957728879192884,0.7958950969213227
wo_gating,43,6,0.24029486818638313,8.718624563039196,,0.3619275502657382,0.7879133409350056
wo_gating,43,7,0.2420175097454847,4.527774279700781,,0.37955203479507743,0.7833523375142531
wo_gating,43,8,0.20946009471712673,5.432415748530846,,0.35461023483881576,0.790193842645382
wo_gating,43,9,0.1863792412461751,3.4118585830377253,,0.36463147528879586,0.7833523375142531
wo_gating,43,10,0.2092418612054422,2.727969514075363,,0.35825161381735915,0.790193842645382
wo_gating,43,11,0.24778864133074577,2.7440685836371035,,0.3623729336362223,0.7822120866590649
wo_gating,43,12,0.22966692102466826,3.4204786762277193,,0.33865520081782496,0.7833523375142531
wo_gating,43,13,0.18966745807130742,5.557319130085488,,0.3418556754992158,0.6624857468643102
wo_gating,43,14,0.2351023147400668,5.0728868852871845,,0.3714687155507021,0.7719498289623717
wo_gating,43,15,0.31142325102338825,3.617275464654386,,0.3541109735680856,0.7206385404789054
wo_gating,44,0,0.17640095234178924,6.054812752970289,,1.197488048789403,0.6043329532497149
wo_gating,44,1,0.22818598344716348,3.786935427318478,,0.5118699621078574,0.6624857468643102
wo_gating,44,2,0.2217891583139557,3.293446352661971,,0.43338377628222396,0.7958950969213227
wo_gating,44,3,0.36569833817948405,3.2112450263694337,,0.39457715009780114,0.7708095781071835
wo_gating,44,4,0.21118358122573627,1.9322870477318714,,0.3738001933710139,0.7776510832383124
wo_gating,44,5,0.29132150590922423,2.178878522502056,,0.3603686730224541,0.7696693272519954
wo_gating,44,6,0.3573340798137152,1.8984120073520325,,0.3626724533001621,0.7947548460661346
wo_gating,44,7,0.23162432375646713,2.1784460749944916,,0.3579749656775592,0.7651083238312428
wo_gating,44,8,0.2445489890371285,2.5318248627692803,,0.34573468910211613,0.7297605473204105
wo_gating,44,9,0.24884291680061482,2.020357863171946,,0.3471119882567542,0.790193842645382
wo_gating,44,10,0.2967200869711205,2.557708818985271,,0.3442352368991802,0.7947548460661346
wo_gating,44,11,0.2963061760540708,2.55376493163244,,0.3238013772959749,0.6989737742303307
wo_gating,44,12,0.3423144497269797,2.3605116308444933,,0.36053048429597884,0.7913340935005702
wo_gating,45,0,0.17389457441913347,9.47617587923305,,1.1390707910090434,0.7377423033067275
wo_gating,45,1,0.23291348836581063,9.709127881325688,,0.49362843540203,0.7993158494868872
wo_gating,45,2,0.2102183850588772,11.411812588638693,,0.43718013038833836,0.7787913340935005
wo_gating,45,3,0.23166206046942925,13.459938152177038,,0.4171879893491099,0.7468643101482326
wo_gating,45,4,0.30415731283902225,9.726663381667446,,0.40140249407640116,0.7001140250855188
wo_gating,45,5,0.17427767068494046,9.16684012988253,,0.4131121706359742,0.7753705815279361
wo_gating,45,6,0.17773959027079528,10.025430148695595,,0.3908246729003952,0.7958950969213227
wo_gating,45,7,0.1831573261306755,7.558703159123473,,0.40618675707825114,0.7810718358038768
wo_gating,45,8,0.18750518676288905,8.742862903157462,,0.37225965550469475,0.7970353477765109
wo_gating,45,9,0.1503053167583287,8.90883897520915,,0.3761755758781036,0.790193842645382
wo_gating,45,10,0.20345290969770416,7.872209404481703,,0.3931592252801773,0.7947548460661346
wo_gating,45,11,0.18234624038513159,6.642510151614135,,0.3639988510633496,0.7867730900798175
wo_gating,46,0,0.5540756982875426,3.127956251336947,,1.1922178495976377,0.766248574686431
wo_gating,46,1,0.530688843810085,3.11472974853314,,0.4691890943860086,0.7867730900798175
wo_gating,46,2,0.5200049409810543,2.454266016810907,,0.4415872049733561,0.790193842645382
wo_gating,46,3,0.4798116412745741,1.7614299973468466,,0.39933939339444374,0.6431014823261118
wo_gating,46,4,0.6069489183223498,1.8236189232868871,,0.39060881874262254,0.7240592930444698
wo_gating,46,5,0.48359251791236496,3.1209899892502966,,0.36031698412273444,0.7799315849486887
wo_gating,46,6,0.5592369582380567,2.1105007457639187,,0.36137669134920164,0.7137970353477765
wo_gating,46,7,0.5613341510931467,2.8493967800801863,,0.3680310233370999,0.7879133409350056
wo_gating,46,8,0.6067416077290642,1.632110742090957,,0.3791726376375587,0.7810718358038768
wo_gating,46,9,0.6019682828962152,1.7796191232387868,,0.34275276387866677,0.7776510832383124
wo_gating,46,10,0.5498862220469037,2.3167512923305216,,0.35945504227072284,0.7856328392246295
wo_gating,46,11,0.41780433853327464,2.3806116684308103,,0.34390015134021795,0.701254275940707
wo_gating,46,12,0.5033913781307506,2.2446054410315215,,0.3638269431412545,0.798175598631699
wo_gating,46,13,0.545163527388278,2.019890659212554,,0.3417956772332861,0.790193842645382
wo_gating,46,14,0.5509482286543975,2.720314802555713,,0.33327549231276987,0.7913340935005702
wo_gating,46,15,0.5550889378880726,1.8773803193937435,,0.3185683112364331,0.7936145952109465
wo_gating,46,16,0.5030646687715548,3.0351651737055056,,0.3438133874268123,0.7685290763968073
wo_gating,46,17,0.37828802745455026,3.341262385533751,,0.3817543017728292,0.7616875712656784
wo_gating,46,18,0.3521068540560859,2.9869864767972114,,0.33133963115391424,0.806157354618016
wo_gating,46,19,0.4732334325386286,3.5097671162273683,,0.32125211766762607,0.774230330672748
wo_gating,46,20,0.48877585867136375,3.3411740433577495,,0.3224410732961493,0.7799315849486887
wo_gating,46,21,0.39935956962600727,2.7022720987980815,,0.31977786309185985,0.6488027366020525
wo_gating,46,22,0.47881378145200815,2.0447080336593695,,0.32994278480821043,0.7753705815279361
wo_gating,46,23,0.3810405263977947,2.1190183486895133,,0.3649471254117074,0.7924743443557583
wo_gating,46,24,0.3155868938313016,2.1589745026760463,,0.3381261786997289,0.7879133409350056
wo_gating,46,25,0.2602225584144932,2.152089719216325,,0.3180575084733561,0.7844925883694412
wo_gating,46,26,0.34567719167921807,2.124457013272588,,0.3300401891111205,0.774230330672748
wo_gating,46,27,0.3466088450540633,1.9180302551688058,,0.32059193106648,0.7958950969213227
wo_gating,46,28,0.39176959788034443,1.8324223112467766,,0.30207845214043266,0.8084378563283923
wo_gating,46,29,0.4162737112127314,1.8504450008623772,,0.3054499910146101,0.7685290763968073
wo_gating,46,30,0.43343675604448734,1.7501176907698155,,0.3150447447482731,0.7822120866590649
wo_gating,46,31,0.41935332974341943,1.8951614561007164,,0.3044304705871824,0.7936145952109465
wo_gating,46,32,0.4027137240483629,2.698240788902671,,0.3309167144200444,0.7970353477765109
wo_gating,46,33,0.28482811090402743,1.802472689551428,,0.3443788270520053,0.8107183580387686
wo_gating,46,34,0.32220812592808556,2.079317264935283,,0.32665374152543347,0.7377423033067275
wo_gating,46,35,0.22334377327588428,2.180897996386558,,0.35183555475839245,0.7993158494868872
wo_gating,46,36,0.2210907367131379,1.73552606841846,,0.3538386849820407,0.790193842645382
wo_gating,46,37,0.21063866386873423,1.6776305138460077,,0.3210819343794793,0.806157354618016
wo_gating,46,38,0.2630892332356958,2.021303506705417,,0.31008246114009314,0.8027366020524516
wo_gating,46,39,0.26641001223194016,2.113947894722922,,0.3255905622471425,0.8152793614595211
wo_gating,46,40,0.31076695272728916,2.079462675621937,,0.3289685644722836,0.7947548460661346
wo_gating,46,41,0.35637685322701834,2.448901224780987,,0.3199173211460369,0.8015963511972634
wo_gating,46,42,0.33765171882925776,1.4697311244096443,,0.3190252136108482,0.798175598631699
wo_gating,46,43,0.3141772695826518,2.4811333630305077,,0.3301698307464722,0.7947548460661346
wo_gating,46,44,0.31550748722962735,1.980895701912782,,0.32635975356851404,0.7947548460661346
wo_gating,46,45,0.2618657813969294,2.0989058573325403,,0.31451374463770254,0.8004561003420753
wo_gating,46,46,0.23500506896481788,2.4526516924767203,,0.3006060444368959,0.7970353477765109
wo_gating,46,47,0.1512280851333679,2.721337346712698,,0.3300615782541512,0.8004561003420753
wo_gating,46,48,0.1741907399080865,2.2067143283990998,,0.3201184642450846,0.7696693272519954
wo_gating,46,49,0.16759503827855882,2.228488277852862,,0.30761960383742887,0.8015963511972634
wo_gating,47,0,0.4848848154943606,3.033618573820511,,1.174784683625652,0.7673888255416191
wo_gating,47,1,0.47544826845003274,2.1669763281027725,,0.5388007949470706,0.7799315849486887
wo_gating,47,2,0.5415884750594119,2.228691778104852,,0.47188564752314904,0.7936145952109465
wo_gating,47,3,0.6148337412081069,1.8775017278469803,,0.39571602573829767,0.7924743443557583
wo_gating,47,4,0.5965033653242303,1.6724579954858965,,0.3706389739481482,0.798175598631699
wo_gating,47,5,0.6215800142120549,2.0196974470337086,,0.3825471966232353,0.7673888255416191
wo_gating,47,6,0.694427673633067,2.1108778290345565,,0.356534010919534,0.798175598631699
wo_gating,47,7,0.6637635831477966,1.6270456946325431,,0.3487381269036985,0.7958950969213227
wo_gating,47,8,0.5747292169499725,2.1593607908648957,,0.35454792641269495,0.7947548460661346
wo_gating,47,9,0.5662788176768454,1.8415219433704544,,0.35889504555138135,0.7913340935005702
wo_gating,47,10,0.4763992188996615,1.6211498814763443,,0.3515824501651552,0.7890535917901939
wo_gating,47,11,0.5478570017592385,1.4876826069197442,,0.3382031171110283,0.790193842645382
wo_gating,47,12,0.5303132508658793,2.128278762551687,,0.33421629079214465,0.7160775370581528
wo_gating,47,13,0.5277564032092066,2.0070523142619954,,0.3585960654616651,0.7879133409350056
wo_gating,47,14,0.5271466058459109,1.8690288699173325,,0.3671848128559451,0.7810718358038768
wo_gating,48,0,0.4924594338431334,4.125756608955003,,1.1538932362463312,0.7080957810718358
wo_gating,48,1,0.4135111367228611,3.6379577981352487,,0.4909872604468463,0.7628278221208666
wo_gating,48,2,0.4667023541955916,3.3934836299399187,,0.41916144975767194,0.7833523375142531
wo_gating,48,3,0.4052603547985582,2.7198653172229785,,0.41081677868511635,0.7833523375142531
wo_gating,48,4,0.5111674038487617,2.841151570175701,,0.38980664371203005,0.6510832383124288
wo_gating,48,5,0.4336459928136005,2.236900207843222,,0.38707469924582544,0.7924743443557583
wo_gating,48,6,0.4682218607860537,3.5084935136194146,,0.3675099629604054,0.7958950969213227
wo_gating,48,7,0.5317172373488634,2.8583037597613927,,0.37100760119352594,0.7844925883694412
wo_gating,48,8,0.5108427043315473,3.4184929430816213,,0.3664730461623684,0.7822120866590649
wo_gating,48,9,0.4738901726502033,2.8023126968467515,,0.35781396457802617,0.7765108323831242
wo_gating,48,10,0.46634249733728517,1.652766377776107,,0.3714534013532564,0.7924743443557583
wo_gating,48,11,0.41640145500485304,2.9950131123882775,,0.3622990335399229,0.661345496009122
wo_gating,48,12,0.43890355422308863,2.802801637567617,,0.35971828042190146,0.7958950969213227
wo_gating,48,13,0.4353183539377527,2.566318925914067,,0.35867599147821216,0.7844925883694412
wo_gating,48,14,0.4949962779020522,1.98510890401541,,0.34699161305661597,0.7810718358038768
wo_gating,48,15,0.484653019141674,2.927369215252932,,0.36249713869335987,0.806157354618016
wo_gating,48,16,0.43598953786902683,4.6059069327946425,,0.37122336164464087,0.8015963511972634
wo_gating,48,17,0.46109600479405055,2.9575666991175833,,0.3448072161615988,0.7856328392246295
wo_gating,48,18,0.4413159303068259,3.57627838968261,,0.3316251979822207,0.7867730900798175
wo_gating,48,19,0.45810509653004516,3.7669534543493044,,0.33772487243213567,0.6966932725199544
wo_gating,48,20,0.4146771617939299,2.7022885550305435,,0.3324009185388174,0.8015963511972634
wo_gating,48,21,0.4584040165221599,2.285373983401294,,0.3255101088314406,0.8027366020524516
wo_gating,48,22,0.42138198757758216,2.0508032539251406,,0.34207074590171394,0.7958950969213227
wo_gating,48,23,0.4445185705055533,2.9948204986767553,,0.36729579250825534,0.7958950969213227
wo_gating,48,24,0.4300637888704656,2.187652204522373,,0.3332888231929955,0.7993158494868872
wo_gating,48,25,0.4410987873372513,2.623486029754602,,0.3271816503782939,0.7947548460661346
wo_gating,49,0,0.5897186614281844,3.356639902678657,,1.1872477726766126,0.7400228050171037
wo_gating,49,1,0.586197495040292,3.136066195144568,,0.4577824504409737,0.6738882554161916
wo_gating,49,2,0.6109641942923449,2.278548891182424,,0.3942302351371451,0.7947548460661346
wo_gating,49,3,0.45723773985999006,2.8467432862440294,,0.38019385382747317,0.7730900798175598
wo_gating,49,4,0.4704653798163696,2.4724116859246097,,0.38130865666791836,0.7730900798175598
wo_gating,49,5,0.5122254943953926,2.686003750522465,,0.3692783948863327,0.7776510832383124
wo_gating,49,6,0.5261667565255428,3.4485051265943683,,0.3561035053057427,0.7970353477765109
wo_gating,49,7,0.5269881713592031,3.6361529391800262,,0.3675624224651433,0.7696693272519954
wo_gating,49,8,0.5259553608710283,2.9899940844045725,,0.3642953756603795,0.7730900798175598
wo_gating,49,9,0.49494090269503255,2.928730194352074,,0.33496180195943165,0.7035347776510832
wo_gating,49,10,0.4918937492195967,2.4936167979462756,,0.3657502634547758,0.7936145952109465
wo_gating,49,11,0.48968902738709263,2.6261633010303997,,0.34323849066922024,0.7856328392246295
wo_gating,49,12,0.5103891045385972,2.3676356479050362,,0.34780723387703305,0.7970353477765109
wo_gating,49,13,0.45927212717068167,3.190079567364429,,0.32584677731925804,0.6716077537058153
wo_gating,49,14,0.49233766405787016,2.6375504751665693,,0.34431064549887097,0.7913340935005702
wo_gating,49,15,0.5240126865094086,2.678324744846962,,0.3279145480857134,0.7799315849486887
wo_gating,49,16,0.5269184615392801,3.9154159192721334,,0.35204193399398115,0.7354618015963512
wo_gating,50,0,0.5478875469121489,3.426091868732066,,1.206289746942175,0.7525655644241733
wo_gating,50,1,0.4368393775690694,2.2045899428748768,,0.5066987355865342,0.6590649942987458
wo_gating,50,2,0.5404472946647415,1.8580671699724944,,0.44846439609801825,0.7833523375142531
wo_gating,50,3,0.5782822357468089,1.6893949860076551,,0.4098195589351134,0.7537058152793614
wo_gating,50,4,0.5513276218962072,1.4461570239063017,,0.40063212449206653,0.7890535917901939
wo_gating,50,5,0.590173935472597,1.9385559145597255,,0.3650740868512155,0.7400228050171037
wo_gating,50,6,0.6064404057487941,2.2521711329194196,,0.3716291063305879,0.7730900798175598
wo_gating,50,7,0.5174236245450018,2.4165971898129532,,0.3573397069238588,0.7844925883694412
wo_gating,50,8,0.5373577015115006,3.1507788701098676,,0.34457701843566213,0.7822120866590649
wo_gating,50,9,0.45380962811737385,3.035448053968234,,0.3420269881727439,0.7810718358038768
wo_gating,50,10,0.4498175738680951,2.3219962494941457,,0.3423912635107234,0.7970353477765109
wo_gating,50,11,0.567858900083945,2.3911657255058563,,0.34631708054537813,0.645381984036488
wo_gating,50,12,0.5163372607461922,2.908159114786711,,0.3389385191887159,0.7936145952109465
wo_gating,50,13,0.5145106111603944,2.38303205901512,,0.33844343003626204,0.7856328392246295
wo_gating,50,14,0.5272477421303395,2.028891580036033,,0.33772279989264303,0.6476624857468644
wo_gating,50,15,0.5522025101988942,2.01376962228586,,0.3513618077626604,0.74230330672748
wo_gating,50,16,0.5899595208524373,1.8874607130542693,,0.340471393588042,0.7890535917901939
wo_gating,50,17,0.5963491605648097,1.7458904382550777,,0.34630153745959524,0.7776510832383124
wo_gating,50,18,0.5513256534653339,1.7663380318061244,,0.34412322436811665,0.790193842645382
wo_gating,50,19,0.5925838339130901,2.5248740676708854,,0.3302307164958638,0.7639680729760547
wo_gating,50,20,0.5178969674853999,2.579201388056312,,0.3455165534783072,0.7879133409350056
wo_gating,51,0,0.2811798943108786,3.376235737155656,,1.1721043551269592,0.7651083238312428
wo_gating,51,1,0.3555745513658405,2.9747883794136434,,0.49884802366047726,0.7765108323831242
wo_gating,51,2,0.23550591980499502,1.5609586551449985,,0.4290470483578487,0.7958950969213227
wo_gating,51,3,0.5145231043761823,1.4685527905423175,,0.3951692546897438,0.8004561003420753
wo_gating,51,4,0.38464726562807255,1.7571593070403604,,0.3753137583772794,0.6442417331812998
wo_gating,51,5,0.4484192593068317,1.3386203615567125,,0.3798522845198745,0.7936145952109465
wo_gating,51,6,0.5098109887718336,1.5433584742880333,,0.3626729424896959,0.7787913340935005
wo_gating,51,7,0.5272818877487444,1.2950912755952273,,0.37093061696318747,0.7924743443557583
wo_gating,51,8,0.42599641851270575,3.223368434280431,,0.35854557208277293,0.7936145952109465
wo_gating,51,9,0.436952225432097,2.7237690420359897,,0.35838364467327705,0.7856328392246295
wo_gating,51,10,0.4464467072773931,2.122030218349285,,0.3653968642505018,0.790193842645382
wo_gating,51,11,0.5169162535372719,1.9026573269917475,,0.33646616403218477,0.7822120866590649
wo_gating,51,12,0.5195255305065489,3.076319237155437,,0.3294170142719813,0.790193842645382
wo_gating,51,13,0.4823757588602878,2.6909210592434283,,0.31938788000758356,0.636259977194983
wo_spectral,42,0,,,0.11766624450683594,1.1556730026884368,0.6465222348916762
wo_spectral,42,1,,,0.10550355911254883,0.5110976076031535,0.677309007981756
wo_spectral,42,2,,,0.11113977432250977,0.4289802190509242,0.7856328392246295
wo_spectral,42,3,,,0.10820198059082031,0.41409760113689176,0.7605473204104903
wo_spectral,42,4,,,0.10670614242553711,0.42556147830700247,0.7628278221208666
wo_spectral,42,5,,,0.12288618087768555,0.4188990422150967,0.7616875712656784
wo_spectral,42,6,,,0.07165718078613281,0.4489573917001205,0.7388825541619156
wo_spectral,42,7,,,0.07817983627319336,0.4231873568947149,0.7719498289623717
wo_spectral,42,8,,,0.10649776458740234,0.4338263867217004,0.7844925883694412
wo_spectral,42,9,,,0.08208370208740234,0.4100136751873279,0.7799315849486887
wo_spectral,42,10,,,0.09222793579101562,0.3839438966344756,0.7856328392246295
wo_spectral,42,11,,,0.07860612869262695,0.36375058069640476,0.7890535917901939
wo_spectral,42,12,,,0.08504056930541992,0.3800607306802397,0.645381984036488
wo_spectral,42,13,,,0.0747838020324707,0.43148248917878,0.7833523375142531
wo_spectral,42,14,,,0.11341190338134766,0.3907251345362176,0.7913340935005702
wo_spectral,42,15,,,0.09897470474243164,0.3497505950998657,0.6966932725199544
wo_spectral,42,16,,,0.1008005142211914,0.38734898865075174,0.6590649942987458
wo_spectral,42,17,,,0.09582233428955078,0.40945657210800396,0.7639680729760547
wo_spectral,42,18,,,0.0984964370727539,0.4309762681422992,0.7571265678449259
wo_spectral,42,19,,,0.10621118545532227,0.394031098471695,0.7844925883694412
wo_spectral,42,20,,,0.10594987869262695,0.38864322608806856,0.7970353477765109
wo_spectral,42,21,,,0.0921621322631836,0.3743513326687451,0.790193842645382
wo_spectral,42,22,,,0.1242971420288086,0.39857667356537424,0.7069555302166477
wo_spectral,42,23,,,0.08777713775634766,0.5357981680878094,0.7616875712656784
wo_spectral,42,24,,,0.08641195297241211,0.42788972586289925,0.7548460661345496
wo_spectral,42,25,,,0.09895706176757812,0.43266523493122333,0.7651083238312428
wo_spectral,42,26,,,0.07065200805664062,0.43158463581871975,0.7685290763968073
wo_spectral,42,27,,,0.1016993522644043,0.4268065351156179,0.7685290763968073
wo_spectral,42,28,,,0.07188272476196289,0.37923611785494343,0.7753705815279361
wo_spectral,42,29,,,0.08693313598632812,0.3762734938979917,0.7890535917901939
wo_spectral,42,30,,,0.08642721176147461,0.3886856819158092,0.774230330672748
wo_spectral,43,0,,,0.0906362533569336,1.1727402800076305,0.750285062713797
wo_spectral,43,1,,,0.11337423324584961,0.49496489630279766,0.6328392246294184
wo_spectral,43,2,,,0.10832643508911133,0.47568848550349224,0.7936145952109465
wo_spectral,43,3,,,0.10553550720214844,0.4189335282155057,0.7673888255416191
wo_spectral,43,4,,,0.12989044189453125,0.4175710441691484,0.7639680729760547
wo_spectral,43,5,,,0.09970521926879883,0.4141277935342973,0.7765108323831242
wo_spectral,43,6,,,0.07904195785522461,0.39908280949457836,0.7856328392246295
wo_spectral,43,7,,,0.10606193542480469,0.4010063620283276,0.7616875712656784
wo_spectral,43,8,,,0.1165170669555664,0.398862128453971,0.7890535917901939
wo_spectral,43,9,,,0.10906600952148438,0.3976364469079021,0.7776510832383124
wo_spectral,43,10,,,0.08681201934814453,0.39141601773258716,0.7993158494868872
wo_spectral,43,11,,,0.07526588439941406,0.3489716355908195,0.7844925883694412
wo_spectral,43,12,,,0.0820608139038086,0.37547534311178243,0.7605473204104903
wo_spectral,43,13,,,0.06574010848999023,0.37532077369916894,0.774230330672748
wo_spectral,43,14,,,0.09048795700073242,0.3500979073109252,0.8004561003420753
wo_spectral,43,15,,,0.07834148406982422,0.33521744208461174,0.7924743443557583
wo_spectral,43,16,,,0.09357881546020508,0.35532731275837437,0.8004561003420753
wo_spectral,43,17,,,0.10569000244140625,0.3477668674994236,0.7890535917901939
wo_spectral,43,18,,,0.11701345443725586,0.34653445973393937,0.7924743443557583
wo_spectral,43,19,,,0.12061166763305664,0.36321345425266766,0.7856328392246295
wo_spectral,43,20,,,0.12484979629516602,0.35076297576556303,0.7799315849486887
wo_spectral,43,21,,,0.1043696403503418,0.33613570775498713,0.7947548460661346
wo_spectral,43,22,,,0.11866998672485352,0.3359086079265318,0.7548460661345496
wo_spectral,43,23,,,0.09451150894165039,0.35319971813680395,0.7867730900798175
wo_spectral,43,24,,,0.11359500885009766,0.3675187333243639,0.790193842645382
wo_spectral,44,0,,,0.10982942581176758,1.1466202548546667,0.7354618015963512
wo_spectral,44,1,,,0.10519695281982422,0.49574617649223995,0.7035347776510832
wo_spectral,44,2,,,0.08683395385742188,0.43716973932178294,0.8038768529076397
wo_spectral,44,3,,,0.10283422470092773,0.4295094026216612,0.7651083238312428
wo_spectral,44,4,,,0.08503532409667969,0.415051562335743,0.6533637400228051
wo_spectral,44,5,,,0.09172391891479492,0.39273656838946136,0.7844925883694412
wo_spectral,44,6,,,0.09936904907226562,0.3883321366808943,0.798175598631699
wo_spectral,44,7,,,0.0792698860168457,0.4185222742518518,0.7730900798175598
wo_spectral,44,8,,,0.11468362808227539,0.42005984193331897,0.7708095781071835
wo_spectral,44,9,,,0.1061410903930664,0.40113234685444865,0.7970353477765109
wo_spectral,44,10,,,0.1027684211730957,0.3742946602356097,0.7787913340935005
wo_spectral,44,11,,,0.11765766143798828,0.38346051392604885,0.7719498289623717
wo_spectral,44,12,,,0.09161186218261719,0.3780350657914113,0.6602052451539339
wo_spectral,45,0,,,0.09264326095581055,1.138055724026723,0.7571265678449259
wo_spectral,45,1,,,0.06936836242675781,0.4792572615107629,0.6659064994298746
wo_spectral,45,2,,,0.06761407852172852,0.4346113252237875,0.7787913340935005
wo_spectral,45,3,,,0.06663846969604492,0.446820818438173,0.766248574686431
wo_spectral,45,4,,,0.06989717483520508,0.4108642323157784,0.6898517673888256
wo_spectral,45,5,,,0.06643533706665039,0.39447650876326557,0.7594070695553021
wo_spectral,45,6,,,0.06357288360595703,0.38005849956934207,0.7993158494868872
wo_spectral,45,7,,,0.0906367301940918,0.4038042922863939,0.7514253135689852
wo_spectral,45,8,,,0.07683944702148438,0.3653473358787873,0.7856328392246295
wo_spectral,45,9,,,0.0543818473815918,0.423601985155029,0.7491448118586089
wo_spectral,45,10,,,0.06293392181396484,0.40673521017756387,0.7879133409350056
wo_spectral,45,11,,,0.06944608688354492,0.40885010386789916,0.7924743443557583
wo_spectral,45,12,,,0.05897855758666992,0.3850165627412886,0.7799315849486887
wo_spectral,45,13,,,0.04065418243408203,0.39509094455895827,0.6145952109464082
wo_spectral,45,14,,,0.03441429138183594,0.4099866018090794,0.7787913340935005
wo_spectral,45,15,,,0.03553199768066406,0.39871685677491975,0.7457240592930444
wo_spectral,45,16,,,0.05142545700073242,0.3957346101532966,0.6944127708095781
wo_spectral,46,0,,,0.13467693328857422,1.1375407059711575,0.7309007981755986
wo_spectral,46,1,,,0.12952566146850586,0.4819934918966752,0.7548460661345496
wo_spectral,46,2,,,0.13885736465454102,0.47560312781052594,0.7765108323831242
wo_spectral,46,3,,,0.13126277923583984,0.41979681239839706,0.758266818700114
wo_spectral,46,4,,,0.1420602798461914,0.4269033366048697,0.7103762827822121
wo_spectral,46,5,,,0.11539506912231445,0.4187834085541074,0.7822120866590649
wo_spectral,46,6,,,0.09428215026855469,0.37952961535163016,0.7913340935005702
wo_spectral,46,7,,,0.10689401626586914,0.40168824477188647,0.774230330672748
wo_spectral,46,8,,,0.14015913009643555,0.39524134569494335,0.7753705815279361
wo_spectral,46,9,,,0.11113739013671875,0.38121082703548315,0.7958950969213227
wo_spectral,46,10,,,0.09453058242797852,0.35351985682635007,0.7993158494868872
wo_spectral,46,11,,,0.13725566864013672,0.360026192505524,0.7844925883694412
wo_spectral,46,12,,,0.1382284164428711,0.36300449396160844,0.7924743443557583
wo_spectral,46,13,,,0.11730670928955078,0.35263967253988077,0.798175598631699
wo_spectral,46,14,,,0.10288572311401367,0.36451893268650826,0.7559863169897377
wo_spectral,46,15,,,0.08459711074829102,0.3398273979370465,0.7240592930444698
wo_spectral,46,16,,,0.11225366592407227,0.3848286620685235,0.790193842645382
wo_spectral,46,17,,,0.1038823127746582,0.3602253123434481,0.790193842645382
wo_spectral,46,18,,,0.13181638717651367,0.34598418338853176,0.8038768529076397
wo_spectral,46,19,,,0.11867570877075195,0.3279667814355944,0.661345496009122
wo_spectral,46,20,,,0.13261842727661133,0.35843967552166145,0.7799315849486887
wo_spectral,46,21,,,0.12707138061523438,0.36957093176418565,0.7867730900798175
wo_spectral,46,22,,,0.1203155517578125,0.3693723610030228,0.7958950969213227
wo_spectral,46,23,,,0.13956546783447266,0.3560654442086927,0.7947548460661346
wo_spectral,46,24,,,0.12914419174194336,0.3498243578720282,0.790193842645382
wo_spectral,46,25,,,0.14081287384033203,0.37576677767309624,0.7730900798175598
wo_spectral,46,26,,,0.15412616729736328,0.35455685183147306,0.7879133409350056
wo_spectral,46,27,,,0.16495943069458008,0.36059979063836906,0.7856328392246295
wo_spectral,46,28,,,0.14968442916870117,0.34350647516160776,0.798175598631699
wo_spectral,47,0,,,0.08522558212280273,1.1588641744943675,0.758266818700114
wo_spectral,47,1,,,0.10678482055664062,0.4911968282501947,0.6556442417331813
wo_spectral,47,2,,,0.07175016403198242,0.43507828231370854,0.7958950969213227
wo_spectral,47,3,,,0.06844615936279297,0.43293135912038927,0.7559863169897377
wo_spectral,47,4,,,0.0999150276184082,0.41099216982936526,0.661345496009122
wo_spectral,47,5,,,0.08051204681396484,0.40087330110840236,0.8015963511972634
wo_spectral,47,6,,,0.07478046417236328,0.3930973278512799,0.7867730900798175
wo_spectral,47,7,,,0.0672450065612793,0.4165353565802359,0.7730900798175598
wo_spectral,47,8,,,0.13083553314208984,0.40375705136482115,0.7879133409350056
wo_spectral,47,9,,,0.11039400100708008,0.37438031666102717,0.7844925883694412
wo_spectral,47,10,,,0.11357736587524414,0.3767849431513085,0.7913340935005702
wo_spectral,47,11,,,0.10645055770874023,0.3689040664877109,0.7685290763968073
wo_spectral,47,12,,,0.09726905822753906,0.3835302871302413,0.6636259977194983
wo_spectral,47,13,,,0.08706188201904297,0.36977216449183403,0.7856328392246295
wo_spectral,47,14,,,0.11754226684570312,0.40173496334754893,0.7605473204104903
wo_spectral,47,15,,,0.09126472473144531,0.4396743272192477,0.7480045610034207
wo_spectral,48,0,,,0.12021255493164062,1.1714224959578203,0.750285062713797
wo_spectral,48,1,,,0.09244632720947266,0.4869680486224226,0.7890535917901939
wo_spectral,48,2,,,0.10999441146850586,0.4343817505909774,0.6795895096921323
wo_spectral,48,3,,,0.10364723205566406,0.4260921815154454,0.7696693272519954
wo_spectral,48,4,,,0.09046792984008789,0.40875926216344877,0.7753705815279361
wo_spectral,48,5,,,0.10695600509643555,0.3899186266254658,0.7696693272519954
wo_spectral,48,6,,,0.09318923950195312,0.38839340753701873,0.7924743443557583
wo_spectral,48,7,,,0.098968505859375,0.3886881974527135,0.7092360319270239
wo_spectral,48,8,,,0.11512088775634766,0.38611580572568016,0.7605473204104903
wo_spectral,48,9,,,0.09370279312133789,0.3944278471411959,0.7708095781071835
wo_spectral,48,10,,,0.10805416107177734,0.4028355887046118,0.7890535917901939
wo_spectral,48,11,,,0.09300994873046875,0.3605813372678903,0.7183580387685291
wo_spectral,48,12,,,0.09754514694213867,0.3600910541056168,0.7879133409350056
wo_spectral,48,13,,,0.09994125366210938,0.37341387025424616,0.7730900798175598
wo_spectral,48,14,,,0.1123971939086914,0.3508911788847757,0.7936145952109465
wo_spectral,48,15,,,0.08523321151733398,0.3811055728570033,0.7765108323831242
wo_spectral,48,16,,,0.09056901931762695,0.42500946080856056,0.7263397947548461
wo_spectral,48,17,,,0.0634603500366211,0.42513877385742427,0.6556442417331813
wo_spectral,48,18,,,0.10339212417602539,0.3977874623233869,0.6522234891676169
wo_spectral,48,19,,,0.09070158004760742,0.3675473118750365,0.7890535917901939
wo_spectral,48,20,,,0.06952047348022461,0.3851555173031812,0.8015963511972634
wo_spectral,48,21,,,0.06099891662597656,0.33001134687564604,0.7913340935005702
wo_spectral,48,22,,,0.10585165023803711,0.3531446047330411,0.6887115165336374
wo_spectral,48,23,,,0.09461307525634766,0.38377541814869326,0.7958950969213227
wo_spectral,48,24,,,0.09849691390991211,0.3478314743576277,0.7936145952109465
wo_spectral,48,25,,,0.09429693222045898,0.3361181156080905,0.7947548460661346
wo_spectral,48,26,,,0.07792329788208008,0.3367764473434244,0.790193842645382
wo_spectral,48,27,,,0.0845041275024414,0.3355142498110921,0.7958950969213227
wo_spectral,48,28,,,0.08525705337524414,0.32653915175838405,0.7993158494868872
wo_spectral,48,29,,,0.07789134979248047,0.3144831657409668,0.7970353477765109
wo_spectral,48,30,,,0.0925750732421875,0.32099349296203433,0.7936145952109465
wo_spectral,49,0,,,0.10588598251342773,1.1859767879657244,0.766248574686431
wo_spectral,49,1,,,0.09110498428344727,0.4926342101279142,0.7058152793614595
wo_spectral,49,2,,,0.14024925231933594,0.4422152614498942,0.7822120866590649
wo_spectral,49,3,,,0.10315608978271484,0.4308408325594371,0.7856328392246295
wo_spectral,49,4,,,0.14271974563598633,0.4002190242028792,0.7559863169897377
wo_spectral,49,5,,,0.11620283126831055,0.41890174655791373,0.7810718358038768
wo_spectral,49,6,,,0.13257789611816406,0.3894350845505237,0.8084378563283923
wo_spectral,49,7,,,0.12580633163452148,0.3902263838759022,0.7708095781071835
wo_spectral,49,8,,,0.13255882263183594,0.38917659755738937,0.7605473204104903
wo_spectral,49,9,,,0.08020305633544922,0.3898480150093226,0.6659064994298746
wo_spectral,49,10,,,0.08191061019897461,0.42228326238747216,0.7776510832383124
wo_spectral,49,11,,,0.07831859588623047,0.4176598656987222,0.7890535917901939
wo_spectral,49,12,,,0.066986083984375,0.404954662166968,0.7434435575826682
wo_spectral,49,13,,,0.06245231628417969,0.41497024995712106,0.7844925883694412
wo_spectral,49,14,,,0.08687162399291992,0.3786143320411754,0.7970353477765109
wo_spectral,49,15,,,0.06498956680297852,0.3481767383553217,0.7924743443557583
wo_spectral,49,16,,,0.08079004287719727,0.36746997294239203,0.7559863169897377
wo_spectral,50,0,,,0.09946155548095703,1.1649489183501553,0.7708095781071835
wo_spectral,50,1,,,0.0929408073425293,0.5253495092018441,0.7890535917901939
wo_spectral,50,2,,,0.0993804931640625,0.4552265698211171,0.7537058152793614
wo_spectral,50,3,,,0.10194826126098633,0.44732949558791396,0.7616875712656784
wo_spectral,50,4,,,0.1077570915222168,0.4118405764919729,0.7651083238312428
wo_spectral,50,5,,,0.08142709732055664,0.39688685614695096,0.7867730900798175
wo_spectral,50,6,,,0.07744789123535156,0.37773045922602294,0.8038768529076397
wo_spectral,50,7,,,0.08249092102050781,0.3886707401845972,0.7924743443557583
wo_spectral,50,8,,,0.0989828109741211,0.3941991975476497,0.7856328392246295
wo_spectral,50,9,,,0.09227514266967773,0.39837013558107376,0.7753705815279361
wo_spectral,50,10,,,0.1243743896484375,0.3754371258517451,0.6579247434435576
wo_spectral,50,11,,,0.12301301956176758,0.3592276160942781,0.7730900798175598
wo_spectral,50,12,,,0.10623645782470703,0.3627874735401353,0.6659064994298746
wo_spectral,50,13,,,0.10721206665039062,0.35112017017812736,0.7856328392246295
wo_spectral,50,14,,,0.09673213958740234,0.36043357683634725,0.790193842645382
wo_spectral,50,15,,,0.11540412902832031,0.3445157009478424,0.7708095781071835
wo_spectral,50,16,,,0.13190078735351562,0.3406700560759363,0.798175598631699
wo_spectral,51,0,,,0.0887155532836914,1.1452533703483918,0.7366020524515393
wo_spectral,51,1,,,0.07723569869995117,0.5133016112126155,0.7651083238312428
wo_spectral,51,2,,,0.07122564315795898,0.4483737872269819,0.7822120866590649
wo_spectral,51,3,,,0.07713842391967773,0.41177691985429604,0.7765108323831242
wo_spectral,51,4,,,0.07191133499145508,0.42485465475043627,0.7799315849486887
wo_spectral,51,5,,,0.0901188850402832,0.3959679788566782,0.774230330672748
wo_spectral,51,6,,,0.07727384567260742,0.40789210908650525,0.7867730900798175
wo_spectral,51,7,,,0.09353971481323242,0.39351174827844243,0.7879133409350056
wo_spectral,51,8,,,0.09305381774902344,0.3754913035630589,0.7844925883694412
wo_spectral,51,9,,,0.1100015640258789,0.3893361937958354,0.790193842645382
wo_spectral,51,10,,,0.10864973068237305,0.38711098870045485,0.7890535917901939
wo_spectral,51,11,,,0.12905263900756836,0.351069808301798,0.7548460661345496
wo_spectral,51,12,,,0.0777578353881836,0.3594545358898147,0.8038768529076397
wo_spectral,51,13,,,0.07479715347290039,0.35204436658453575,0.7058152793614595
wo_spectral,51,14,,,0.0873260498046875,0.3813232893274749,0.7217787913340935
wo_spectral,51,15,,,0.0977482795715332,0.34722722268187295,0.790193842645382
wo_spectral,51,16,,,0.10730600357055664,0.36399672039676906,0.7719498289623717
wo_spectral,51,17,,,0.09656238555908203,0.3570393649653435,0.790193842645382
wo_spectral,51,18,,,0.10881710052490234,0.3373240720061424,0.7958950969213227
wo_spectral,51,19,,,0.1419200897216797,0.33611288032853254,0.7240592930444698
wo_spectral,51,20,,,0.12474966049194336,0.407369309388947,0.8038768529076397
wo_spectral,51,21,,,0.12669086456298828,0.34907216935921376,0.7936145952109465
wo_spectral,51,22,,,0.13200616836547852,0.3630180894944357,0.7776510832383124
wo_temporal,42,0,,,0.04190540313720703,1.670493607126254,0.5256556442417332
wo_temporal,42,1,,,0.037442684173583984,0.9056739901692547,0.6111744583808438
wo_temporal,42,2,,,0.04543256759643555,0.8116566270781911,0.6077537058152793
wo_temporal,42,3,,,0.038652896881103516,0.7862917841455992,0.621436716077537
wo_temporal,42,4,,,0.050191402435302734,0.7433770538617551,0.6202964652223489
wo_temporal,42,5,,,0.045207977294921875,0.7511437826955679,0.6111744583808438
wo_temporal,42,6,,,0.045035362243652344,0.732464453815882,0.629418472063854
wo_temporal,42,7,,,0.04815483093261719,0.727445593374344,0.6339794754846066
wo_temporal,42,8,,,0.04043769836425781,0.6934310361543503,0.6465222348916762
wo_temporal,42,9,,,0.04203987121582031,0.6767389030224862,0.6419612314709237
wo_temporal,42,10,,,0.04039335250854492,0.6626579221605841,0.6396807297605474
wo_temporal,42,11,,,0.0399632453918457,0.6611866901638369,0.6431014823261118
wo_temporal,42,12,,,0.04128694534301758,0.6414637595754954,0.6636259977194983
wo_temporal,42,13,,,0.03849220275878906,0.6577923286061625,0.6396807297605474
wo_temporal,42,14,,,0.05038118362426758,0.6396011430317657,0.6602052451539339
wo_temporal,42,15,,,0.04208946228027344,0.6621454786001365,0.6396807297605474
wo_temporal,42,16,,,0.047147274017333984,0.6341166304489971,0.6316989737742303
wo_temporal,42,17,,,0.049617767333984375,0.6188745702486199,0.6499429874572406
wo_temporal,42,18,,,0.04720592498779297,0.6014595786326583,0.661345496009122
wo_temporal,42,19,,,0.04422426223754883,0.5969409310232606,0.6488027366020525
wo_temporal,42,20,,,0.04883241653442383,0.6207645531775163,0.6499429874572406
wo_temporal,42,21,,,0.05020761489868164,0.5864706449598502,0.6579247434435576
wo_temporal,42,22,,,0.052786827087402344,0.5910181444827199,0.6488027366020525
wo_temporal,43,0,,,0.03713274002075195,1.6234178881155836,0.580387685290764
wo_temporal,43,1,,,0.0340123176574707,0.8637119741444548,0.6202964652223489
wo_temporal,43,2,,,0.037505149841308594,0.7807419457291398,0.6351197263397947
wo_temporal,43,3,,,0.036538124084472656,0.7485916178357678,0.6339794754846066
wo_temporal,43,4,,,0.04982423782348633,0.7288123998656152,0.6396807297605474
wo_temporal,43,5,,,0.046910762786865234,0.7096134147019922,0.645381984036488
wo_temporal,43,6,,,0.04149818420410156,0.6736763352265025,0.6180159635119726
wo_temporal,43,7,,,0.041986942291259766,0.6653440219669219,0.6316989737742303
wo_temporal,43,8,,,0.039675235748291016,0.6596128863158295,0.6408209806157354
wo_temporal,43,9,,,0.04662179946899414,0.6383359788902692,0.6567844925883695
wo_temporal,43,10,,,0.047186851501464844,0.6372833080261014,0.6419612314709237
wo_temporal,43,11,,,0.04325056076049805,0.6337799291889681,0.6385404789053591
wo_temporal,43,12,,,0.04115581512451172,0.6442832940830178,0.6510832383124288
wo_temporal,43,13,,,0.041730403900146484,0.6337976229917784,0.6670467502850627
wo_temporal,43,14,,,0.050148963928222656,0.6107134126352094,0.6545039908779932
wo_temporal,43,15,,,0.050778865814208984,0.6170712016452701,0.6476624857468644
wo_temporal,43,16,,,0.05810356140136719,0.6082517313496216,0.6579247434435576
wo_temporal,43,17,,,0.05510854721069336,0.617569945964096,0.6385404789053591
wo_temporal,43,18,,,0.047763824462890625,0.6133039055865888,0.6510832383124288
wo_temporal,43,19,,,0.04307365417480469,0.5945508318131787,0.6681870011402509
wo_temporal,43,20,,,0.04775047302246094,0.599328073671565,0.6191562143671607
wo_temporal,43,21,,,0.059552669525146484,0.5871851996555149,0.6282782212086659
wo_temporal,43,22,,,0.052773475646972656,0.5938537611367978,0.6385404789053591
wo_temporal,43,23,,,0.06131601333618164,0.5944426166106996,0.6567844925883695
wo_temporal,43,24,,,0.05116558074951172,0.5862511582580249,0.6602052451539339
wo_temporal,43,25,,,0.06389141082763672,0.6006098528220385,0.6066134549600912
wo_temporal,43,26,,,0.04995918273925781,0.5927473431361685,0.5575826681870011
wo_temporal,43,27,,,0.06444120407104492,0.5958378234592829,0.6533637400228051
wo_temporal,43,28,,,0.061652183532714844,0.5768397957692362,0.6556442417331813
wo_temporal,43,29,,,0.07600784301757812,0.598297220412374,0.5735461801596351
wo_temporal,44,0,,,0.04435253143310547,1.712693347869442,0.5359179019384265
wo_temporal,44,1,,,0.039824485778808594,0.9123496385157315,0.572405929304447
wo_temporal,44,2,,,0.053778648376464844,0.834016476400902,0.6202964652223489
wo_temporal,44,3,,,0.04052257537841797,0.7593482444353723,0.6180159635119726
wo_temporal,44,4,,,0.050240516662597656,0.7033944401814315,0.6545039908779932
wo_temporal,44,5,,,0.044272422790527344,0.6989266570984402,0.6031927023945268
wo_temporal,44,6,,,0.057541847229003906,0.6683860013079513,0.6396807297605474
wo_temporal,44,7,,,0.05991029739379883,0.6601399835762436,0.6442417331812998
wo_temporal,44,8,,,0.04355621337890625,0.6661073037404263,0.5518814139110604
wo_temporal,44,9,,,0.054943084716796875,0.6782418890465115,0.6590649942987458
wo_temporal,44,10,,,0.05097007751464844,0.6369906259930601,0.6339794754846066
wo_temporal,44,11,,,0.058275699615478516,0.6330153007405668,0.6476624857468644
wo_temporal,44,12,,,0.06589269638061523,0.6111016562508662,0.6556442417331813
wo_temporal,44,13,,,0.0675649642944336,0.603032251602952,0.6499429874572406
wo_temporal,44,14,,,0.0473027229309082,0.6168001883090222,0.6567844925883695
wo_temporal,44,15,,,0.044130802154541016,0.5963556857379758,0.629418472063854
wo_temporal,44,16,,,0.05285215377807617,0.5830829799263916,0.6579247434435576
wo_temporal,44,17,,,0.05882692337036133,0.5973454050546125,0.636259977194983
wo_temporal,44,18,,,0.04715442657470703,0.6005912250259694,0.6567844925883695
wo_temporal,44,19,,,0.0430445671081543,0.5867146954834314,0.661345496009122
wo_temporal,44,20,,,0.054309844970703125,0.5983681949460394,0.6624857468643102
wo_temporal,44,21,,,0.04687166213989258,0.5873863612535748,0.669327251995439
wo_temporal,44,22,,,0.05561542510986328,0.5855714663693263,0.6750285062713797
wo_temporal,44,23,,,0.053676605224609375,0.6301621799724316,0.5974914481185861
wo_temporal,44,24,,,0.04489564895629883,0.5937521278001202,0.5575826681870011
wo_temporal,44,25,,,0.05182027816772461,0.6030178014512221,0.5963511972633979
wo_temporal,44,26,,,0.05370378494262695,0.5838120887642398,0.5986316989737742
wo_temporal,44,27,,,0.05233287811279297,0.5830948935562157,0.6659064994298746
wo_temporal,44,28,,,0.053148746490478516,0.5732754044267998,0.6579247434435576
wo_temporal,44,29,,,0.051258087158203125,0.5738735802113331,0.5872291904218928
wo_temporal,44,30,,,0.05242586135864258,0.5641121620586604,0.6590649942987458
wo_temporal,44,31,,,0.053809165954589844,0.5528731529347425,0.6351197263397947
wo_temporal,44,32,,,0.04499340057373047,0.584836256454376,0.645381984036488
wo_temporal,45,0,,,0.04205513000488281,1.644997858209189,0.5051311288483467
wo_temporal,45,1,,,0.04203176498413086,0.8906268598304034,0.6066134549600912
wo_temporal,45,2,,,0.05251932144165039,0.8112196988496795,0.6145952109464082
wo_temporal,45,3,,,0.05141735076904297,0.7599433093716381,0.6316989737742303
wo_temporal,45,4,,,0.05969095230102539,0.7246023116870629,0.636259977194983
wo_temporal,45,5,,,0.05675172805786133,0.7054319136143913,0.6282782212086659
wo_temporal,45,6,,,0.05582618713378906,0.6858920432520078,0.6077537058152793
wo_temporal,45,7,,,0.061888694763183594,0.6688308220543244,0.6419612314709237
wo_temporal,45,8,,,0.05751609802246094,0.6537537013296449,0.6271379703534777
wo_temporal,45,9,,,0.05395984649658203,0.6713282885856421,0.6066134549600912
wo_temporal,45,10,,,0.0547184944152832,0.6884406198353595,0.6431014823261118
wo_temporal,45,11,,,0.06362438201904297,0.6616051090076883,0.6488027366020525
wo_temporal,45,12,,,0.06810426712036133,0.644832410372657,0.6465222348916762
wo_temporal,45,13,,,0.0619664192199707,0.6571770846755066,0.6522234891676169
wo_temporal,45,14,,,0.06808328628540039,0.6445805086141538,0.6465222348916762
wo_temporal,45,15,,,0.062085628509521484,0.6347265401924371,0.6442417331812998
wo_temporal,45,16,,,0.06266593933105469,0.6251199257864358,0.6579247434435576
wo_temporal,45,17,,,0.05890321731567383,0.6325092334272575,0.6339794754846066
wo_temporal,45,18,,,0.07881355285644531,0.6215554385948843,0.6271379703534777
wo_temporal,45,19,,,0.056052207946777344,0.6399913069394537,0.6533637400228051
wo_temporal,45,20,,,0.05830669403076172,0.6621048868914081,0.645381984036488
wo_temporal,45,21,,,0.06720304489135742,0.6139905704503965,0.6305587229190421
wo_temporal,45,22,,,0.053858280181884766,0.6300518818875617,0.6659064994298746
wo_temporal,45,23,,,0.06088542938232422,0.6044842872397405,0.6567844925883695
wo_temporal,45,24,,,0.05133533477783203,0.5920130073521831,0.661345496009122
wo_temporal,45,25,,,0.05610036849975586,0.5953449611032606,0.6396807297605474
wo_temporal,45,26,,,0.06984376907348633,0.5807620314719598,0.6579247434435576
wo_temporal,45,27,,,0.0682077407836914,0.57650646822962,0.669327251995439
wo_temporal,45,28,,,0.06735897064208984,0.5654278927559775,0.6670467502850627
wo_temporal,45,29,,,0.0692286491394043,0.5657795462858931,0.661345496009122
wo_temporal,45,30,,,0.06496858596801758,0.5659092386346911,0.6590649942987458
wo_temporal,45,31,,,0.07684612274169922,0.5646990800057535,0.6009122006841505
wo_temporal,45,32,,,0.06760597229003906,0.5798265183299233,0.6750285062713797
wo_temporal,45,33,,,0.06270885467529297,0.5591644004364089,0.61345496009122
wo_temporal,45,34,,,0.06909561157226562,0.578536495810165,0.677309007981756
wo_temporal,45,35,,,0.06799507141113281,0.5652732774504471,0.669327251995439
wo_temporal,45,36,,,0.07066965103149414,0.5668801149638738,0.6624857468643102
wo_temporal,45,37,,,0.07882356643676758,0.568668958865361,0.6590649942987458
wo_temporal,45,38,,,0.07314586639404297,0.5693468454750564,0.6579247434435576
wo_temporal,45,39,,,0.07300710678100586,0.5681233916119531,0.6716077537058153
wo_temporal,45,40,,,0.07016324996948242,0.5750022173134715,0.6784492588369442
wo_temporal,45,41,,,0.07112789154052734,0.5633669590441732,0.6510832383124288
wo_temporal,45,42,,,0.06240272521972656,0.5614567065392618,0.6647662485746865
wo_temporal,45,43,,,0.06241941452026367,0.563301012547937,0.6704675028506272
wo_temporal,45,44,,,0.06531476974487305,0.5747568953669656,0.6556442417331813
wo_temporal,45,45,,,0.0628671646118164,0.56742895932025,0.6647662485746865
wo_temporal,45,46,,,0.08156013488769531,0.5605006178062507,0.6624857468643102
wo_temporal,45,47,,,0.07662630081176758,0.5554188729278156,0.6659064994298746
wo_temporal,45,48,,,0.06427431106567383,0.5666858049448493,0.6750285062713797
wo_temporal,45,49,,,0.07698535919189453,0.5602587960294763,0.6738882554161916
wo_temporal,45,50,,,0.07633399963378906,0.5485017202724368,0.6590649942987458
wo_temporal,46,0,,,0.036142826080322266,1.6519773175471717,0.5701254275940707
wo_temporal,46,1,,,0.04055643081665039,0.905423113776128,0.5872291904218928
wo_temporal,46,2,,,0.03999519348144531,0.8533918757100595,0.5974914481185861
wo_temporal,46,3,,,0.045330047607421875,0.782363999640522,0.6031927023945268
wo_temporal,46,4,,,0.04804706573486328,0.7734618647948432,0.6157354618015963
wo_temporal,46,5,,,0.046380043029785156,0.7329066857643866,0.5849486887115165
wo_temporal,46,6,,,0.03921318054199219,0.7166515597625718,0.6168757126567845
wo_temporal,46,7,,,0.04056739807128906,0.6924265176870472,0.6202964652223489
wo_temporal,46,8,,,0.045818328857421875,0.6797488033032737,0.6225769669327252
wo_temporal,46,9,,,0.04975414276123047,0.6663379017882378,0.6499429874572406
wo_temporal,46,10,,,0.04726886749267578,0.6474548654504264,0.6123147092360319
wo_temporal,46,11,,,0.049344539642333984,0.6648735231731454,0.6328392246294184
wo_temporal,46,12,,,0.058868408203125,0.6348227557712814,0.5929304446978335
wo_temporal,46,13,,,0.05269622802734375,0.6631321085521829,0.5929304446978335
wo_temporal,46,14,,,0.06353282928466797,0.651278220431073,0.6465222348916762
wo_temporal,46,15,,,0.06106090545654297,0.6169433802676544,0.6419612314709237
wo_temporal,46,16,,,0.0611271858215332,0.6150212534950343,0.636259977194983
wo_temporal,46,17,,,0.0664529800415039,0.6044502587943722,0.6545039908779932
wo_temporal,46,18,,,0.060736656188964844,0.5864887419288325,0.6590649942987458
wo_temporal,46,19,,,0.054714202880859375,0.5866011381740315,0.6670467502850627
wo_temporal,46,20,,,0.05209922790527344,0.5872300826327069,0.6602052451539339
wo_temporal,46,21,,,0.05871009826660156,0.5692289090121094,0.669327251995439
wo_temporal,46,22,,,0.05882978439331055,0.5824212200522245,0.6556442417331813
wo_temporal,46,23,,,0.05792999267578125,0.5818330528834225,0.6624857468643102
wo_temporal,46,24,,,0.06317138671875,0.5827065535742987,0.6476624857468644
wo_temporal,46,25,,,0.05398082733154297,0.5859825637119503,0.6636259977194983
wo_temporal,46,26,,,0.06738138198852539,0.5738509950451054,0.6567844925883695
wo_temporal,46,27,,,0.06463146209716797,0.5720678074382353,0.6636259977194983
wo_temporal,46,28,,,0.08016061782836914,0.5667352999090025,0.6066134549600912
wo_temporal,46,29,,,0.06581306457519531,0.5726044541783538,0.6533637400228051
wo_temporal,46,30,,,0.0673985481262207,0.5738334945976978,0.6522234891676169
wo_temporal,46,31,,,0.06202840805053711,0.5648079578038425,0.6351197263397947
wo_temporal,47,0,,,0.03707551956176758,1.6787473688518049,0.5199543899657925
wo_temporal,47,1,,,0.03248929977416992,0.8993162732935212,0.6020524515393386
wo_temporal,47,2,,,0.040154457092285156,0.8196993531362811,0.61345496009122
wo_temporal,47,3,,,0.04842710494995117,0.7626944433419375,0.6100342075256556
wo_temporal,47,4,,,0.0461583137512207,0.7412791987368537,0.6054732041049031
wo_temporal,47,5,,,0.0509796142578125,0.7070389026808278,0.6339794754846066
wo_temporal,47,6,,,0.04396772384643555,0.6731228226769012,0.6385404789053591
wo_temporal,47,7,,,0.053221702575683594,0.6727990567477315,0.6408209806157354
wo_temporal,47,8,,,0.05011558532714844,0.6442991805714904,0.6328392246294184
wo_temporal,47,9,,,0.04372835159301758,0.6263611858057752,0.5872291904218928
wo_temporal,47,10,,,0.03478097915649414,0.6399062716494,0.6545039908779932
wo_temporal,47,11,,,0.04432392120361328,0.6286026525893422,0.6465222348916762
wo_temporal,47,12,,,0.04564380645751953,0.6588607280499897,0.5952109464082098
wo_temporal,47,13,,,0.04021644592285156,0.6368475494611718,0.6499429874572406
wo_temporal,47,14,,,0.04496622085571289,0.6270474571961842,0.6488027366020525
wo_temporal,47,15,,,0.03964996337890625,0.6129317745071386,0.6545039908779932
wo_temporal,47,16,,,0.055800437927246094,0.6147531817676882,0.645381984036488
wo_temporal,47,17,,,0.05136442184448242,0.6261944115073242,0.6385404789053591
wo_temporal,47,18,,,0.049752235412597656,0.6322518478955262,0.6567844925883695
wo_temporal,47,19,,,0.03993368148803711,0.6194264510508865,0.6590649942987458
wo_temporal,47,20,,,0.046781063079833984,0.6301757403689561,0.636259977194983
wo_temporal,47,21,,,0.04932737350463867,0.62107406114078,0.6602052451539339
wo_temporal,47,22,,,0.054508209228515625,0.6179323179862496,0.6499429874572406
wo_temporal,47,23,,,0.05174064636230469,0.6014271624087105,0.6556442417331813
wo_temporal,47,24,,,0.04226112365722656,0.5812470720850954,0.6556442417331813
wo_temporal,47,25,,,0.049257755279541016,0.5825915941816188,0.6579247434435576
wo_temporal,47,26,,,0.043395042419433594,0.5764547970014807,0.6077537058152793
wo_temporal,47,27,,,0.05122041702270508,0.5697253711399727,0.6579247434435576
wo_temporal,47,28,,,0.051862239837646484,0.5706585072088076,0.6590649942987458
wo_temporal,47,29,,,0.05422401428222656,0.5684598575267215,0.6659064994298746
wo_temporal,47,30,,,0.05621004104614258,0.5675576837363075,0.6282782212086659
wo_temporal,47,31,,,0.060914039611816406,0.5710562560365645,0.6385404789053591
wo_temporal,47,32,,,0.06043386459350586,0.5743875615464973,0.6396807297605474
wo_temporal,47,33,,,0.04636573791503906,0.5573587282849352,0.6590649942987458
wo_temporal,47,34,,,0.0595855712890625,0.5858361917849395,0.6636259977194983
wo_temporal,47,35,,,0.05115222930908203,0.5625943387565366,0.6670467502850627
wo_temporal,47,36,,,0.05808067321777344,0.5774859594246746,0.6476624857468644
wo_temporal,47,37,,,0.060085296630859375,0.574234575816293,0.6556442417331813
wo_temporal,47,38,,,0.05747032165527344,0.572408128564879,0.6590649942987458
wo_temporal,47,39,,,0.06502771377563477,0.5711628198475902,0.6624857468643102
wo_temporal,47,40,,,0.06803512573242188,0.5696772457528481,0.6602052451539339
wo_temporal,47,41,,,0.06037282943725586,0.5656105871388507,0.6499429874572406
wo_temporal,47,42,,,0.05937480926513672,0.5533355969158091,0.6465222348916762
wo_temporal,47,43,,,0.06179046630859375,0.5663067251369985,0.6624857468643102
wo_temporal,47,44,,,0.06780433654785156,0.5581863112064299,0.6545039908779932
wo_temporal,47,45,,,0.056578636169433594,0.5652397255171746,0.661345496009122
wo_temporal,48,0,,,0.043793678283691406,1.7176543766753651,0.5188141391106044
wo_temporal,48,1,,,0.03448009490966797,0.9210999926896631,0.5119726339794755
wo_temporal,48,2,,,0.050498008728027344,0.811913506371229,0.6328392246294184
wo_temporal,48,3,,,0.03964519500732422,0.7755797215482062,0.621436716077537
wo_temporal,48,4,,,0.06379175186157227,0.7225511149717074,0.6282782212086659
wo_temporal,48,5,,,0.0524296760559082,0.6997942034419243,0.6123147092360319
wo_temporal,48,6,,,0.05006837844848633,0.6791544671571662,0.6180159635119726
wo_temporal,48,7,,,0.0661616325378418,0.6661897434949521,0.6202964652223489
wo_temporal,48,8,,,0.05988788604736328,0.6702189197266049,0.629418472063854
wo_temporal,48,9,,,0.05360889434814453,0.6734890699623006,0.636259977194983
wo_temporal,48,10,,,0.05598592758178711,0.6467350000015981,0.6282782212086659
wo_temporal,48,11,,,0.06751346588134766,0.6166043604992378,0.637400228050171
wo_temporal,48,12,,,0.05596590042114258,0.636874354271293,0.6419612314709237
wo_temporal,48,13,,,0.05433940887451172,0.6269606684598228,0.6488027366020525
wo_temporal,48,14,,,0.06760311126708984,0.6021979745213325,0.6624857468643102
wo_temporal,48,15,,,0.0706934928894043,0.6157727479624405,0.6579247434435576
wo_temporal,48,16,,,0.06844949722290039,0.6036274527699627,0.6499429874572406
wo_temporal,48,17,,,0.07278871536254883,0.6001439188072808,0.6567844925883695
wo_temporal,48,18,,,0.06823015213012695,0.6022364029685755,0.6396807297605474
wo_temporal,48,19,,,0.057402610778808594,0.6215806056735654,0.6681870011402509
wo_temporal,48,20,,,0.05645895004272461,0.6009209371759683,0.6602052451539339
wo_temporal,48,21,,,0.05678367614746094,0.5899695228336469,0.6670467502850627
wo_temporal,48,22,,,0.059203147888183594,0.5881364531131682,0.6476624857468644
wo_temporal,48,23,,,0.050427913665771484,0.6088352888955536,0.6351197263397947
wo_temporal,48,24,,,0.052233219146728516,0.5834903102377351,0.6567844925883695
wo_temporal,48,25,,,0.06046104431152344,0.5921962722788723,0.6761687571265679
wo_temporal,48,26,,,0.06549739837646484,0.5704125437218776,0.661345496009122
wo_temporal,48,27,,,0.06072044372558594,0.5857680918381956,0.6556442417331813
wo_temporal,48,28,,,0.06751060485839844,0.5690046352919341,0.6704675028506272
wo_temporal,48,29,,,0.06858015060424805,0.5678794011953862,0.6567844925883695
wo_temporal,48,30,,,0.057431697845458984,0.6020124198173495,0.6556442417331813
wo_temporal,48,31,,,0.0744638442993164,0.5710856154465002,0.637400228050171
wo_temporal,48,32,,,0.06146240234375,0.5897539464565688,0.661345496009122
wo_temporal,48,33,,,0.06440496444702148,0.5763188566851865,0.661345496009122
wo_temporal,48,34,,,0.06346273422241211,0.5681973355916922,0.6807297605473204
wo_temporal,48,35,,,0.07362890243530273,0.5715191873232799,0.6191562143671607
wo_temporal,48,36,,,0.06918668746948242,0.581758861453538,0.661345496009122
wo_temporal,48,37,,,0.07499408721923828,0.5615431163118331,0.6681870011402509
wo_temporal,48,38,,,0.06068992614746094,0.5687669166906316,0.6465222348916762
wo_temporal,48,39,,,0.0609431266784668,0.5834809286500492,0.6567844925883695
wo_temporal,48,40,,,0.06705713272094727,0.5597990676945368,0.6659064994298746
wo_temporal,48,41,,,0.07466506958007812,0.5627995157779652,0.669327251995439
wo_temporal,48,42,,,0.06924962997436523,0.5550889264372947,0.6111744583808438
wo_temporal,48,43,,,0.05753517150878906,0.5949620861314463,0.6659064994298746
wo_temporal,48,44,,,0.057337284088134766,0.5888767760167574,0.6647662485746865
wo_temporal,49,0,,,0.04692411422729492,1.7094286520054391,0.5313568985176739
wo_temporal,49,1,,,0.038494110107421875,0.9155217720602903,0.6123147092360319
wo_temporal,49,2,,,0.0589299201965332,0.8161770462930705,0.6202964652223489
wo_temporal,49,3,,,0.05120563507080078,0.7671413442907679,0.637400228050171
wo_temporal,49,4,,,0.06032752990722656,0.7315689029230241,0.6419612314709237
wo_temporal,49,5,,,0.04599332809448242,0.7098612162992395,0.6396807297605474
wo_temporal,49,6,,,0.04531526565551758,0.6860921199686999,0.6054732041049031
wo_temporal,49,7,,,0.050826072692871094,0.6911302150093688,0.636259977194983
wo_temporal,49,8,,,0.05769777297973633,0.6870697574208855,0.6396807297605474
wo_temporal,49,9,,,0.06009817123413086,0.6634459137384644,0.6499429874572406
wo_temporal,49,10,,,0.05512809753417969,0.6839147606992935,0.6431014823261118
wo_temporal,49,11,,,0.05700206756591797,0.6701594202543286,0.6408209806157354
wo_temporal,49,12,,,0.0594635009765625,0.6402848686396809,0.6533637400228051
wo_temporal,49,13,,,0.05773115158081055,0.6258951812672272,0.629418472063854
wo_temporal,49,14,,,0.07149028778076172,0.6153410966879789,0.6043329532497149
wo_temporal,49,15,,,0.06078529357910156,0.6310466610682028,0.636259977194983
wo_temporal,49,16,,,0.0707545280456543,0.6295208444853023,0.6545039908779932
wo_temporal,49,17,,,0.0806131362915039,0.6151155821192247,0.6510832383124288
wo_temporal,49,18,,,0.07418107986450195,0.6198236195534009,0.661345496009122
wo_temporal,49,19,,,0.07553243637084961,0.6085918421312672,0.6522234891676169
wo_temporal,49,20,,,0.06396245956420898,0.6271447661375728,0.6545039908779932
wo_temporal,49,21,,,0.06636810302734375,0.6049134986614555,0.6556442417331813
wo_temporal,49,22,,,0.07093620300292969,0.5940190997523249,0.6020524515393386
wo_temporal,49,23,,,0.07173442840576172,0.6407148420781148,0.6476624857468644
wo_temporal,49,24,,,0.06561899185180664,0.5971017916957873,0.6465222348916762
wo_temporal,49,25,,,0.07733488082885742,0.5952244172547794,0.6659064994298746
wo_temporal,49,26,,,0.09368085861206055,0.5795066096017901,0.6647662485746865
wo_temporal,49,27,,,0.07604551315307617,0.5703043756830143,0.6716077537058153
wo_temporal,49,28,,,0.08124256134033203,0.5686101855384162,0.6704675028506272
wo_temporal,49,29,,,0.08448934555053711,0.566965819173481,0.661345496009122
wo_temporal,49,30,,,0.09709548950195312,0.5661564593985547,0.6054732041049031
wo_temporal,49,31,,,0.08768510818481445,0.5592939079428405,0.6351197263397947
wo_temporal,49,32,,,0.0835723876953125,0.5677270336132256,0.6784492588369442
wo_temporal,49,33,,,0.07392168045043945,0.5591312882683924,0.6624857468643102
wo_temporal,49,34,,,0.08855056762695312,0.5878650137972702,0.6818700114025086
wo_temporal,49,35,,,0.07960176467895508,0.567824450381983,0.6681870011402509
wo_temporal,49,36,,,0.07898855209350586,0.5812460643026459,0.6465222348916762
wo_temporal,49,37,,,0.1000370979309082,0.5890429259883216,0.6579247434435576
wo_temporal,49,38,,,0.08637714385986328,0.600174164441061,0.6624857468643102
wo_temporal,49,39,,,0.09727191925048828,0.577881384439615,0.6602052451539339
wo_temporal,49,40,,,0.09888219833374023,0.5660200487521242,0.6180159635119726
wo_temporal,49,41,,,0.09206533432006836,0.562108145752459,0.6636259977194983
wo_temporal,49,42,,,0.0905604362487793,0.5619137270591256,0.6636259977194983
wo_temporal,49,43,,,0.10670614242553711,0.565738058586669,0.661345496009122
wo_temporal,49,44,,,0.10283422470092773,0.5635790470867507,0.6681870011402509
wo_temporal,50,0,,,0.042389869689941406,1.682414901924417,0.5336374002280502
wo_temporal,50,1,,,0.040438175201416016,0.8983787857901063,0.5746864310148233
wo_temporal,50,2,,,0.04340553283691406,0.815652734404693,0.6191562143671607
wo_temporal,50,3,,,0.03745841979980469,0.763812839600729,0.6316989737742303
wo_temporal,50,4,,,0.04727888107299805,0.7054787769610774,0.6385404789053591
wo_temporal,50,5,,,0.047636985778808594,0.6853670357002973,0.5974914481185861
wo_temporal,50,6,,,0.03873443603515625,0.6957971951898869,0.6385404789053591
wo_temporal,50,7,,,0.035888671875,0.6773522836948067,0.6465222348916762
wo_temporal,50,8,,,0.0395512580871582,0.6789469603388157,0.6351197263397947
wo_temporal,50,9,,,0.042139530181884766,0.6386925802706017,0.6670467502850627
wo_temporal,50,10,,,0.052727699279785156,0.6488800180035177,0.6442417331812998
wo_temporal,50,11,,,0.0381474494934082,0.6652310555325207,0.6510832383124288
wo_temporal,50,12,,,0.04187631607055664,0.6701511767446758,0.6077537058152793
wo_temporal,50,13,,,0.039351463317871094,0.6490997545897635,0.6602052451539339
wo_temporal,50,14,,,0.04804801940917969,0.6347715453931347,0.637400228050171
wo_temporal,50,15,,,0.039137840270996094,0.6541021698527131,0.6590649942987458
wo_temporal,50,16,,,0.05548572540283203,0.6154694330237204,0.6510832383124288
wo_temporal,50,17,,,0.05488920211791992,0.6158707108631191,0.6545039908779932
wo_temporal,50,18,,,0.058043479919433594,0.5956713023845311,0.6624857468643102
wo_temporal,50,19,,,0.047564029693603516,0.5836298280147615,0.6510832383124288
wo_temporal,51,0,,,0.03771018981933594,1.699878179973816,0.5313568985176739
wo_temporal,51,1,,,0.03703594207763672,0.9187456657228106,0.548460661345496
wo_temporal,51,2,,,0.04990053176879883,0.8320542639532359,0.6066134549600912
wo_temporal,51,3,,,0.04083967208862305,0.7847033212488692,0.6465222348916762
wo_temporal,51,4,,,0.04380464553833008,0.7442630830234268,0.6442417331812998
wo_temporal,51,5,,,0.06040382385253906,0.7175990167560115,0.61345496009122
wo_temporal,51,6,,,0.058377742767333984,0.6969681120651692,0.6077537058152793
wo_temporal,51,7,,,0.05963563919067383,0.6909618653102151,0.6339794754846066
wo_temporal,51,8,,,0.05971527099609375,0.6929796249132435,0.6442417331812998
wo_temporal,51,9,,,0.05100107192993164,0.6649336613932635,0.6624857468643102
wo_temporal,51,10,,,0.05834197998046875,0.6434594610863885,0.6465222348916762
wo_temporal,51,11,,,0.06839275360107422,0.6428957577235166,0.6442417331812998
wo_temporal,51,12,,,0.0628209114074707,0.6263166169424015,0.6510832383124288
wo_temporal,51,13,,,0.05686473846435547,0.6343107776117017,0.6488027366020525
wo_temporal,51,14,,,0.07085561752319336,0.6351825181481622,0.6602052451539339
wo_temporal,51,15,,,0.07684993743896484,0.6240211028271402,0.6510832383124288
wo_temporal,51,16,,,0.0772104263305664,0.6020959960569174,0.6579247434435576
wo_temporal,51,17,,,0.08181524276733398,0.5821341111181128,0.6545039908779932
wo_temporal,51,18,,,0.07530927658081055,0.5804312620413558,0.6522234891676169
wo_temporal,51,19,,,0.06705856323242188,0.6170837064751553,0.6123147092360319
